tree
version=v4
num_class=1
num_tree_per_iteration=1
label_index=0
max_feature_idx=79
objective=binary sigmoid:1
feature_names=Column_0 Column_1 Column_2 Column_3 Column_4 Column_5 Column_6 Column_7 Column_8 Column_9 Column_10 Column_11 Column_12 Column_13 Column_14 Column_15 Column_16 Column_17 Column_18 Column_19 Column_20 Column_21 Column_22 Column_23 Column_24 Column_25 Column_26 Column_27 Column_28 Column_29 Column_30 Column_31 Column_32 Column_33 Column_34 Column_35 Column_36 Column_37 Column_38 Column_39 Column_40 Column_41 Column_42 Column_43 Column_44 Column_45 Column_46 Column_47 Column_48 Column_49 Column_50 Column_51 Column_52 Column_53 Column_54 Column_55 Column_56 Column_57 Column_58 Column_59 Column_60 Column_61 Column_62 Column_63 Column_64 Column_65 Column_66 Column_67 Column_68 Column_69 Column_70 Column_71 Column_72 Column_73 Column_74 Column_75 Column_76 Column_77 Column_78 Column_79
feature_infos=[-1.3784892559051514:8.6311054229736328] [-1.3381228446960449:9.5777463912963867] [-1.4858365058898926:3.7177309989929199] [-2.0966157913208008:1.9105895757675171] [-7.1546182632446289:1.0563374757766724] [-5.3128857612609863:1.4144077301025391] [-2.1592903137207031:1.9869451522827148] [-1.4067510366439819:11.329537391662598] [-2.1370241641998291:0.46793800592422485] [-0.5020291805267334:1.9919061660766602] [-0.6275794506072998:1.5934165716171265] [-2.0646884441375732:1.8601397275924683] [-2.0483319759368896:1.925089955329895] [-3.7034385204315186:3.3582742214202881] [-0.28950712084770203:3.4541194438934326] [-0.54869431257247925:1.8224996328353882] [-0.47026500105857849:2.1264495849609375] [-3.4944067001342773:3.2937970161437988] [-2.6925878524780273:1.7834382057189941] [-2.9445264339447021:2.1319069862365723] [-1.3095788955688477:11.548678398132324] [-0.36740955710411072:9.6087818145751953] [-1.8409862518310547:7.5414695739746094] [-2.3433458805084229:8.5291252136230469] [-1.5860996246337891:17.410388946533203] [-1.1381089687347412:11.426932334899902] [-0.30711925029754639:20.332023620605469] [-1.2707172632217407:11.549803733825684] [-0.35479035973548889:9.8328304290771484] [-1.8408453464508057:7.6334342956542969] [-2.3380570411682129:8.5687046051025391] [-1.5271310806274414:16.199108123779297] [-1.1021876335144043:11.223963737487793] [-0.2613222599029541:19.853164672851562] [-1.297844409942627:11.424039840698242] [-0.36450684070587158:9.6273670196533203] [-1.8342915773391724:7.5225896835327148] [-2.3339297771453857:8.4971027374267578] [-1.5733934640884399:17.097467422485352] [-1.1302540302276611:11.221302032470703] [-0.29738306999206543:20.030216217041016] [-1.0937423706054688:11.599285125732422] [-0.32485225796699524:17.705801010131836] [-0.27858075499534607:16.54279899597168] [-3.7684264183044434:1.1708571910858154] [-1.5677382946014404:0.63785862922668457] [-0.31066152453422546:3.2189147472381592] [-1.910589337348938:2.0966165065765381] [-1.0563372373580933:7.1546163558959961] [-6.7732295989990234:38.935195922851562] [-3.5282785892486572:2.0506348609924316] [-4.8990688323974609:0.91775977611541748] [-1.4359463453292847:2.2008442878723145] [-6.819523811340332:9.989537239074707] [-0.76661741733551025:3.1240010261535645] [-0.39500895142555237:19.438749313354492] [-0.018864244222640991:163.85310363769531] [-1.2373336553573608:12.067545890808105] [-1.4047150611877441:14.342216491699219] [-1.2103893756866455:21.225980758666992] [-0.44408547878265381:42.098861694335938] [-0.4732498824596405:60.924362182617188] [-0.950217604637146:8.9453134536743164] [-1.0148327350616455:6.6164989471435547] [-3.5677988529205322:1.6222344636917114] [-4.6598353385925293:0.89523857831954956] [-1.6491614580154419:1.8282797336578369] [-1.7516785860061646:7.0169177055358887] [-0.8184550404548645:20.394899368286133] [-0.9372704029083252:15.318108558654785] [-1.4701520204544067:11.586546897888184] [-0.44762036204338074:19.170509338378906] [-0.60070765018463135:4.1578183174133301] [-0.77573525905609131:53.537864685058594] [-14.325020790100098:22.729362487792969] [-28.323219299316406:65.186431884765625] [-17.927873611450195:131.2333984375] [-0.52507519721984863:18.866558074951172] [-0.64138311147689819:8.1860065460205078] [-0.9637836217880249:7.2580552101135254]
tree_sizes=6814 6859 6868 6872 6880 6918 6923 6924 6934 6941 6954 6957 6961 6970 6969 6963 6970 6970 6993 6966 7005 6976 6976 6970 6977 7004 7004 6985 6997 6977 7004 6986 6999 6992 7014 6984 6989 7002 7018 6993 7026 7015 7003 6991 7015 7028 7049 7021 7001 7017 7023 7022 7008 7020 7020 7039 7035 7001 7013 7012 7001 7054 7014 7026 7035 7044 7040 7029 7055 7006 7036 7039 7021 7036 7015 7026 7040 7036 7030 7045 7028 7023 7024 7037 7055 7029 6994 7002 7005 7021 7001 7022 7049 6999 7029 7017 6977 7033 7014 7000 7006 7026 7013 7014 7034 7030 6998 7037 7003 7064

Tree=0
num_leaves=64
num_cat=0
split_feature=18 19 19 18 19 19 18 4 49 19 75 49 49 75 50 64 72 67 6 18 60 65 26 5 49 77 49 67 4 18 3 66 6 51 7 7 53 77 38 18 18 14 62 76 4 64 19 77 50 50 61 61 4 7 76 58 2 72 75 50 62 4 49
split_gain=12993.3 5016.07 4476.2 2012.38 1205.65 1184.29 885.68 854.964 736.201 665.389 612.988 565.499 503.702 416.152 408.956 393.389 386.535 489.675 398.231 379.133 360.615 348.122 346.603 344.521 330.179 326.56 324.568 437.837 351.092 304.29 295.046 284.344 283.834 283.763 283.179 282.681 334.724 276.424 275.375 263.898 261.015 256.704 254.23 247.008 306.465 243.932 241.246 238.999 238.285 234.892 353.656 222.472 242.23 221.236 219.646 219.551 262.887 234.589 246.915 244.369 224.479 304.723 218.777
threshold=-0.25342804193496699 -1.0199004411697385 0.12058146670460702 0.51286146044731151 -1.1645323634147642 0.18205998837947848 -1.7811850905418394 0.31885597109794622 0.12175295501947404 -1.9692807793617246 -0.14888558536767957 0.27978062629699713 -0.036343717947602265 -0.27952921390533442 1.0000000180025095e-35 0.13118188083171847 0.70908862352371227 1.0921326875686648 -0.67206087708473194 -1.3991232514381406 -0.13772847503423688 0.10804763436317445 -0.19876377284526822 -0.2674157172441482 -0.036311358213424676 -0.28468306362628931 0.12175295501947404 0.72648310661315929 -0.077185895293951021 -0.71366465091705311 -0.69873487949371327 0.54508012533187877 1.6860567331314089 0.75546205043792736 -0.357056975364685 -0.21709776669740674 -0.41968941688537592 -0.44494448602199549 -0.14040490239858625 0.25639039278030401 -0.95223531126976002 1.0000000180025095e-35 0.29633291065692907 0.02112945914268494 0.68630784749984752 1.0455887913703921 1.0547562241554262 -0.12442163750529288 0.44690388441085821 0.35403130948543554 0.84571650624275219 -0.033627213910222047 0.053109535947442062 -0.077138562221080051 0.08807742223143579 -0.58727657794952381 -0.068001747131347642 0.68265238404273998 -0.47271114587783808 -0.87075883150100697 0.10768210887908937 0.86956509947776806 1.7552981376647951
decision_type=2 2 2 2 2 2 2 2 2 2 2 2 2 2 2 2 2 2 2 2 2 2 2 2 2 2 2 2 2 2 2 2 2 2 2 2 2 2 2 2 2 2 2 2 2 2 2 2 2 2 2 2 2 2 2 2 2 2 2 2 2 2 2
left_child=2 9 4 5 40 26 -6 16 19 21 51 32 34 -9 37 42 17 46 -18 53 62 39 24 33 35 45 27 31 -29 -22 -17 47 -7 -13 -12 -15 -37 -14 -33 -2 -1 -36 -11 44 -25 -19 -5 -3 -49 50 -20 -8 -53 -4 -42 56 -28 58 -57 -60 -61 -62 -10
right_child=1 3 8 7 6 11 10 13 20 15 12 23 14 22 -16 30 18 25 49 -21 29 -23 -24 43 -26 -27 55 28 -30 -31 -32 38 -34 -35 41 36 -38 -39 -40 -41 54 -43 -44 -45 -46 -47 -48 48 -50 -51 -52 52 -54 -55 -56 57 -58 -59 59 60 61 -63 -64
leaf_value=-1.9299336530672089 -2.0031594873827903 -2.3447634851263404 -2.1430620822759745 -2.3659673645689603 -1.9778229472044166 -2.348155491456152 -1.9808037616658303 -2.1354303453024133 -2.123073860592342 -2.1670049135359561 -2.4050165099746983 -2.3633026384801314 -2.383631461149506 -2.4671807893197348 -2.0446296742941743 -2.2342321840985093 -2.3822183861836779 -2.4210969601187915 -2.3301888432700246 -2.3002858350899493 -2.176417722314075 -1.9883262916382056 -2.3738526497457375 -2.3849909698794298 -2.1943546910290093 -2.1561472871016201 -2.0163352060297726 -2.3482140530513274 -2.0492727266051292 -2.4481588865787276 -2.0761160254626096 -2.1468099416614295 -2.1268972172948772 -2.0278895468775469 -2.1889450318553982 -2.4924171914417581 -2.2400673705416874 -2.1162954428758112 -2.4323390520193668 -2.2681212416024068 -2.0950278389221011 -2.0219936578762434 -2.333067838521889 -2.1063275665821224 -2.0528048207630589 -2.1323868965045927 -2.4532776101823064 -2.1603492710389216 -2.4341830723060429 -2.0982690338338879 -2.0096297607921607 -2.3560227443674702 -2.0542693211778005 -2.3642480486184043 -1.967620809074313 -2.0242983338659539 -2.2269784453453809 -2.0716878777898464 -2.4918473631876012 -2.1569827446263954 -2.4334463421866142 -2.0291333863244461 -1.9913654746656919
leaf_weight=358.00040459632874 16.272144377231598 73.285244539380074 83.375079199671745 364.91870613396168 301.21948094666004 205.43858470022678 157.58768065273762 62.372144013643265 139.25078697502613 84.233210161328316 12.91293942928314 44.041864484548569 15.60442905128002 22.402267754077911 229.85212530195713 35.312404349446297 51.571824669837952 31.731729984283447 45.619897112250328 151.44001342356205 50.557134687900543 157.66761370003223 71.968647852540016 21.101197957992557 134.14426632225513 42.40884268283844 70.800705924630165 11.765625819563864 63.153649002313614 12.879082813858984 200.50056125223637 92.5507852435112 15.546132802963255 7.2901610434055319 143.05853642523289 15.059920370578764 99.52681976556778 25.749252885580063 9.3355721384286863 22.82076695561409 51.713865280151367 27.871794193983078 32.122482478618622 73.965683922171593 10.310799837112425 9.4310320764780027 100.85793486237526 46.389182284474373 9.6308646947145444 31.824387088418007 10.566125869750975 8.2620816677808744 36.456915125250816 13.242088600993155 110.02013097703457 17.010375767946243 19.277256280183792 52.922782212495804 8.194368436932562 62.968839034438133 19.114083111286167 6.0751342028379431 42.150713816285133
leaf_count=1168 74 794 596 4096 1246 2239 660 437 945 639 154 492 180 293 1231 311 594 388 482 1518 392 682 818 244 1085 313 342 128 343 164 1189 668 106 36 1143 204 888 171 116 215 324 137 341 479 56 65 1293 346 120 201 49 91 201 148 434 84 167 309 111 466 238 30 184
internal_value=-2.15587 -2.22966 -2.05919 -2.26587 -2.01567 -2.21221 -2.04907 -2.31199 -2.18979 -2.09552 -2.08179 -2.28079 -2.11421 -2.25437 -2.07075 -2.13692 -2.34593 -2.36485 -2.27161 -2.25069 -2.12821 -2.02163 -2.27609 -2.20812 -2.25019 -2.25344 -2.1662 -2.20122 -2.09597 -2.23159 -2.09968 -2.23549 -2.33243 -2.31486 -2.17852 -2.30504 -2.27329 -2.21668 -2.17289 -2.15688 -1.95416 -2.16147 -2.21268 -2.15633 -2.27492 -2.35425 -2.38488 -2.28501 -2.20725 -2.20699 -2.26916 -2.00907 -2.1096 -2.17322 -2.00809 -2.1245 -2.06107 -2.15909 -2.20023 -2.23174 -2.20747 -2.3345 -2.09221
internal_weight=4554.71 2583.5 1971.2 2034.57 1478.31 940.169 958.575 1094.4 492.895 548.929 657.356 377.694 455.049 405.474 271.206 352.169 688.93 549.348 139.582 248.057 244.838 196.761 343.102 156.71 271.133 83.5716 562.474 306.111 74.9193 63.4362 235.813 231.192 220.985 51.332 183.843 136.989 114.587 41.3537 101.886 39.0929 519.734 170.93 116.356 105.378 31.412 41.1628 465.777 129.305 56.02 88.0104 56.186 202.307 44.719 96.6172 161.734 256.364 90.078 166.286 113.363 96.3524 88.1581 25.1892 181.402
internal_count=33658 22571 11087 19120 7140 7914 5214 11206 3947 3451 3968 3652 3016 3725 1582 2480 7481 6155 1326 2262 1685 971 3288 1307 2470 766 4262 2515 471 556 1500 2044 2345 528 1434 1385 1092 351 784 289 1926 1280 980 779 300 453 5389 1260 466 732 531 952 292 744 758 1747 509 1238 929 845 734 268 1129
is_linear=0
shrinkage=1


Tree=1
num_leaves=64
num_cat=0
split_feature=18 17 17 3 17 18 75 54 72 48 53 67 64 18 48 67 49 64 4 18 67 59 54 49 75 18 71 49 62 52 64 61 6 2 60 2 74 18 7 3 76 51 0 50 63 18 50 5 61 0 54 50 51 6 4 75 51 49 62 2 1 44 54
split_gain=5208.43 1582.15 1155.81 1037.43 834.414 733.762 685.072 525.712 508.185 400.788 396.645 411.158 370.971 359.058 350.723 333.738 324.294 312.237 302.878 299.066 289.382 314.535 260.325 248.304 253.159 243.365 242.123 228.389 227.811 223.269 229.048 221.414 217.763 211.271 204.568 202.865 198.935 276.274 197.932 233.492 190.419 189.094 184.562 234.951 195.079 182.77 182.747 202.105 181.83 178.063 175.37 196.997 192.509 175.278 174.513 174.055 180.491 179.978 170.266 223.536 187.924 169.963 230.591
threshold=0.29796622693538671 0.20051464438438418 -1.632750868797302 -0.8038988709449767 0.15028762072324756 -1.3483842611312864 -0.2769611775875091 -0.41186836361885065 0.90767666697502147 -0.12716230750083921 -0.3335385769605636 0.44723625481128698 0.13118188083171847 1.0804717540740969 -0.28604772686958307 0.38191941380500799 0.39577491581439977 0.66092702746391307 -0.10390114784240721 0.65684133768081676 -0.32927994430065149 -0.90690460801124562 -0.31352096796035761 0.12175295501947404 -0.52519148588180531 -0.012592978775501249 0.39315669983625418 0.12175295501947404 -0.11924829334020613 1.6275663375854494 1.304504990577698 0.12714795023202899 -1.1030363440513609 -0.10925242677330969 -0.21463581919670102 -1.052758455276489 0.75128042697906505 0.56232470273971569 -0.21709776669740674 0.96514242887496959 0.44725821912288671 -0.26014307141304011 1.6709057092666628 -0.76360636949539173 1.204449534416199 0.12217392399907114 -0.79695543646812428 -0.018592575564980503 -0.095516793429851518 -0.37394209206104273 -0.34420444071292872 -0.73104673624038685 -1.2518516182899473 0.61689338088035595 -0.089371800422668443 -0.14646895974874494 0.49259956181049352 0.49063710868358618 -0.3886530846357345 -0.150286890566349 0.12847933545708659 0.41101412475109106 0.10809056088328363
decision_type=2 2 2 2 2 2 2 2 2 2 2 2 2 2 2 2 2 2 2 2 2 2 2 2 2 2 2 2 2 2 2 2 2 2 2 2 2 2 2 2 2 2 2 2 2 2 2 2 2 2 2 2 2 2 2 2 2 2 2 2 2 2 2
left_child=1 3 -2 10 6 27 12 19 9 31 16 25 18 14 38 22 -1 36 -4 -8 21 -11 -3 29 -25 32 49 54 58 30 -6 55 -12 -20 -34 53 37 -16 39 -9 -35 -33 43 -40 -45 -17 47 -10 -14 -19 52 -52 -22 -15 -5 -7 57 -57 59 60 -26 62 -60
right_child=2 15 4 5 23 8 7 13 46 20 11 -13 48 35 17 45 -18 26 33 -21 50 -23 -24 24 28 -27 -28 -29 -30 -31 -32 41 34 40 -36 -37 -38 -39 42 -41 -42 -43 -44 44 -46 -47 -48 -49 -50 -51 51 -53 -54 -55 -56 56 -58 -59 61 -61 -62 -63 -64
leaf_value=0.07884051127177967 0.26829269030110048 0.076938137899863895 0.034315916991748824 0.20825595741345049 0.018688835562412805 0.30311725039554127 0.14082018263721396 0.02402674861799424 0.00015567822874219749 0.26785033062823105 0.050972799290090902 0.28113406558038284 0.3232376309260665 0.075059733017083907 0.16487102019827365 0.23148609019530883 0.22122117624982929 0.058338329560323449 0.28272812375101519 0.036024479718651907 0.27670514025952259 0.09175820749373681 0.17898146361505973 0.27844098607536966 -0.00012922071142866865 0.059444708310718269 0.30271301730924155 0.3283019564765508 0.021328888669084653 0.2033773833044526 0.28432201207400293 0.021710104673619321 0.25303640662103905 0.0076623858879032161 0.13453642239304994 0.069270440026786714 0.23091738550099367 0.059106017528391258 0.038610366623000783 0.23677540258864621 0.23939747521431146 0.21402030346233497 0.34433214801046808 0.2361970134492038 0.034027423285428841 0.051786972646091771 0.30685467944089462 0.25980210252112707 0.18616105726651436 0.20552503680285994 0.015291278619566397 0.27100684437760919 0.10228142980748217 0.38004509531607372 0.29414522994052489 0.19230294189932176 0.28302823842502151 0.27071582325365373 -0.054235300899953237 -0.054627077619807764 0.2665773452540347 0.29232754307340997 0.29819991358156511
leaf_weight=102.1663014665246 185.60221993923187 146.60997651517391 31.924508780241013 73.471179611980915 217.31884294748306 213.46212176978588 116.79225175827742 28.76232997328043 10.155234985053537 33.520197972655296 21.316363908350468 188.36112611740828 98.164475820958614 8.7234965711832064 98.747539177536964 141.26972284913063 65.997547209262848 30.167150348424911 49.001921474933624 163.68360355496407 24.022622875869274 104.80679150670767 109.56784078478813 22.201176457107067 10.447882018983366 34.796324498951435 43.056583240628242 569.61933526396751 59.727243274450302 19.816604718565941 8.3355240896344167 14.756717875599859 133.22676353901625 18.094020880758762 50.963676162064075 142.7017517387867 31.937588922679424 165.64263862371445 18.189766734838486 23.40479776263237 17.379558123648167 99.62124178558588 29.983967751264572 227.58288963884115 12.692246340215204 15.879654780030249 432.16358844190836 28.928688988089561 33.053853832185268 65.779864296317101 8.0051210522651655 143.57087453454733 47.046503163874149 10.425211004912851 342.80807500332594 184.67065408825874 229.56667567789555 124.33548259735107 10.760371990501882 18.751825392246246 17.681715801358223 27.883889950811863 8.0037747994065267
leaf_count=891 964 1236 330 372 2331 752 964 293 101 160 182 753 396 88 746 706 352 294 240 1756 115 876 679 114 109 323 192 1385 618 129 45 148 592 189 349 1394 212 1692 179 132 99 562 113 1290 121 142 1524 138 215 451 81 667 384 35 1113 1185 933 540 128 223 93 128 40
internal_value=0.212669 0.24826 0.149205 0.259878 0.137475 0.273149 0.155297 0.139853 0.253167 0.236144 0.200142 0.225708 0.23117 0.157824 0.171966 0.155974 0.134847 0.142126 0.16584 0.0797147 0.191688 0.134629 0.120655 0.0753747 0.120801 0.182142 0.204019 0.307542 0.0977659 0.0428483 0.0286449 0.254636 0.202854 0.215387 0.220367 0.0899305 0.113017 0.0986747 0.210035 0.119843 0.121691 0.189293 0.226282 0.21244 0.225557 0.213404 0.297435 0.192638 0.288914 0.159408 0.227039 0.257554 0.161616 0.242476 0.279052 0.26454 0.249188 0.223948 0.14645 0.0787337 0.167691 0.214084 0.0966134
internal_weight=5767.11 3694.69 2072.42 3281.36 1886.82 2684.53 1465.89 1218.27 1698.63 1227.39 596.828 428.664 247.618 937.798 775.947 413.327 168.164 435.331 116.4 280.476 360.972 138.327 256.178 420.929 175.458 240.303 139.004 985.899 153.257 245.471 225.654 866.413 205.507 84.4755 184.19 161.85 296.328 264.39 340.616 52.1671 35.4736 114.378 288.449 258.465 240.275 157.149 471.248 39.0839 131.218 95.947 222.645 151.576 71.0691 19.1487 416.279 752.035 538.573 309.006 93.5295 46.8814 28.1296 46.648 18.7641
internal_count=33584 17241 16343 14478 15379 11036 11421 9952 8166 6403 3442 2199 1469 7232 5715 2763 1243 3587 858 2720 2283 1036 1915 3958 1453 1446 937 2870 1339 2505 2376 4120 1123 528 941 1517 2650 2438 2128 425 288 710 1703 1590 1411 848 1763 239 611 745 1247 748 499 123 1485 3410 2658 1725 721 425 202 296 168
is_linear=0
shrinkage=0.05


Tree=2
num_leaves=64
num_cat=0
split_feature=19 18 18 19 17 49 72 18 19 75 76 18 17 75 17 4 2 2 73 17 5 17 42 63 79 55 68 33 55 8 72 78 70 67 64 55 73 29 67 27 54 61 39 50 19 65 45 3 6 0 63 44 33 73 76 0 75 58 73 48 0 0 4
split_gain=3518.69 1582.3 879.011 542.718 538.657 538.179 516.052 496.077 375.21 330.338 316.28 310.407 305.492 284.113 275.281 271.044 269.267 249.525 238.77 235.044 229.174 220.448 216.637 215.642 212.401 212.346 264.287 202.333 201.572 247.333 198.12 192.374 223.013 207.277 184.953 182.111 181.751 175.647 185.736 194.89 173.019 181.158 172.511 168.754 168.695 167.086 165.874 219.279 216.51 167.148 165.472 164.015 162.8 161.565 159.706 158.645 157.491 157.417 156.129 173.649 155.064 152.176 156.031
threshold=0.18205998837947848 0.19629719853401187 0.56232470273971569 -1.4187666177749632 1.5281847119331362 0.12175295501947404 1.3306939005851748 0.85009101033210765 -1.1909825801849363 -0.40220221877098078 0.67892196774482738 -1.3483842611312864 -1.6876285076141355 -0.11185831949114798 0.38830040395259863 0.60100650787353527 0.35066583752632147 -0.78482699394226063 -0.49971276521682734 -2.230229258537292 -0.050049714744091027 -1.5757770538330076 5.3097267150878915 0.95288342237472545 -0.34014572203159327 -0.24687916040420529 -0.79781949520111073 -0.1356067359447479 -0.08553490042686461 1.0000000180025095e-35 0.68265238404273998 -0.31342741847038263 -0.74477985501289357 1.0453410744667055 0.88533237576484691 0.59668883681297313 -0.50892907381057728 1.0000000180025095e-35 1.7212536931037905 0.78313016891479503 -0.50597962737083424 0.47142721712589269 -0.2168563976883888 -0.8880348503589629 -2.0754679441452022 -2.9188776016235347 1.0000000180025095e-35 0.76304465532302868 -0.27418646216392512 -0.74462327361106861 -0.12788992375135419 0.21057593077421191 0.071572467684745802 0.32523858547210699 -0.51184946298599232 -1.1307124495506284 -0.38578075170516962 -0.091120962053537355 -0.47851778566837305 -0.3071387112140655 0.31883995234966284 -0.81609627604484547 0.54007700085639965
decision_type=2 2 2 2 2 2 2 2 2 2 2 2 2 2 2 2 2 2 2 2 2 2 2 2 2 2 2 2 2 2 2 2 2 2 2 2 2 2 2 2 2 2 2 2 2 2 2 2 2 2 2 2 2 2 2 2 2 2 2 2 2 2 2
left_child=1 3 5 -1 11 13 7 8 23 50 15 55 -4 17 18 34 20 -2 61 -13 42 -20 25 -3 28 46 -27 51 29 -15 -6 32 -21 -34 37 -33 -36 38 39 -9 -22 54 -7 -23 -8 -16 -14 48 -48 -49 -10 -19 -37 -30 -42 -5 -18 -51 -31 -60 -26 62 -11
right_child=2 6 12 4 30 16 44 10 9 14 -12 19 22 24 45 -17 56 27 21 31 40 43 -24 -25 60 26 -28 -29 53 58 -32 35 33 -35 36 52 -38 -39 -40 -41 41 -43 -44 -45 -46 -47 47 49 -50 57 -52 -53 -54 -55 -56 -57 -58 -59 59 -61 -62 -63 -64
leaf_value=0.24540256253417653 0.019097593795566314 0.22110257328602889 0.20018348920876919 0.11318005841510931 -0.013236185051906336 0.043356020776696896 0.27112205779549509 0.032629430055281343 0.2599025011201877 -0.055024454359551667 0.25591736695431855 0.25911410737523416 0.01432642229939116 0.022659583445979126 0.28246219995805305 0.14381526448700505 0.23448466839612531 0.13369283828125433 0.21486413835615648 0.2017366102799199 0.27317798898064666 -0.013109817093879116 0.36127881938670514 0.022119896431772704 -0.0084283085959763401 0.29966796185450734 0.0092055691442642328 -0.011940698069272289 -0.02041145958902927 0.23347578681402437 0.1728396962519739 0.2079457368880446 0.12143715495637253 0.21049526554504994 0.2853780168126942 -0.056676505652487379 0.085953812834258125 -0.044191639363917852 0.22052816351624221 0.32172618511886664 0.077395582260098697 0.034830333838332478 0.15982761640736254 0.11702493952721496 0.1886846439030756 0.023582151782992104 0.12722512191205529 0.34110494191789575 -0.0064880984852889144 -0.054164433820827695 0.08309529811177567 0.24044022434956461 0.23320400885265596 0.1501320900716753 0.21032333087973631 0.23128941668254735 0.047864811247202169 0.25107474914652134 0.17222887816799215 0.042144949821595591 0.10224024711548269 0.2340605483127873 0.20417224700077963
leaf_weight=925.35449305921793 30.308480732142925 256.77829170972109 35.583759285509586 29.895568884909153 39.461589001119137 39.881018824875355 81.612676441669464 149.04711141437292 75.729132920503616 10.288771823048593 29.254252895712852 110.07266365736723 65.783541157841682 43.641649879515171 6.6738895699381819 137.08723895251751 13.621072523295878 66.24528818577528 54.654130429029465 236.21372957527637 72.640920050442219 27.095419071614742 5.3998714908957473 14.462078899145125 96.490776054561138 7.9561497420072547 283.6465400159359 13.116874225437639 48.367442212998867 47.340978413820267 22.289622962474823 583.51686680316925 313.68516077846289 83.093429900705814 14.988607130944727 12.491765402257444 48.314671508967876 51.412308573722839 16.423704072833061 5.9749981313943854 25.433099023997784 18.664401181042194 160.97218502312899 297.13520990312099 274.94461010396481 79.435189954936504 84.565886028110981 15.777843348681925 47.001841031014919 7.6138409227132788 16.284892648458481 80.929978132247925 7.7633054926991454 19.350652039051056 224.48146359622478 842.56164325028658 65.472845152020454 9.2438937872648257 70.094123020768166 40.743058018386364 46.94368739426136 90.501188769936562 13.055774845182894
leaf_count=1964 268 951 176 144 344 308 179 1412 246 109 133 292 697 403 30 859 45 447 230 958 203 283 19 122 939 33 2957 127 475 227 105 2111 1797 293 58 113 389 575 75 25 174 150 872 2059 1347 775 691 57 507 87 117 364 22 130 902 2083 498 52 422 356 354 396 58
internal_value=0.170465 0.192151 0.110302 0.213037 0.199894 0.13407 0.153897 0.14014 0.160821 0.14069 0.097045 0.203948 0.0585342 0.100395 0.12664 0.0859944 0.166762 0.150921 0.141058 0.188827 0.179348 0.121884 0.048924 0.210524 0.077032 0.0456121 0.0172478 0.175788 0.103191 0.128235 0.0540195 0.182547 0.163168 0.140149 0.0582369 0.202826 0.133627 0.0367495 0.0610625 0.0440045 0.204356 0.185628 0.136759 0.106134 0.207639 0.044009 0.0815306 0.108399 0.0794502 0.22435 0.228789 0.192549 0.0547823 0.0283977 0.196852 0.227261 0.080322 0.113411 0.1573 0.124537 0.0278028 0.204664 0.0899743
internal_weight=6744.87 4957.55 1787.31 3206.4 2281.05 1224.74 1751.15 1394.6 942.094 670.854 452.503 2219.29 562.573 603.573 578.84 423.249 621.167 190.601 492.73 1346.84 542.073 378.885 526.989 271.24 412.972 521.59 291.603 160.292 269.538 201.82 61.7512 1236.76 632.992 396.779 286.161 603.772 63.3033 222.858 171.446 155.022 341.22 268.579 200.853 324.231 356.557 86.1091 229.987 164.203 131.568 32.6356 92.014 147.175 20.2551 67.7181 249.915 872.457 79.0939 16.8577 158.178 110.837 143.434 113.846 23.3445
internal_count=33594 20654 12940 10226 8262 7664 10428 8902 5376 4303 3526 7813 5276 4512 3940 3393 3152 1206 3135 5586 2609 2572 5100 1073 3306 5081 2990 938 2013 1408 449 5294 3048 2090 2534 2246 447 2087 1512 1437 1429 1226 1180 2342 1526 805 2091 1394 1198 196 363 811 135 605 1076 2227 543 139 1005 778 1293 563 167
is_linear=0
shrinkage=0.05


Tree=3
num_leaves=64
num_cat=0
split_feature=19 18 18 19 49 17 4 47 78 64 17 65 51 17 78 17 44 67 3 19 75 22 3 22 43 54 18 76 76 17 61 40 75 72 62 0 55 13 78 66 18 18 5 78 60 64 51 58 55 79 64 17 48 67 66 18 6 59 12 4 4 7 3
split_gain=2278.08 1293.16 577.212 495.843 417.873 356.123 342.248 293.201 285.737 246.74 232.821 203.554 228.362 193.331 192.078 206.475 206.659 204.415 181.731 177.717 176.205 177.056 173.908 171.383 169.713 162.145 160.537 177.82 159.14 150.303 145.136 143.527 143.289 141.608 158.676 140.699 157.63 156.981 175.388 138.041 137.74 135.942 169.603 163.38 141.016 135.713 140.192 135.422 132.839 155.58 125.643 123.897 122.279 183.321 122.278 156.583 121.401 129.689 121.05 122.188 119.105 117.768 117.037
threshold=0.3042141348123551 -0.28628635406494135 0.57629173994064342 -1.3862280845642088 -0.28925880789756769 0.011979553382843735 0.083574295043945326 0.32483154535293585 -0.33110482990741724 0.9081651270389558 0.022248046472668651 -2.5647844076156612 -1.2518516182899473 -1.6876285076141355 0.20556258410215381 -0.98045760393142689 0.74386304616928112 1.0103666782379153 -0.8489364981651305 -1.5292041301727293 -0.12339419871568678 -0.13478669151663777 -0.98999342322349537 -0.26754845678806299 1.0000000180025095e-35 -0.35256224870681757 0.73258858919143688 -0.3516585081815719 0.37388055026531225 0.87157329916954052 -0.17805133014917371 -0.25367873907089228 -0.066716369241476045 1.4255876541137698 -0.29910214245319361 -0.87266734242439259 -0.20633438229560849 -0.17258223891258237 -0.4801489114761352 1.123859763145447 -1.3203406333923338 -0.77902016043663014 -0.31049217283725733 -0.47740526497364039 -0.23743266612291333 -0.55725052952766407 0.80723801255226146 -0.88084477186202992 -0.24687916040420529 2.3834972381591801 -0.40591906011104578 0.25311003625392919 1.5062171816825869 0.66282227635383617 0.82613360881805431 -1.1157022118568418 0.92936709523201 0.79988306760787975 -1.0549764856696127 0.70693013072013866 0.86065998673439037 1.6023719906806948 0.013636892661452295
decision_type=2 2 2 2 2 2 2 2 2 2 2 2 2 2 2 2 2 2 2 2 2 2 2 2 2 2 2 2 2 2 2 2 2 2 2 2 2 2 2 2 2 2 2 2 2 2 2 2 2 2 2 2 2 2 2 2 2 2 2 2 2 2 2
left_child=1 10 5 45 6 7 51 30 11 18 19 -6 -13 -4 15 -8 17 -17 28 -1 21 54 -21 50 48 -16 -26 -28 -10 58 -2 -32 -22 34 39 -33 -37 38 -38 -14 -12 42 -7 -44 -43 46 -3 -46 49 -15 -18 -5 -24 -54 55 -9 57 -57 59 -20 -39 -36 -31
right_child=2 3 13 4 8 41 14 20 9 -11 40 12 33 24 25 16 23 -19 29 22 32 -23 52 -25 26 -27 27 -29 -30 62 31 35 -34 -35 61 36 37 60 -40 -41 -42 44 43 -45 47 -47 -48 -49 -50 -51 -52 -53 53 -55 -56 56 -58 -59 -60 -61 -62 -63 -64
leaf_value=0.20756586888894249 0.16249422131649352 0.076675206964847933 0.16136142893295433 0.061211880487458903 0.21969652596380174 -0.024955619348124961 0.16525340437265518 0.20175467656722992 0.024063578991784719 0.23384756980289934 0.17554149554793122 -0.034481233298356458 0.029829960208444452 0.051763707195060786 0.076133296231674419 0.017818463086028559 -0.002376424033509118 0.1304763496503788 0.01530713848984919 0.13911972365074318 -0.056402945207875976 -0.056048405075990765 0.18654824604272788 -0.00041337705676572654 0.26048566989792088 0.18411777904695989 0.23627717249979133 -0.025408105805884235 0.1537991040374716 0.13044086868903412 0.021426042114312111 0.015126371075464225 0.077670720108026128 0.16699721004041304 0.1179095756698838 0.1860932795629221 -0.010406943253946737 -0.056363160207460843 0.2111610545995547 0.11770204697938982 0.10536421389315545 -0.056185218877210619 0.016461469847186671 0.2113981268423395 0.20413525131038168 0.17895306076024642 0.22128406920752514 0.029672062888689971 0.0078338046632234499 0.24062033227210425 0.17949882740892356 -0.030668531479416235 0.021257940664087344 0.20590135123721687 0.25914278686083597 -0.034867744717470207 0.22408326277723131 0.15631718005755621 0.18042494730988437 0.19529236335301842 0.17530205483362907 0.24111587799685036 -0.056039269031251941
leaf_weight=730.66254467517138 419.94604637473822 67.585090093314648 36.434646144509315 183.93776658177376 45.242472022771835 17.924089848995209 84.403642863035202 41.661128811538219 48.992659755051136 105.60949809104204 133.46631836146116 26.212240993976593 104.88106910139322 191.50767631828785 46.837223030626774 153.36465829610825 10.632965289056299 54.589019350707531 23.598406128585339 247.58088857680559 21.601121686398983 10.58208607137203 1681.5538989007473 20.371586695313454 16.140845976769924 139.2243876978755 9.7086742818355578 19.067550659179688 45.846963226795197 24.302066124975681 36.235972598195076 23.652032896876335 241.96997646987438 111.48882202804089 283.96107547730207 100.78632617741823 12.332620970904825 22.44535950571299 31.805287539958954 78.171454824507236 149.62182162702084 40.924268759787083 15.407691463828085 36.030909828841686 13.060763195157049 632.79542545229197 22.379179954528809 72.960508078336716 244.11755350232124 11.495254904031752 84.46574105322361 45.681393072009087 28.263313978910446 25.697414301335812 23.386905789375305 26.072699308395386 10.051248267292975 13.30451003462076 380.86298060417175 15.7014312595129 7.2589467391371718 20.934285961091518 12.726829811930655
leaf_count=1068 1803 387 157 1360 156 153 351 132 374 282 379 254 798 1724 289 1288 94 285 192 940 209 101 4093 179 60 538 54 200 216 142 282 188 1676 429 1684 415 104 218 112 428 723 417 118 125 61 1878 62 618 2520 61 396 476 173 56 64 234 33 69 1458 55 29 59 125
internal_value=0.14388 0.158864 0.0941041 0.134888 0.122832 0.112764 0.0948047 0.124395 0.140193 0.163653 0.181857 0.117168 0.109712 0.0503202 0.114852 0.0955687 0.0773223 0.0474643 0.150174 0.18637 0.0899172 0.13883 0.178548 0.130963 0.0420565 0.157017 0.134639 0.06322 0.0869284 0.163261 0.144844 0.11316 0.0666464 0.11603 0.104343 0.12988 0.145376 0.0895575 0.149256 0.0674263 0.138518 0.050904 0.107158 0.15325 0.0200674 0.170756 0.112909 0.0564255 0.0327166 0.0625957 0.15913 0.0429056 0.184162 0.1095 0.156921 0.130366 0.0698083 0.0298342 0.171783 0.0876565 0.000480158 0.126462 0.0662347
internal_weight=7639.52 5871.65 1767.87 2874.8 2152.04 1239.4 823.508 1043.09 1328.53 657.641 2996.85 670.891 625.649 528.472 593.889 407.828 323.424 207.954 552.031 2713.76 388.63 125.059 1983.1 115.47 492.038 186.062 44.9171 28.7762 94.8396 457.192 654.463 234.517 263.571 599.437 487.948 198.281 174.629 73.8422 44.1379 183.053 283.088 196.308 69.3627 51.4386 126.946 722.76 89.9643 86.0213 447.12 203.003 95.0987 229.619 1735.51 53.9607 114.476 91.0896 49.4285 39.3772 420.163 39.2998 29.7043 304.895 37.0289
internal_count=33604 21667 11937 14235 11908 7161 5256 5669 6652 2844 7432 3808 3652 4776 3420 2593 2242 1573 2562 6330 2518 633 5262 669 4619 827 314 254 590 1972 3151 1348 1885 3398 2969 1066 878 463 216 1226 1102 1492 396 243 1096 2327 449 679 4305 1785 490 1836 4322 229 532 468 336 303 1705 247 247 1743 267
is_linear=0
shrinkage=0.05


Tree=4
num_leaves=64
num_cat=0
split_feature=18 66 17 4 78 72 51 78 78 17 18 1 0 18 49 51 64 55 79 65 52 29 68 67 7 6 50 66 79 6 6 65 47 0 26 18 18 5 4 63 45 18 3 6 65 79 67 63 3 54 7 26 69 52 78 49 75 47 50 63 66 27 79
split_gain=1545.97 488.886 487.656 411.533 383.15 267.935 261.818 256.236 226.225 204.746 201.617 166.028 164.51 154.903 153.106 173.605 199.154 162.243 159.022 195.22 151.393 148.919 137.862 134.34 198.831 146.959 142.212 133.721 129.387 128.772 134.643 126.521 125.799 123.765 123.586 123.378 122.575 122.79 181.613 115.032 112.694 110.308 109.172 108.494 108.06 139.894 106.069 111.87 117.488 105.11 104.802 102.483 100.492 107.39 116.625 99.9547 124.783 113.602 106.223 116.289 108.709 99.8261 98.0459
threshold=0.36191967129707342 0.77373379468917858 1.4547769427299502 0.58460241556167614 -0.20689277350902555 1.4976699948310854 0.21181461215019229 -0.37748448550701136 1.7239086627960207 -1.6876285076141355 1.0714913010597231 1.0106287598609927 -0.83173483610153187 -0.95223531126976002 -0.28925403952598566 -0.47521239519119257 -0.54005712270736683 0.2000047713518143 3.121680855751038 -3.5889893770217891 1.3680629134178164 -1.2487028837203977 1.9398311972618105 -0.72596940398216236 1.0425351262092593 1.3497502207756045 0.68240445852279674 -1.3698943853378294 1.5180406570434573 -0.31390771269798273 1.5000289082527163 -2.5647844076156612 -0.4043437391519546 -1.1538357138633726 -0.21114724129438397 0.53842872381210338 -1.936547517776489 0.10156803205609323 -0.17795395106077191 0.031569618731737144 1.0000000180025095e-35 0.9463196098804475 -0.87591335177421559 -0.70648595690727223 0.59730535745620739 -0.23832728713750836 0.41091933846473699 -0.19193141907453534 -0.13450717180967328 -0.44598655402660364 0.90257591009140026 0.97353956103324901 -0.56782993674278248 1.4341863393783572 0.61647191643714916 0.38520649075508123 -0.11064853891730307 0.28150852024555212 0.68240445852279674 0.77839753031730663 0.57247096300125133 -1.2232813835144041 0.092582613229751601
decision_type=2 2 2 2 2 2 2 2 2 2 2 2 2 2 2 2 2 2 2 2 2 2 2 2 2 2 2 2 2 2 2 2 2 2 2 2 2 2 2 2 2 2 2 2 2 2 2 2 2 2 2 2 2 2 2 2 2 2 2 2 2 2 2
left_child=1 2 4 5 6 8 31 29 9 35 -9 12 -3 -6 46 -16 18 20 19 -17 21 -18 -4 24 25 -23 -25 28 -15 34 39 -1 -12 -8 -5 -2 -33 -38 -39 -31 43 -37 62 -40 -19 -46 61 48 -48 -35 -21 -14 53 54 -13 56 -51 -57 59 60 -58 -11 -7
right_child=3 11 22 7 13 42 33 10 -10 14 32 52 51 27 15 16 17 44 -20 50 -22 23 -24 26 -26 -27 -28 -29 -30 30 -32 36 -34 49 -36 41 37 38 40 -41 -42 -43 -44 -45 45 -47 47 -49 -50 55 -52 -53 -54 -55 -56 57 58 -59 -60 -61 -62 -63 -64
leaf_value=0.16133947120517952 -0.013257927358074807 0.13515635808369525 0.0097370504597770885 0.073536357302741592 0.16102353447881507 0.097019701150082377 0.012131943047118213 0.16212069872916515 0.13008871848902578 0.22143906084179996 0.11302804646506413 -0.059178247838275057 0.16992237128253751 0.10976925781315355 0.01936423943164518 0.16467751547139434 -0.056051158056306775 -0.018385881029787703 0.19141127471979713 -0.031898680128423104 0.016833894238768351 -0.039632899847222389 0.15778139428827651 0.12086350341239596 0.27096525022285312 0.18247869148271825 0.20283133543511209 0.13898820092017983 -0.015803865464186845 0.13915979138013732 0.020782138958771641 0.1340326023323922 -0.057220647275081464 0.035149680879403115 -0.056592542026027148 0.18561563206304119 0.025664113349584856 -0.013132085620279194 0.11160628872206291 0.040292982159844927 0.13120673712583561 0.041897205538540615 0.14002751456419979 -0.058336397656502129 0.20200657020898613 -0.055688622738752525 -0.056166068855103751 0.10835535175123177 0.090796068875663355 0.18000166034845164 0.11993683387825677 0.094782262774306569 0.13890833894389837 0.16192312309614434 0.16270139683101612 0.16415874418707666 0.11106234926232619 0.10612791028389779 0.13949076783225636 0.012201787061908709 -0.0060527517188424911 0.018274475649809076 -0.057033363852310531
leaf_weight=43.914229214191437 12.295040823519228 516.9263798519969 109.64426521211863 91.040828123688698 889.33421262353659 47.696424752473831 23.69126558303833 358.1213171929121 139.3759555965662 6.0583492815494528 29.855567164719105 25.641117297112942 1568.1134130060673 93.937631733715534 128.40381505340338 17.918270014226437 11.343620032072065 44.281948924064636 13.72323666512966 92.971942014992237 38.408783540129662 33.884182177484035 18.280866496264935 224.50541194528341 8.6053675413131696 9.4344639107584936 69.987919457256794 858.86954556405544 26.121673390269279 201.98994854092598 36.08272797614336 66.943625070154667 16.891663730144501 29.915054894983768 22.689787469804287 65.24055253714323 149.23097804188728 37.698601014912128 19.980377621948719 34.727157458662987 125.5370456725359 16.986276388168335 214.78056808561087 17.516787275671959 15.357476681470873 7.8939127698540679 27.340838722884655 86.389278970658779 26.836361549794674 71.015477813780308 12.839024923741816 47.474152892827988 57.028919368982315 12.776331253349779 7.589651681482791 323.33721998333931 293.90549217909575 116.00413157045841 190.62520107626915 39.699268519878387 21.149047255516052 352.71529664844275 13.059513896703718
leaf_count=157 79 1565 821 555 1875 261 145 1199 673 25 143 200 3496 380 1152 87 112 396 65 898 301 326 59 1316 23 42 248 2865 178 877 256 190 152 173 221 187 1013 278 93 237 489 105 848 144 69 77 279 569 167 164 78 185 180 39 22 732 1242 427 585 258 133 3191 119
internal_value=0.124259 0.138484 0.126974 0.0916279 0.13054 0.0780037 0.112301 0.121534 0.0694672 0.0630697 0.149366 0.156837 0.159838 0.14586 0.0575992 0.0722078 0.0834815 0.0991533 0.030542 0.0125188 0.111367 0.121494 0.0310388 0.127337 0.0528947 0.00893498 0.140423 0.132064 0.0824159 0.0923375 0.110986 0.0805585 0.0514128 0.125474 0.0475042 0.134005 0.0720009 0.0600859 0.0856257 0.1247 0.108486 0.156074 0.123263 0.0321406 0.0273732 0.11444 0.0362351 0.0730526 0.0165718 0.127941 -0.013332 0.167723 0.0945689 0.0393167 -0.00801653 0.130562 0.117479 0.148875 0.109297 0.0930241 0.103185 0.0217798 0.0637845
internal_weight=8331.63 5801.9 3566.35 2529.73 3438.43 1738.33 1570.16 791.399 1462.8 1323.42 404.869 2235.55 2132.51 1868.26 1228.9 729.559 601.156 463.703 137.452 123.729 396.17 357.761 127.925 346.417 51.924 43.3186 294.493 978.929 120.059 386.53 272.8 460.822 46.7472 1109.34 113.731 94.5219 416.907 349.964 200.733 236.717 163.034 82.2268 275.537 37.4972 67.5333 23.2514 499.34 140.566 54.1772 1085.65 105.811 1615.59 103.036 46.0071 33.2308 1055.74 616.394 439.341 545.379 354.754 315.055 358.774 60.7559
internal_count=33421 18088 12401 15333 11521 11693 6223 3640 10465 9792 1494 5687 5246 5298 9421 5190 4038 2910 1128 1063 2368 2067 880 1955 391 368 1564 3423 558 2146 1370 2364 295 3859 776 371 2207 2017 1004 1114 726 292 1228 237 542 146 4231 1015 446 3714 976 3681 441 261 222 3541 2382 1159 2218 1633 1375 3216 380
is_linear=0
shrinkage=0.05


Tree=5
num_leaves=64
num_cat=0
split_feature=19 18 19 18 17 4 49 32 41 73 33 18 49 18 53 73 6 47 78 60 31 74 47 79 74 44 47 2 73 51 1 61 67 1 39 52 58 2 4 72 52 0 47 44 7 48 10 66 78 66 44 17 58 79 47 59 44 65 20 72 7 79 72
split_gain=1512.18 680.316 449.685 430.113 306.56 259.633 231.093 186.893 186.299 181.295 179.152 160.554 160.037 158.654 142.434 138.058 160.451 135.614 134.886 134.912 129.044 126.773 140.631 126.218 125.751 124.617 123.802 122.601 120.446 116.164 115.048 114.609 114.356 112.272 111.659 116.738 185.65 111.634 110.958 122.743 109.712 109.518 109.492 109.211 108.879 127.948 110.893 130.978 105.407 122.022 102.763 102.553 100.399 125.861 98.0206 104.617 115.514 100.676 103.911 97.6663 97.5672 108.808 108.827
threshold=0.3042141348123551 0.64985758066177379 -1.3862280845642088 0.57629173994064342 0.31439158320426946 0.58975797891616832 0.12175295501947404 -0.55429023504257191 -0.18301760405302045 -0.48387649655342096 -0.14767542481422422 -0.059790048748254769 -0.28926545381546015 1.1291125416755678 -0.46458235383033747 -0.56091952323913563 -0.82101553678512562 1.2869677543640139 -0.42014388740062708 0.55934128165245067 -1.2904857993125913 -0.078782141208648668 -1.3318443894386289 -0.34014572203159327 -0.1302775368094444 0.41101412475109106 -0.37027966976165766 -0.69169774651527394 -0.65098619461059559 -1.8592233061790464 -0.10548821464180945 0.4500757902860642 -0.95730137825012196 -0.53940013051033009 -0.094575989991426454 -1.1246669888496397 -0.78744226694107045 0.79502040147781383 0.54570126533508312 0.70908862352371227 -0.74289754033088673 0.26100924611091619 -0.68588602542877186 0.79123935103416454 -0.21709776669740674 0.40292438864707952 1.0000000180025095e-35 1.394195079803467 0.035649720579385764 -1.2126948833465574 -1.1147457957267759 0.97189664840698253 -0.98114800453186024 -0.2892365008592605 0.51835629343986522 -0.010047601535916327 -0.81226631999015797 0.74008485674858104 -0.38571314513683314 1.6459646224975588 0.76261669397354137 0.85622084140777599 1.4255876541137698
decision_type=2 2 2 2 2 2 2 2 2 2 2 2 2 2 2 2 2 2 2 2 2 2 2 2 2 2 2 2 2 2 2 2 2 2 2 2 2 2 2 2 2 2 2 2 2 2 2 2 2 2 2 2 2 2 2 2 2 2 2 2 2 2 2
left_child=1 2 -1 6 9 10 15 20 -6 -4 12 59 -3 24 40 52 -17 21 19 -9 -8 25 -23 26 34 38 -24 -26 -12 -28 -25 -31 42 43 35 41 -37 44 39 -18 -13 -5 -16 -14 -29 46 -46 -48 60 -50 -20 -35 -2 -54 -34 57 -57 58 -56 -11 61 62 -7
right_child=3 5 4 13 8 48 7 18 -10 11 28 14 33 -15 32 16 17 -19 50 -21 -22 22 23 30 27 -27 29 37 -30 31 -32 -33 54 51 -36 36 -38 -39 -40 -41 -42 -43 -44 -45 45 -47 47 -49 49 -51 -52 -53 53 -55 55 56 -58 -59 -60 -61 -62 -63 -64
leaf_value=0.14933694715656923 0.06221237923185241 0.046966350481575089 0.14179826436861651 0.084790115476869737 0.093155169324985521 0.074357872116731935 0.13407641341615181 0.096794183822278348 0.0040722660392507925 0.11934713969353805 0.1948072146717213 -0.040282589016396732 0.020075563585406131 -0.01933007400459482 0.09514058168548177 0.015671252732213779 -0.037985143549059769 -0.035738405845983909 0.060572986228417516 -0.057269072561180405 -0.014535753992617235 -0.058303788282006053 0.13874833016545807 -0.056701368495415218 -0.021095727530975994 0.16490342747028541 0.171320807443544 -0.031364009745884547 0.0050353724013383885 0.0021297143861799305 0.070711205499712007 0.16534092281759499 0.11999963720208506 0.1242207654517614 -0.0064686964993810343 0.24616816343788761 0.03452707627520956 -0.0056890276802084609 0.15316422210135797 0.12699419267986431 0.099639173781426546 0.28422431317321578 -0.037884590884298845 0.12961831094722306 0.12922046716444455 -0.0042752358053537547 -0.032396746653554839 0.22879915108607551 0.011593888425913967 0.15774260300759069 0.14392831293560437 0.030136186827881842 0.22474519211788821 0.070622191185311822 0.10166840322451398 -0.019773415158197707 0.13276291146632788 0.17551588080395919 -0.044207893367132274 0.14905641593225877 0.18463605042051218 -0.057928931931467288 0.1592201050811004
leaf_weight=1735.4199020117521 42.354666940867901 228.96619175374508 985.92785079777241 12.026574321091177 316.82227603346109 166.87563685327768 20.392934419214725 301.75610889494419 72.185275614261627 1586.8864515572786 8.8527376651763898 31.664267607033253 72.727242983877659 109.2758404314518 36.638337947428226 170.88939800858498 29.081741683185101 26.945387966930866 42.237557932734489 14.807601384818552 50.649612687528133 23.0445396900177 80.913308560848236 31.626456812024117 81.108853131532669 71.031488053500652 17.394074179232121 23.623018935322762 127.76698199659586 66.224956505000591 39.984572879970074 12.757982075214384 530.97534409165382 276.85174100100994 22.407088860869408 13.05550818890333 49.402611337602139 67.934694163501263 26.735106617212296 18.253036879003048 24.936528287827969 16.659802034497261 26.578675597906113 33.13999829441309 104.10718700289726 33.454722739756107 23.944198288023475 5.893028311431407 15.654264710843561 174.37675435096025 322.64488882571459 32.591837130486965 34.106808021664619 22.009336411952972 17.654631949961185 14.60733128339052 79.588280834257603 9.6262192577123624 38.967652931809425 339.59208507090807 27.968717060983181 12.401401333510874 49.147506073117256
leaf_count=2825 240 1626 2269 86 1459 898 67 1295 500 4188 20 255 515 1108 155 1263 245 240 202 129 345 188 342 301 790 212 77 248 1028 491 252 64 1913 1216 188 36 358 648 89 70 109 48 194 138 604 339 234 19 89 435 935 250 76 129 82 103 265 30 301 598 79 101 134
internal_value=0.10995 0.120863 0.127969 0.0718822 0.118948 0.086992 0.086151 0.105497 0.0766429 0.123364 0.0695717 0.116718 0.0806008 0.034707 0.0979956 0.0657249 0.0568897 0.0727361 0.113544 0.0895561 0.0281819 0.0797635 0.0595519 0.0705027 0.0477369 0.117542 0.0931266 0.0324849 0.0175023 0.054669 0.0143701 0.0287319 0.103735 0.0991162 0.0933011 0.117864 0.0791687 0.049288 0.0718949 0.0256617 0.0213414 0.201372 0.0391616 0.0545033 0.0688588 0.0830422 0.104875 0.0196159 0.11743 0.145742 0.134312 0.11434 0.12073 0.164619 0.109625 0.0752063 0.10906 0.0269048 0.00128673 0.124594 0.0963786 0.0854742 0.0937528
internal_weight=9104.13 7075.39 5848.07 2028.73 4112.65 1227.32 1465.84 752.489 389.008 3723.64 780.897 2737.72 644.277 562.893 811.237 713.353 614.882 443.993 681.446 316.564 71.0425 417.047 271.946 248.901 453.617 145.101 177.29 340.066 136.62 96.377 71.611 78.9829 754.636 415.311 113.552 91.1445 62.4581 258.957 74.0699 47.3348 56.6008 28.6864 63.217 105.867 191.022 167.399 133.944 29.8372 446.424 190.031 364.882 309.444 98.4708 56.1161 691.419 160.444 94.1956 66.2485 56.6223 1926.48 256.393 228.425 216.023
internal_count=33733 21775 15246 11958 12421 6529 7252 2973 1959 10462 4793 8193 3745 4706 3407 4279 3834 2571 2561 1424 412 2331 1715 1527 3598 616 974 2882 1048 632 553 555 3043 2119 716 528 394 2092 404 315 364 134 349 653 1444 1196 857 253 1736 524 1137 1466 445 205 2694 781 368 413 383 4786 1212 1133 1032
is_linear=0
shrinkage=0.05


Tree=6
num_leaves=64
num_cat=0
split_feature=19 19 17 41 17 78 48 49 53 17 58 47 4 67 61 54 72 30 74 59 68 8 44 75 19 76 19 1 53 55 50 78 52 5 32 19 5 67 73 76 55 3 44 64 51 78 79 73 49 77 51 72 64 50 75 17 77 49 55 66 63 52 73
split_gain=1097.97 397.741 372.961 262.85 256.551 257.445 280.892 207.888 246.535 151.84 154.611 148.196 147.91 143.797 131.385 130.087 124.863 114.698 109.543 117.845 107.784 103.917 101.453 98.8635 98.4385 102.366 97.1623 124.56 98.6466 96.2053 102.982 129.724 97.5525 96.0473 95.943 95.1998 95.0594 106.924 133.457 115.594 110.123 100.782 94.1631 92.4716 92.3226 106.067 98.6199 98.4565 90.0701 89.9677 92.1326 89.8602 87.9426 106.961 86.6759 85.5754 106.507 83.8731 82.833 82.9682 87.2853 82.4349 81.7751
threshold=0.3042141348123551 -1.3862280845642088 0.20051464438438418 -0.21982739865779874 0.011979553382843735 0.36822105944156652 -0.28604772686958307 0.39577491581439977 -0.29296268522739405 -0.66237270832061756 -1.0459218025207517 1.5895429253578188 0.48336566984653478 0.058109574019908912 -0.079665578901767717 0.34308245778083807 0.68265238404273998 -1.6563844680786131 -0.07644955068826674 2.0928518772125249 -0.16499572247266767 1.0000000180025095e-35 -1.2508008480072019 -0.52519148588180531 1.223152816295624 -0.3516585081815719 -0.94546267390251149 1.0834523439407351 1.7599855661392214 -0.37985140085220331 -0.47038394212722773 1.8324389457702639 -1.3754371404647825 1.3071417212486269 -0.41130684316158289 0.16159199178218844 -0.31049217283725733 1.078676223754883 -0.21206251531839368 0.17051647603511813 -0.089445125311613069 -0.52544289827346791 -1.5678576231002805 0.93277934193611156 -4.2787528038024893 -0.54464384913444508 0.34712868928909307 0.065744902938604369 0.70138651132583629 -0.44494448602199549 0.10228856280446054 0.77886500954628002 -0.84240892529487599 0.085798438638448729 0.3447588980197907 0.91969749331474315 -0.12442163750529288 -0.56329929828643788 -0.072403959929943071 -0.94712322950363148 -0.16016633808612821 -0.9537440538406371 -0.49971276521682734
decision_type=2 2 2 2 2 2 2 2 2 2 2 2 2 2 2 2 2 2 2 2 2 2 2 2 2 2 2 2 2 2 2 2 2 2 2 2 2 2 2 2 2 2 2 2 2 2 2 2 2 2 2 2 2 2 2 2 2 2 2 2 2 2 2
left_child=1 -1 7 13 5 6 17 8 12 14 -11 36 62 20 -8 29 18 -2 42 26 21 -4 -12 -15 33 -26 -20 28 -28 -7 31 32 -31 54 -27 57 -6 38 39 -38 -41 -39 -10 -9 -14 47 -47 -46 -34 50 -29 -24 53 -32 -19 56 -5 -23 59 -25 -61 -59 -3
right_child=4 2 3 55 11 15 9 43 16 10 22 -13 44 23 -16 -17 -18 24 19 -21 -22 35 51 58 25 34 27 49 -30 30 52 -33 48 -35 -36 -37 37 41 -40 40 -42 -43 -44 -45 45 46 -48 -49 -50 -51 -52 -53 -54 -55 -56 -57 -58 61 -60 60 -62 -63 -64
leaf_value=0.1248546619435502 -0.014202401079834817 0.089631287694463116 0.13236567875820968 -0.017340410979543343 -0.020571230225507532 0.19403642333186943 0.12760257745969508 0.1105823623687639 0.022126146534971993 0.11798398028032375 -0.037728042774330131 0.1267569700750886 0.20284776854272657 0.181683805738555 0.0021576465480958791 0.0010956371212856181 0.12117911975493155 0.11513335222220876 0.12207523194895738 -0.059123623156240229 -0.017925746685177515 -0.020044987133396103 0.021944945242486823 -0.029082152194458578 0.11561485354453752 0.13072449426040689 0.090935145563067324 0.15743518110909624 -0.013256472107230972 0.15756648845874707 0.11908633207797599 0.12642035364399171 -0.026230271653610023 -0.020615755688798455 -0.011167669597175366 0.15817481493085608 0.00033485117504260405 0.17348985355921209 -0.038912966472972793 0.032179941861937227 0.16614529715737317 0.012187120680146954 0.11764321144199455 0.13646374680582396 -0.039549559811578164 0.12906485949193158 0.013319544987404494 0.10537116662512791 0.095045657262883554 -0.041609373503970648 0.026542323921122921 0.076434450180399197 0.13990372700571715 -0.028732561891493504 -0.015554827372370024 -0.026081478929155077 0.12071440290695226 -0.057579002663427019 0.13341492636239671 0.028756606790445574 0.12873893363686256 0.07744044285708114 0.03007576381124661
leaf_weight=2099.8033490255475 25.47336357831955 75.044567495584488 50.51970062404871 27.384136952459812 110.26774874329567 33.264077253639698 82.045746356248856 1343.7135493904352 27.243629671633244 48.085791639983654 58.331251755356789 34.072447024285793 19.181926146149635 39.677987530827522 28.097232460975647 28.204074211418629 656.21667496114969 373.38620635867119 180.84530585259199 13.604546613991259 41.949368052184582 44.537141799926758 420.49474511295557 18.859332151710987 41.938743151724339 14.842413417994974 844.9879562407732 18.1330925822258 23.23466045409441 13.056175664067267 34.837888285517693 63.54350470751524 51.645167976617813 14.347590208053587 58.495284855365753 18.290355533361435 58.556638978421688 24.385022141039371 63.238105252385139 31.223028726875782 30.384566053748131 16.161305531859398 558.14259241521358 471.20480845123529 27.04109613597393 112.11320330947638 22.160765834152699 20.500765271484852 21.631051369011402 30.858740106225014 51.914187371730804 92.369436323642731 200.6982723325491 18.711501106619835 13.040772989392279 89.73575584590435 28.259561561048031 12.713651239871977 79.288970500230789 38.421064019203186 51.135142400860786 94.966222859919071 250.6317598298192
leaf_count=3785 182 281 205 202 1010 56 323 3628 151 207 535 199 22 70 207 191 1667 1445 463 105 317 348 3089 136 162 57 3132 47 134 46 133 204 384 95 405 67 470 80 597 203 119 120 1445 850 184 268 107 80 77 223 286 494 580 136 92 748 108 109 280 227 186 441 1404
internal_value=0.097404 0.10638 0.0991698 0.063168 0.0654893 0.07353 0.061859 0.103989 0.0957364 0.0415837 0.0319406 0.0275526 0.0647035 0.0806711 0.0956782 0.105358 0.102527 0.0891476 0.095519 0.0866051 0.0554206 0.0693657 0.024669 0.109815 0.0942607 0.0533841 0.0883384 0.0820258 0.0881399 0.112068 0.105262 0.0722247 0.0321769 0.105989 0.0176199 0.0506034 0.0173892 0.0361033 0.0197971 0.0507423 0.0984942 0.109508 0.113211 0.117312 0.0984491 0.0873019 0.110023 0.0229275 0.00958284 0.0293342 0.0606739 0.0317815 0.124682 0.0673842 0.110707 0.00408148 0.0527741 0.0375495 0.0945078 0.0659105 0.0859806 0.0614138 0.0438376
internal_weight=9587.14 7482.32 5382.51 635.738 2104.83 1736.54 1270.95 4746.77 2931.86 729.424 619.281 368.289 526.674 490.359 110.143 465.592 2405.18 541.524 1748.96 1163.58 262.976 221.027 571.195 227.382 516.051 115.276 1149.97 969.129 868.223 437.388 404.124 149.876 86.3324 400.775 73.3377 170.507 334.216 223.949 183.402 120.164 61.6076 40.5463 585.386 1814.92 200.998 181.816 134.274 47.5419 73.2762 100.906 70.0473 512.864 254.248 53.5494 386.427 145.379 55.6437 152.217 187.705 108.416 89.5562 107.68 325.676
internal_count=33604 21706 17921 3444 11898 9100 7293 14477 9999 4855 4325 2798 2346 2386 530 1807 7653 2438 5986 4390 1487 1170 4118 899 2256 624 4285 3822 3266 1616 1560 711 507 1632 462 965 2599 1589 1389 792 322 200 1596 4478 661 639 375 264 461 556 333 3583 849 269 1537 1058 310 898 829 549 413 550 1685
is_linear=0
shrinkage=0.05


Tree=7
num_leaves=64
num_cat=0
split_feature=18 19 17 78 19 63 52 19 66 18 75 38 49 53 18 51 75 73 67 45 6 67 0 17 44 54 67 44 55 51 0 22 25 61 77 55 55 18 52 72 62 54 9 22 61 43 32 4 67 66 13 49 51 19 62 44 78 77 52 58 78 62 19
split_gain=926.034 604.15 275.313 260.526 204.9 171.667 192.903 157.793 149.399 148.863 131.774 124.498 122.615 133.828 125.443 142.291 120.785 120.695 153.915 114.661 112.828 107.848 105.832 128.058 104.933 104.178 107.291 103.586 131.976 101.748 100.677 143.2 115.702 152.827 132.076 100.54 123.754 101.27 98.2625 97.7698 126.5 113.952 127.121 108.696 106.901 101.208 96.0098 94.9724 101.81 94.5987 93.9324 92.5574 113.335 127.799 89.2602 88.2002 87.1935 100.744 94.001 87.1717 97.2706 89.2108 86.9175
threshold=-0.95223531126976002 0.17182931303977969 -2.0326931476593013 -0.31342741847038263 -1.9276512265205381 0.39382858574390417 -0.22513832151889798 0.32444526255130773 0.7106158733367921 0.58423253893852245 -0.27952921390533442 -0.80322048068046559 0.38520649075508123 -0.21171662211418149 1.0452612638473513 -0.54291939735412587 -0.49338841438293451 -0.40947017073631281 1.0540847778320315 1.0000000180025095e-35 -0.95606777071952809 -1.1782692670822141 1.3209410309791567 -1.632750868797302 0.51791450381279003 -0.30619357526302332 0.058109574019908912 0.4328801184892655 0.70827853679656994 -1.2518516182899473 0.26100924611091619 1.4958842396736147 -0.87864080071449269 -0.079665578901767717 0.99740836024284374 -0.23244354873895642 -0.2860026210546493 0.88950452208518993 -0.96871539950370777 0.68265238404273998 0.9579724669456483 0.58316919207572948 1.0000000180025095e-35 1.3589002490043642 0.58947688341140758 1.0000000180025095e-35 -0.89079415798187245 0.38915926218032842 1.2348476052284243 -1.0816954374313352 -0.47961321473121638 0.17443566769361499 0.62004804611206066 0.90375012159347545 0.35207290947437292 0.8629111945629121 1.8856159448623659 1.4781925678253176 0.96383643150329601 0.68249425292015087 -0.28067207336425776 -0.12359372153878211 -1.1289294362068174
decision_type=2 2 2 2 2 2 2 2 2 2 2 2 2 2 2 2 2 2 2 2 2 2 2 2 2 2 2 2 2 2 2 2 2 2 2 2 2 2 2 2 2 2 2 2 2 2 2 2 2 2 2 2 2 2 2 2 2 2 2 2 2 2 2
left_child=7 2 -2 4 -4 6 10 -1 39 11 16 -8 13 17 27 -16 -3 20 -19 49 -6 50 23 -23 -9 -24 -27 -15 -29 -14 59 32 -32 38 -35 36 37 -21 -34 40 41 42 43 44 56 -42 -20 48 -48 -11 -12 52 53 -13 -10 -56 57 58 -5 61 -61 -7 -60
right_child=1 5 3 8 12 30 9 24 54 19 21 51 29 14 15 -17 -18 18 46 35 -22 22 25 -25 -26 26 -28 28 -30 -31 31 -33 33 34 -36 -37 -38 -39 -40 -41 45 -43 -44 -45 -46 -47 47 -49 -50 -51 -52 -53 -54 -55 55 -57 -58 -59 62 60 -62 -63 -64
leaf_value=0.11401023151246195 0.12258359858221453 0.01481234963452486 0.1095372151209513 0.078636105467786599 -0.034086006551817927 0.092071564594317867 -0.058663087060944891 0.058331542430807418 0.1187986347032176 0.10055745498176223 0.1982033615590702 0.0089077852785065456 -0.030234693542610342 0.053156704835827018 0.17440360855726739 -0.034906280252234703 0.12284208571155489 0.0099042094216637948 0.1958369447868939 -0.016924800728392492 0.086803192569497992 0.1062362904543049 0.010295183288082944 0.0095313523563036254 0.10340852985419076 0.031245285955461319 0.18292168074688542 0.10584823988625364 -0.031556333771010477 0.08511854248894056 0.15351061108616398 0.19621036350478746 0.17380426395847159 -0.042279693465033651 0.11458321111259476 0.015930353846425941 0.17449666412814435 0.10470624412245373 0.010841029841747576 0.10263105121578685 0.00059979654295329483 0.11867839870435717 0.10954990588303758 -0.059998723716975372 -0.060529330733084807 0.14778954122033314 0.096674576996927969 0.11637147854712088 -0.061145587273080199 -0.045054753203721591 0.022708745567507793 0.11709447139825231 0.13609786949220101 0.09531032043304824 -0.017488300595076979 0.14008569760888798 0.10784808833252933 -0.0071757998570423824 0.070355974468824287 0.12853909192987586 -0.057531111734892365 -0.022456120784288727 -0.06190172307136993
leaf_weight=2820.1029251664877 473.09568491578102 37.74311426281929 285.93200670927763 297.35614553838968 21.736688375473022 18.726333968341351 13.013882569968699 226.34318519383669 628.05583133548498 14.302941285073755 17.573536351323131 83.080896459519863 19.600300155580044 223.20655961334705 9.7090503424406034 47.036713764071465 83.169806890189648 358.26707844436169 15.351229161024092 27.341488853096962 165.12024374306202 37.138407714664936 33.501586996018887 427.47122905403376 304.40438216924667 19.104853697121143 30.373602978885174 296.95978965610266 18.46664534509182 632.26451307535172 18.757412552833557 15.718717053532599 21.860278017818928 75.022664099931717 16.230075985193253 62.178416348993778 34.148617498576641 45.252821184694767 16.124855853617191 564.41964554041624 81.875171348452568 174.43049792945385 184.34978475421667 17.707071930170059 16.185460709035397 13.535715721547602 17.849142886698246 37.835492789745331 23.614320114254951 49.247918270528316 13.584388606250284 272.17556134611368 55.072354100644588 88.519278183579445 24.329207338392735 13.828885480761526 115.46033435314894 50.946179196238518 24.724453054368496 24.380579307675362 9.7391390055417997 174.69403159618378 24.756096325814724
leaf_count=4529 878 233 550 1114 152 94 102 958 1283 82 42 531 145 1047 36 359 274 2263 24 213 661 121 266 3169 945 142 79 932 112 2141 81 73 63 679 67 499 123 232 112 1511 469 453 546 137 117 37 66 97 167 478 81 785 189 437 128 25 302 278 68 126 84 1424 170
internal_value=0.0878205 0.0771 0.0863026 0.0824021 0.0700614 0.0526339 0.060596 0.109294 0.0944107 0.0783231 0.0417214 0.093403 0.0640716 0.0547907 0.0718631 0.00106193 0.0892019 0.0388864 0.0249109 0.0450726 0.0727029 0.0317793 0.0266057 0.0172934 0.084209 0.0786022 0.124638 0.0793113 0.0977806 0.0816383 0.0232273 0.0531168 0.0377628 0.0208189 -0.0142307 0.066605 0.096034 0.0588668 0.104967 0.0859454 0.0765259 0.0822951 0.0735972 0.0614565 0.0655387 0.0216665 0.0815907 0.0591923 0.00674149 -0.0120978 0.122168 0.0973911 0.0736691 0.0535369 0.114283 0.0397043 0.0695351 0.0583775 0.0680202 0.00168612 0.0752681 -0.0113002 0.0040926
internal_weight=10064.1 6713.25 4878.01 4404.91 2172.95 1835.25 1443.99 3350.85 2231.96 744.334 699.661 511.862 1887.02 1235.15 595.379 56.7458 120.913 639.774 452.917 232.472 186.857 578.748 547.59 464.61 530.748 82.98 49.4785 538.633 315.426 651.865 391.254 163.714 147.995 129.238 91.2527 168.921 106.743 72.5943 37.9851 1565.75 1001.33 905.916 731.486 547.136 529.429 95.4109 94.6502 79.299 41.4635 63.5509 31.1579 498.848 226.673 171.6 666.214 38.1581 513.243 397.783 346.837 227.54 34.1197 193.42 49.4805
internal_count=33581 27149 16268 15390 8752 10881 8078 6432 6638 3671 4407 2044 8202 5916 2486 395 507 3430 2617 1627 813 3900 3777 3290 1903 487 221 2091 1044 2286 2803 1075 1002 921 746 1067 568 445 175 5202 3691 3185 2732 2186 2049 506 354 330 233 560 123 1942 1157 968 1436 153 1932 1630 1352 1728 210 1518 238
is_linear=0
shrinkage=0.05


Tree=8
num_leaves=64
num_cat=0
split_feature=18 19 19 18 48 36 2 58 72 17 17 49 57 33 32 63 41 65 17 64 76 74 58 18 76 64 44 48 64 59 48 5 42 47 49 3 52 49 2 7 3 32 78 3 61 74 39 6 51 42 19 19 51 6 47 73 22 67 66 5 1 57 31
split_gain=764.76 364.364 249.323 200.843 172.351 166.598 159.707 143.632 141.407 127.044 125.894 122.979 119.571 141.715 118.924 116.866 111.321 104.84 99.1845 98.5703 115.418 98.2274 100.539 95.8306 94.1732 104.239 102.245 120.394 115.279 122.382 107.514 97.4274 108.903 93.7693 143.929 105.46 94.1661 93.0659 91.4306 91.1749 89.5636 84.5671 84.1887 83.8324 82.6847 82.3915 82.2334 103.607 81.5382 80.3822 80.2675 137.922 84.2873 156.347 134.295 86.7789 79.7404 78.8425 78.4319 84.4669 78.1831 77.8281 82.4018
threshold=0.36191967129707342 0.3042141348123551 0.3042141348123551 -1.0614153146743772 -0.44680787622928614 -0.17718784138560292 0.72995600104331981 -1.0567577481269834 0.70908862352371227 0.51515749096870433 -1.632750868797302 0.12175295501947404 1.0000000180025095e-35 0.20030517876148227 -0.92284214496612538 0.54386988282203685 -0.26298370957374567 0.43548861145973211 -1.8525771498680113 0.68788525462150585 -0.20296506583690641 0.096302218735218062 -0.9725031554698943 1.0714913010597231 0.47170799970626837 1.1955122351646426 -1.1548334360122678 -0.75989183783531178 0.18267309665679934 -0.091635167598724351 -0.44680787622928614 0.62301972508430492 1.0000000180025095e-35 0.82561790943145763 -0.28926545381546015 1.7154647111892702 0.33129687607288366 0.34306746721267706 0.28646606206893926 -0.91689383983612049 -0.8038988709449767 4.9536507129669198 0.80041205883026134 0.80145239830017101 0.087446130812168135 -0.90784242749214161 -0.40089458227157587 -1.3314334750175474 -1.014877140522003 5.3097267150878915 0.42493425309658056 0.46478256583213812 0.64394462108612072 -0.69986572861671437 0.48566399514675146 1.7163409590721133 0.27804128825664526 -1.0996158123016355 1.2441411018371584 0.56038886308670055 -0.79650565981864918 -0.93494999408721913 4.1940124034881601
decision_type=2 2 2 2 2 2 2 2 2 2 2 2 2 2 2 2 2 2 2 2 2 2 2 2 2 2 2 2 2 2 2 2 2 2 2 2 2 2 2 2 2 2 2 2 2 2 2 2 2 2 2 2 2 2 2 2 2 2 2 2 2 2 2
left_child=1 3 5 -1 17 8 7 -6 11 18 56 24 13 14 -11 21 -7 -3 -5 37 38 22 -9 49 25 26 31 -28 -29 30 -30 32 -2 34 35 41 60 39 44 -20 -39 -18 48 -8 -21 -17 58 -48 -13 50 -12 -52 55 -54 -55 61 -4 -22 59 -24 -36 -53 -63
right_child=2 4 10 9 6 16 43 15 -10 12 23 42 -14 -15 -16 45 33 -19 19 20 57 -23 46 -25 -26 -27 27 28 29 -31 -32 -33 -34 -35 36 -37 -38 40 -40 -41 -42 -43 -44 -45 -46 -47 47 -49 -50 -51 51 52 53 54 -56 -57 -58 -59 -60 -61 -62 62 -64
leaf_value=0.10343192194485769 -0.00070788339526308482 0.06763654471220297 0.06160951732827126 0.11056352472700226 0.12723667301957423 -0.044924386031550335 -0.04959551682302283 -0.061186274618401253 0.093793727662173698 0.1246276962539361 -0.03031868405132019 -0.029750640543414215 0.084208311871802152 0.12919301079497511 -0.025802273333229299 0.13218477645794852 -0.017580588085854245 0.11253732845292413 -0.014504418017728452 0.054578887799657055 0.031462121039217188 -0.016810015051798612 -0.059285038158752003 -0.0062484124339800308 0.089797634599860468 0.10859501801409073 0.068024592922012433 -0.03704485419172273 -0.026333699434565795 -0.037406096948137291 0.078785923944858782 0.15083497605829774 0.1694688007005126 -0.0073110301174682665 -0.0137944089495776 0.17129284306607784 0.033264343781287925 0.045592613539864713 0.10647194951374944 0.069018443089514533 0.099368731883707706 0.12111042245878197 0.11281858713957056 0.08054871586503605 -0.065065791077096952 -0.007132124083481477 -0.060613091066591934 0.079630843874395063 0.074072590761391957 0.1847645739690896 0.13774538773583417 0.048349318902623603 -0.031853662009052701 0.15991063529581839 -0.015681197692410765 0.10733168320912999 0.17229039916694561 0.10922651895857745 0.13404884427163363 0.067203387253148991 0.11832191590217865 -0.00018781122816814916 0.16549102458757303
leaf_weight=2788.664048820734 39.299630783498287 290.2826142013073 50.335699073970318 423.9940590262413 68.619360566139221 36.037291906774044 54.852867148816586 15.144430629909037 602.49500372260809 15.129422664642332 42.206906214356422 19.627619363367558 145.36271066963673 23.776798903942108 95.472493559122086 11.656277954578398 92.948710359632969 237.986517816782 33.83484248816967 130.31792733073235 34.392720691859722 38.552607692778111 32.840458638966084 148.50049591064453 115.61326342821121 49.9392369389534 103.8267837613821 103.26483003050089 31.75548879057169 50.418175905942917 102.38441432267427 32.263196118175983 12.232972368597983 66.024916909635067 12.191496469080446 9.5754563286900503 64.357710644602776 91.799894407391548 85.761003471910954 856.63988766819239 516.94528733193874 12.362638145685194 150.64148432761431 15.853761956095694 16.116927452385426 108.64592522382736 13.42648873478174 485.52300438284874 445.52124007791281 9.1572264358401281 34.573319710791111 160.01960732787848 22.660440653562546 48.96150054037571 13.90883759409189 30.877338245511055 24.270528256893158 738.59467979520559 11.590152636170385 21.908737137913704 126.28323069214821 266.68381071835756 7.6204464659094802
leaf_count=4207 281 1073 199 694 174 258 410 103 1742 42 367 151 459 77 599 33 640 617 170 388 120 248 259 1413 420 169 389 802 191 369 502 112 28 477 78 15 294 321 197 2672 1065 43 374 60 93 744 97 1916 1735 16 137 1078 202 142 122 164 47 1306 36 92 416 2142 40
internal_value=0.0794562 0.0882267 0.0587653 0.0936023 0.0653044 0.0674236 0.0517098 0.0580174 0.0738509 0.0850535 0.0358032 0.0642798 0.0527831 0.0187148 -0.00508555 0.0515694 0.0389335 0.0878914 0.0881326 0.0843288 0.0964752 0.0603332 0.0654677 0.029888 0.0489156 0.0398944 0.0326465 0.0218921 0.0052154 0.0288954 0.0538622 0.0827654 0.0398423 0.0468312 0.058097 0.0133132 0.0834194 0.0761757 0.065454 0.065838 0.0912762 -0.00115259 0.0802543 -0.0202716 0.041341 0.00642357 0.0688799 0.0758355 0.0696754 0.0383242 0.0361501 0.0409562 0.034847 0.0804708 0.121022 0.0264325 0.097865 0.105778 0.0164547 -0.00854734 0.106653 0.0206463 0.00445532
internal_weight=10542.5 7403.69 3138.84 5996.8 1406.88 2279.06 878.614 807.907 1859.28 3208.14 859.776 1256.79 279.741 134.379 110.602 739.288 419.781 528.269 2928.4 2504.4 1005.18 618.986 580.433 785.17 640.998 525.385 475.445 391.65 287.823 184.558 134.14 83.7958 51.5326 383.744 317.719 114.887 202.832 1499.22 232.196 890.475 608.745 105.311 615.79 70.7066 146.435 120.302 565.289 498.949 465.149 636.669 627.512 585.305 550.732 85.5308 62.8703 465.201 74.6062 772.987 66.3393 54.7492 138.475 434.324 274.304
internal_count=33827 18272 15555 12410 5862 9486 4172 3702 7265 8203 6069 5523 1177 718 641 3528 2221 1690 7026 6332 2104 2751 2503 5823 3263 2843 2674 2253 1864 1062 693 421 309 1963 1486 698 788 4228 678 2842 1386 683 2260 470 481 777 2400 2013 1886 4410 4394 4027 3890 466 264 3424 246 1426 387 351 494 3260 2182
is_linear=0
shrinkage=0.05


Tree=9
num_leaves=64
num_cat=0
split_feature=19 19 17 17 47 78 44 66 54 41 3 78 50 6 55 59 2 0 76 1 78 3 40 59 3 67 60 51 54 65 6 19 53 1 26 27 60 70 6 6 17 59 0 76 59 4 49 26 75 17 75 64 67 2 53 66 27 73 19 4 55 52 51
split_gain=621.732 295.972 253.801 205.887 165.402 161.566 140.679 133.925 154.995 129.76 128.189 119.428 115.852 108.621 106.844 106.192 132.409 121.205 103.172 116.342 103.123 98.3162 104.612 102.595 91.5901 90.9015 110.581 108.895 95.8664 134.54 91.8961 92.1197 89.7665 89.5947 87.652 86.9558 91.8237 107.946 87.2398 121.221 83.4638 82.9543 89.6938 82.2985 103.63 82.0908 85.9061 89.6834 81.489 81.224 91.834 130.767 87.1664 86.5237 80.6531 78.5695 95.8333 78.0115 77.9772 77.5729 75.4458 96.6685 89.4442
threshold=0.3042141348123551 -1.3862280845642088 0.20051464438438418 0.15028762072324756 -0.12405867874622344 -0.22410626709461209 0.44138355553150183 0.82613360881805431 -0.35553900897502894 -0.70216244459152211 -1.5299876928329466 -0.47740526497364039 -1.2489622235298155 -1.1679143905639646 0.19714473932981494 -0.84119549393653859 -0.10925242677330969 -0.52240464091300953 0.0047098493669182071 -0.64514914155006398 -0.38079242408275599 0.64576396346092235 0.38257507979869848 0.1314322501420975 -1.7734651565551756 -0.0076398514211177817 0.37545417249202734 0.76342761516571056 -0.32760331034660334 0.58778673410415661 0.56128361821174633 1.1402556896209719 -0.40096187591552729 -1.0744249224662779 -0.16161330044269559 0.55428391695022594 -0.1702889800071716 1.0000000180025095e-35 -0.88589355349540699 1.0015273690223696 1.6234607696533205 0.57933014631271373 1.0261527895927431 0.3600651621818543 -1.0578374862670896 0.97736346721649181 -0.35250851511955256 -0.23178637772798535 -0.10860253125429152 -1.5757770538330076 -0.26492227613925928 0.79966887831687938 2.042536854743958 -0.89251115918159474 -0.25353266298770899 0.7868337631225587 -1.0886659026145933 -0.48664729297161097 -0.023519243113696572 0.43180993199348455 -0.24625477939844129 -0.94501078128814686 0.31536650657653814
decision_type=2 2 2 2 2 2 2 2 2 2 2 2 2 2 2 2 2 2 2 2 2 2 2 2 2 2 2 2 2 2 2 2 2 2 2 2 2 2 2 2 2 2 2 2 2 2 2 2 2 2 2 2 2 2 2 2 2 2 2 2 2 2 2
left_child=1 -1 7 4 6 9 18 8 21 -4 13 -9 -7 -5 32 17 49 57 55 -20 60 22 23 45 -10 26 27 30 29 33 -18 -32 -12 -27 -13 36 37 38 -11 -40 -15 42 58 44 -26 46 -3 -48 -16 -17 51 -51 -52 -54 -28 56 -2 -6 -14 -25 -8 -62 -63
right_child=3 2 5 10 15 12 20 11 24 35 14 34 41 40 48 16 25 -19 19 -21 -22 -23 -24 59 43 28 54 -29 -30 -31 31 -33 -34 -35 -36 -37 -38 -39 39 -41 -42 -43 -44 -45 -46 -47 47 -49 -50 50 52 -53 53 -55 -56 -57 -58 -59 -60 -61 61 62 -64
leaf_value=0.095104183552144228 0.14135151378894911 -0.025979197884730007 0.092811256094886357 0.20394119634345531 -0.02783917594189252 -0.060329694809577117 0.092500220434127783 0.07833913640211787 -0.017535650892948576 -0.021569221377048569 0.02017466139397471 0.1087679384249307 0.028869676946143032 0.14821745309177961 0.10709093079957233 0.15104447950721667 -0.029705709959515211 0.10597220831064745 0.016850457474221339 0.086887005122850858 0.11416104914981809 0.072947598792218002 -0.061719969664436818 0.086308606658539885 0.14088603501423327 0.12492649338463375 0.13433755935197958 0.11895806677258952 0.12339267436232754 0.10991603533734379 0.088382900129109376 -0.058156051824217785 -0.043795925529497383 -0.026360982563051999 0.05613318666612846 -0.058350472335903153 -0.01626679344003145 -0.059524614750598892 0.09465493616210395 -0.035046058241940167 -0.026009575095061677 0.10980150218555572 -0.060980190714145691 0.092852155123073349 0.070789790242082831 0.13137103705497205 -0.044980922796405226 0.050782236282934136 0.0096445585781808722 0.013145215420133045 -0.010445536070443536 0.14987313392905685 0.14321772172766817 -0.0194093694323925 -0.011986253598653941 0.07914131457937057 -0.011665268185812658 0.10083804378831374 0.097442610414728029 0.002328074966623816 -0.059847224059981698 0.00084597450753150748 0.1051010065793323
leaf_weight=2399.3496606498957 11.118167184293268 76.763657070696354 58.582426004111767 15.064171381294726 35.183860391378403 15.603905595839022 135.20202784985304 1245.4647586941719 24.52266725897789 29.028334565460682 101.73177273571491 727.2149501144886 74.078309208154678 10.812721841037275 37.152313984930515 10.542416542768477 97.463437266647816 121.09832490235567 78.702429957687855 243.44215682893991 242.78563321381807 392.66823919117451 24.142375074326992 165.20908618718386 54.674274310469627 11.968151383101938 38.157747805118561 21.726285122334957 77.111654236912727 53.294006682932377 41.528116092085838 14.325523272156714 118.59652607142925 51.629393838346004 89.599105797708035 38.570653542876244 103.22678101807833 22.609195031225681 112.17325747013092 21.341541014611721 18.416554026305676 127.77157431840897 14.65508847683668 775.58591939508915 1621.6959978863597 17.121565915644169 28.595087639987469 163.96396561712027 50.939234122633934 51.991581566631794 276.94634181261063 26.339081600308418 19.360268890857697 13.987120680510996 12.391196332871912 44.139650993049145 116.25190173089504 17.563619256019592 95.127684406936169 33.138396926224232 20.974158957600594 36.474235236644745 47.38602040708065
leaf_count=3787 30 461 219 40 243 117 447 3243 137 190 750 1097 356 34 151 21 773 413 418 943 547 1031 171 527 84 33 160 61 288 210 173 126 1034 384 238 335 700 179 415 142 159 381 104 1757 4750 32 163 564 420 266 1947 41 53 96 97 174 770 76 295 153 162 219 154
internal_value=0.0739654 0.0801962 0.0743807 0.0510095 0.0573119 0.0462974 0.0719321 0.0780582 0.0719137 0.0243364 0.0158046 0.0881167 0.07214 0.0952494 0.00435185 0.0429184 0.0353636 0.0784299 0.0531198 0.0698026 0.0911412 0.0541327 0.0395948 0.0446622 0.0783827 0.0549766 0.033334 0.0144653 0.0800873 0.0513956 -0.000377461 0.050672 -0.0142405 0.0021821 0.103008 0.0120272 0.0214745 0.0425406 0.0567961 0.0738749 0.038557 0.0788062 0.0571913 0.0793447 0.0730872 0.0254807 0.0186842 0.0365195 0.0508738 0.0147257 0.0109769 0.0593169 -0.0012251 0.0750024 0.0984173 0.0217331 0.00175279 0.0150223 0.0674857 0.0723112 0.067799 0.035837 0.0598708
internal_weight=10874.3 8552.48 6153.13 2321.8 1969.08 712.769 976.476 5440.36 3378.08 385.532 352.713 2062.28 327.237 44.2934 308.42 992.608 818.762 173.846 493.654 322.145 482.822 901.602 508.934 484.792 2476.48 419.596 225.592 175.043 194.003 116.892 153.317 55.8536 220.328 63.5975 816.814 326.95 288.379 185.152 162.543 133.515 29.2293 311.633 183.861 2451.96 1676.37 286.444 269.323 192.559 88.0915 399.167 388.624 78.3307 310.294 33.3474 50.5489 171.51 127.37 52.7475 169.206 198.347 240.036 104.834 83.8603
internal_count=33541 21628 17841 11913 9325 3433 3864 14408 9830 2180 2588 4578 1253 233 2355 5461 4729 732 2335 1361 1529 3102 2071 1900 6728 2305 1390 1133 915 627 1072 299 1784 417 1335 1961 1626 926 747 557 193 1136 755 6591 4834 1220 1188 727 571 2424 2403 307 2096 149 257 974 800 319 651 680 982 535 373
is_linear=0
shrinkage=0.05


Tree=10
num_leaves=64
num_cat=0
split_feature=18 19 17 4 78 66 49 65 68 17 68 25 48 49 50 65 42 73 61 52 59 64 52 4 18 66 49 74 33 34 27 76 73 40 19 18 61 64 78 49 19 3 64 73 65 79 50 63 79 18 4 33 63 3 49 19 44 67 17 9 6 73 18
split_gain=614.453 444.356 238.658 185.665 167.111 147.744 144.86 113.174 112.683 109.214 107.674 106.367 101.018 99.4651 115.099 93.3932 89.7732 88.5404 88.4532 91.421 109.621 118.563 104.838 88.0309 87.823 90.1911 87.2291 120.841 86.4918 115.072 94.2855 85.5586 97.8952 84.5066 81.8439 86.7541 81.5707 81.3305 79.4423 121.961 108.661 103.94 78.7448 76.0402 103.081 173.181 105.155 74.8621 73.7889 70.733 79.1492 68.8177 68.2568 67.9065 67.8861 84.557 72.0088 105.245 103.302 89.9374 84.0397 73.1342 83.4557
threshold=0.6426772177219392 -0.74412366747856129 0.10408815369009973 0.35353893041610723 -0.10548609495162962 0.73681575059890758 0.27983820438385015 -2.5647844076156612 0.56412729620933544 0.11648997291922571 1.8848030567169192 -0.19258953630924222 1.632528603076935 -0.14175054430961606 -0.85066324472427357 0.39551034569740301 3.0558950901031499 -0.4503179639577865 -0.021390981040894982 0.26267819106578832 -0.50364848971366871 -0.64655238389968861 -0.16026247292757032 0.66802898049354564 -1.1419257521629331 0.87496072053909313 0.80679285526275646 -0.22360499203205106 -0.22411046922206876 -0.39395454525947565 1.4023613929748537 0.2552917748689652 -0.37151058018207544 -0.16220454871654508 -2.1172688007354732 -2.3423089981079097 -0.21772166341543195 -0.52230048179626454 0.31207105517387396 0.27983820438385015 -1.344951808452606 0.87941092252731334 1.0834375619888308 0.16706728935241702 -0.58300510048866261 0.041673393920063979 0.41365358233451849 -0.15442825853824613 0.65258398652076732 0.15485335886478427 0.74770602583885204 2.3947956562042241 0.83597487211227428 0.5870092809200288 2.3876092433929448 1.5201779603958132 1.1690349578857424 0.1008226051926613 -0.084911793470382677 1.0000000180025095e-35 -1.1030363440513609 -0.59804561734199513 -0.64705622196197499
decision_type=2 2 2 2 2 2 2 2 2 2 2 2 2 2 2 2 2 2 2 2 2 2 2 2 2 2 2 2 2 2 2 2 2 2 2 2 2 2 2 2 2 2 2 2 2 2 2 2 2 2 2 2 2 2 2 2 2 2 2 2 2 2 2
left_child=1 34 4 15 5 7 10 -3 17 28 11 24 13 14 23 16 38 -7 54 20 33 -22 -23 -6 25 -4 52 -28 -5 -30 47 -11 -33 -20 -1 -36 -26 -38 40 41 -2 -40 43 -42 45 -45 -46 51 -21 -19 53 -31 -8 -51 55 56 57 60 -59 -60 -9 -62 -63
right_child=3 2 6 9 12 8 26 18 -10 31 -12 -13 -14 -15 -16 -17 -18 49 19 48 21 22 -24 -25 36 -27 27 -29 29 30 -32 32 -34 -35 35 -37 37 -39 39 -41 42 -43 -44 44 46 -47 -48 -49 -50 50 -52 -53 -54 -55 -56 -57 -58 58 59 -61 61 62 -64
leaf_value=0.10149578279140557 0.064445342883414414 0.093629631666952109 0.010883382753805317 0.076032177623208796 -0.037656578540695644 0.088976279041319328 0.09448697468848806 -0.045938632807020548 0.11907932910732805 -0.015425727355615208 0.10900099537403485 -0.04383783351277859 0.018703807672883092 0.089065903449754624 0.073022663352066294 0.045745878792714023 0.11695310418741472 0.067627241534345447 0.0556253469983412 -0.040772821463953057 -0.062293478741483346 -0.0031025653454943669 0.079623981778923103 0.070952511340652641 -0.036601542815089844 0.11669334850482944 0.10258022250670965 -0.0084315484447729551 -0.062099006149703012 -0.0099425749088625694 -0.036376995537694148 -0.059122473452658447 0.090668176040182916 0.16695600694023516 0.11090963492837332 0.080281499220160035 -0.04015615144860385 0.05286100371089663 -0.027783750733698521 0.082125662238710373 -0.025676086680765778 0.097885020502257183 0.11332604861132706 -0.016539063097021831 -0.046553584896555408 0.2340845543351307 0.079781361405092718 0.11827677469941378 0.053855704069211474 0.017755101590573415 -0.044036411381097894 0.1334586005239721 -0.020102512963614233 0.082354310047960247 0.10518106528246188 -0.026594875488451158 0.078316921219489036 0.10712182602207934 0.03018717713147431 0.10496003715917082 0.096647458282336896 0.053885574870369962 0.0060056640791797608
leaf_weight=857.91898913681507 61.550388164818287 141.90843212604523 37.965669855475426 637.17991586774588 44.415727287530899 378.67540358006954 164.75406488776207 33.309211194515228 122.92950429022312 76.542886443436146 29.273365095257759 74.155028291046619 66.445103205740452 1405.2185806110501 601.5131082162261 571.58919557183981 22.051838979125023 665.7023177370429 56.515930898487568 74.020186066627502 35.386469095945358 74.859901919960976 78.057628437876701 31.999963283538818 72.655762553215027 43.121182955801487 36.738441117107868 73.025852434337139 25.983277879655361 31.548545882105827 22.929514586925507 13.45689622312784 55.441971756517887 24.56843926012516 260.06413638591766 2216.3126699775457 31.075694926083088 94.949166923761368 71.298076823353767 93.462707206606865 263.21162642166018 21.279958873987198 12.990425430238245 13.804141454398634 50.355538256466389 13.574459210038183 24.347158782184124 49.774160504341125 28.404272586107254 92.144822217524052 28.188092067837715 11.254654385149477 13.996574573218821 73.20001857727766 61.251637116074562 33.888492844998837 227.62225864082575 110.26922003179789 170.84278402477503 52.703361138701439 44.960149079561234 175.44959179311991 189.59171265363693
leaf_count=921 213 375 183 2033 275 787 518 209 175 544 76 586 276 2682 1515 3020 68 1697 222 447 246 410 234 76 533 82 84 405 181 179 157 106 205 42 198 4157 253 495 523 332 2247 81 51 114 452 36 120 135 107 475 160 19 91 220 100 234 666 220 685 121 105 506 986
internal_value=0.0679311 0.0735883 0.0652157 0.0438314 0.0688907 0.0612017 0.0371675 0.0509511 0.0733481 0.0607415 0.0169947 0.00934193 0.0795245 0.0814611 0.0656796 0.0310093 0.0179962 0.0687935 0.0468263 0.0257075 0.0409958 0.0200106 0.0391174 0.00779269 0.0234662 0.0672881 0.0639278 0.0287385 0.0681728 0.0327154 0.0541224 0.0209019 0.0612963 0.0895841 0.088138 0.0835044 0.00553135 0.0298712 0.0144835 0.041866 0.00288297 0.00112293 -0.007135 -0.0114623 0.0251275 0.107939 -0.00525995 0.0766062 -0.0144548 0.0598836 0.0332004 0.0278699 0.0854802 0.0464166 0.0539579 0.0509225 0.0535444 0.0462729 0.0674886 0.0478771 0.0302744 0.036488 0.0290403
internal_weight=11273.7 9130.05 5795.75 2143.63 5124.04 2974.45 671.711 1613.61 1360.84 924.112 383.196 353.923 2149.59 2083.15 677.929 1219.52 647.926 1237.91 1471.7 371.813 269.388 188.304 152.918 76.4157 279.767 81.0869 288.515 109.764 778.67 141.49 115.507 145.442 68.8989 81.0844 3334.3 2476.38 198.681 126.025 625.874 186.041 439.834 92.578 378.283 365.293 102.081 27.3786 74.7027 92.5774 102.424 859.235 193.533 42.8032 178.751 165.345 1099.89 1038.64 1004.75 777.126 333.815 223.546 443.311 410.001 365.041
internal_count=33651 22835 17559 10816 14253 9429 3306 5915 3514 3559 2208 2132 4824 4548 1866 7257 4237 3339 5540 1708 1154 890 644 351 1546 265 1098 489 2704 671 490 855 311 264 5276 4355 1281 748 4169 936 3233 604 3020 2969 722 150 572 333 554 2552 855 198 609 695 3832 3732 3498 2832 1026 806 1806 1597 1492
is_linear=0
shrinkage=0.05


Tree=11
num_leaves=64
num_cat=0
split_feature=18 19 17 49 4 17 72 44 66 75 18 8 67 50 0 0 48 18 73 53 1 48 44 57 25 59 65 19 19 75 66 3 74 2 64 66 67 54 18 42 59 20 54 76 54 75 22 6 6 19 77 28 19 63 55 62 74 49 44 5 67 58 23
split_gain=546.622 337.593 196.4 210.184 153.435 148.945 127.209 109.813 106.708 124.573 105.867 112.052 143.085 144.147 115.143 105.752 105.306 104.611 104.095 94.6453 93.6071 117.038 102.071 91.6011 87.5895 86.564 83.4994 83.3489 90.6572 83.0437 82.5018 80.7515 80.0941 93.0389 88.7731 141.985 111.456 107.99 91.2187 82.1272 81.8956 79.6022 78.6547 78.0132 76.9318 131.964 75.0272 74.8472 74.6293 73.6464 72.5607 71.4815 71.2505 69.6359 78.301 70.301 68.8967 68.853 89.859 89.8805 86.8075 81.1001 67.4281
threshold=-0.62560907006263722 -0.82176959514617909 -1.5757770538330076 0.38523550331592565 -2.8190140724182124 0.20051464438438418 0.52561005949974071 -0.68107038736343373 1.1333869695663454 -0.22181293368339536 -2.3423089981079097 1.0000000180025095e-35 0.3146247416734696 -0.60178920626640309 -0.85475128889083851 -0.028611071407794949 2.2209669351577763 0.68017876148223888 -0.63363265991210926 -0.29017943143844599 -0.414536103606224 -0.29307806491851801 1.1702497601509096 -0.33018272090703243 -0.20641107857227323 -0.82159852981567372 0.50211903452873241 -0.033832969143986695 0.10004303604364397 -0.24233611673116681 -1.0816954374313352 -0.60888823866844166 -1.9902253150939939 -0.068001747131347642 0.21454014629125598 0.1342180818319321 1.078676223754883 0.72376361489295971 0.92225980758667003 3.0558950901031499 -0.45479810237884516 1.6143888831138613 -0.41736391186714167 0.54999116063117992 -0.29783576726913447 -0.26798439025878901 1.5324757099151614 -1.5158062577247617 -0.69390758872032154 1.0806733369827273 1.4781925678253176 1.0811547935009005 -1.1289294362068174 -0.12846878916025159 -0.29385639727115626 -0.13577572256326673 1.5603774785995486 0.27986484766006475 0.66247299313545238 -0.050049714744091027 1.1371814012527468 0.29331356287002569 -0.78042820096015919
decision_type=2 2 2 2 2 2 2 2 2 2 2 2 2 2 2 2 2 2 2 2 2 2 2 2 2 2 2 2 2 2 2 2 2 2 2 2 2 2 2 2 2 2 2 2 2 2 2 2 2 2 2 2 2 2 2 2 2 2 2 2 2 2 2
left_child=4 17 -3 5 43 6 8 15 16 -10 -6 12 13 -12 49 53 18 46 24 29 21 30 32 -7 -4 -15 48 -28 -29 -8 -20 -30 -22 39 35 36 38 40 -35 -34 -36 56 -19 -1 45 -17 -2 -23 -25 -13 -33 -49 -48 54 55 -5 62 58 60 -60 61 -44 -9
right_child=1 2 3 7 10 23 19 41 9 -11 11 14 -14 25 -16 44 -18 42 20 -21 22 47 -24 26 -26 -27 27 28 31 -31 -32 50 33 34 37 -37 -38 -39 -40 -41 -42 -43 57 -45 -46 -47 52 51 -50 -51 -52 -53 -54 -55 -56 -57 -58 -59 59 -61 -62 -63 -64
leaf_value=-0.051710103260581633 0.078996368433782799 0.075683409242021382 0.17678788778678417 0.0093379395689104014 0.095260260058778315 -0.020341471324198893 0.081488460120820852 0.024441648531082959 0.11871266613072345 0.043211229886143232 -0.063467707669439405 0.061410272146297164 0.078069393911470816 0.08619635381315216 0.081946707570209901 0.10947303197434446 -0.046563360018392251 -0.0084888772077308106 -0.061026790018800493 0.071319261737065001 0.12525200031473568 0.11627436094281103 0.079381398546959359 -0.039772527440935339 0.040735812131040605 0.02115558222964295 -0.018709867728411982 0.20329305420010249 0.11099236924032313 0.0047551244451897005 0.046573592655851787 -0.023479176496765616 0.00051136277603002443 0.042576869168295187 0.056963858804142731 0.13552165773833003 0.12730716347916404 0.10660406648126648 -0.057074851807383725 0.11946207896845384 -0.04377536720407299 -0.011028424313261811 0.023479168349643188 0.089010997515507576 0.089904091145092693 -0.006662026333885393 -0.023851321712098146 -0.039397568172129652 0.026640711656901073 -0.022486337065904298 0.14212356167674176 0.049380272171954107 0.092051952731482312 -0.042131851389203633 -0.0091800404200595778 0.1550508775980185 -0.029975567289789274 0.07945696484862616 -0.028276709072160407 0.10337510130299146 0.078279571220903774 -0.06430793215331447 0.073754577758862502
leaf_weight=34.812066107988358 1573.8502854928374 524.79082307219505 21.230942495167255 15.295791327953337 706.11189538240433 165.30635775625706 50.076405614614487 75.049249291419983 66.11517221480608 317.3403347209096 37.453940205276012 559.84298760443926 287.35848539322615 75.279404267668724 2748.4386182650924 35.190448865294456 47.774148605763912 49.335818767547607 19.88283783197403 460.72384757548571 20.637165762484074 9.4219053387641889 115.19390211999416 62.209676548838615 27.017092697322369 160.47160767018795 27.047394528985023 12.944210678339003 39.949193082749844 119.18216472119093 162.43122930824757 32.008363172411919 306.64254236221313 102.94987091422081 28.558031715452671 51.442313581705093 29.827274717390537 22.926864646375179 29.422310635447502 15.136466220021246 67.916987329721451 32.155517794191837 107.7516101449728 13.608908593654631 95.351432807743549 79.447513766586781 34.879647925496101 165.95474293082952 131.51087223738432 27.301553905010223 8.2254168912768346 26.125597976148129 21.223890781402588 56.580045238137245 51.590545285493135 18.175994217395782 17.302224360406399 209.10428440570831 15.40958062559366 78.581299923360348 50.560116410255432 34.692336738109589 982.87361046671867
leaf_count=185 2926 1263 33 77 788 1374 157 325 99 1352 244 1150 612 152 4603 74 403 239 144 1406 40 28 430 542 116 553 176 33 181 693 632 249 1771 507 131 143 88 60 281 29 512 178 450 20 302 446 136 1273 853 147 19 159 50 380 286 38 106 477 80 149 137 217 2963
internal_value=0.063212 0.0543009 0.0468208 0.0432305 0.0764733 0.0351171 0.040435 0.058589 0.0331419 0.0562697 0.077405 0.0741653 0.0534325 0.027482 0.0776464 0.0342016 0.0261537 0.070618 0.0290026 0.0595662 0.0260344 0.00575699 0.0358695 0.00975748 0.100949 0.0419732 0.0256258 0.058353 0.0807845 0.0275215 0.0347845 0.0607167 0.0284309 0.0253532 0.0438771 0.0631726 0.0401265 0.00928656 0.0203632 0.00615771 -0.0138752 0.0663246 0.0516167 -0.0119549 0.0567134 0.0290087 0.0769698 -0.0204857 0.00527805 0.0574975 0.0105212 -0.0272771 0.0199915 0.000775473 0.0293904 0.0888387 0.0686434 0.0576046 0.0416434 0.0817308 0.0220632 0.00203336 0.0702637
internal_weight=11573 6922.32 4746.93 4222.14 4650.68 2763.13 2283.93 1459.01 1653.95 383.456 4602.26 3896.15 560.563 273.205 3335.58 351.632 1270.49 2175.39 1222.72 629.982 1174.47 383.816 790.654 479.201 48.248 235.751 313.895 120.175 93.1272 169.259 182.314 80.183 675.46 654.823 333.044 213.642 162.199 119.402 132.372 321.779 96.475 1107.38 545.435 48.421 209.989 114.638 1629.95 201.502 193.721 587.145 40.2338 192.08 56.1035 141.642 85.0623 33.4718 1075.23 496.099 286.995 93.9909 193.004 142.444 1057.92
internal_count=33667 25213 20352 19089 8454 13914 10487 5175 8231 1451 8249 7461 1561 949 5900 1603 6780 4861 6377 2256 6228 2236 3992 3427 149 705 2053 658 482 850 776 449 3562 3522 1722 1019 876 703 788 1800 643 3572 1749 205 822 520 3112 1460 1395 1297 268 1432 186 781 401 115 3394 1510 1033 229 804 667 3288
is_linear=0
shrinkage=0.05


Tree=12
num_leaves=64
num_cat=0
split_feature=18 19 72 19 49 78 53 4 55 54 18 68 63 0 54 58 44 0 53 53 44 18 47 19 59 52 63 49 26 62 48 62 59 76 54 5 5 69 69 4 3 3 7 6 79 63 60 66 47 44 44 57 39 51 75 18 66 6 76 57 10 44 53
split_gain=505.984 238.493 165.396 156.625 146.955 143.406 125.634 108.368 107.326 118.898 106.657 100.815 137.229 97.4149 95.1643 88.7464 104.4 79.9678 79.7138 79.3783 78.801 150.271 101.22 96.1196 91.569 84.5788 76.3821 99.7871 145.717 120.178 87.2493 94.474 81.571 130.032 76.0131 74.5575 82.1389 94.6033 90.6286 80.76 79.5329 73.9167 73.3471 71.8276 70.7356 74.7799 83.2102 71.2088 70.0496 69.6505 72.6351 82.2503 68.9276 68.0115 110.399 67.8959 95.7644 67.1635 71.8329 67.0505 66.7854 70.647 81.5957
threshold=-0.25342804193496699 0.29408340156078344 1.197901785373688 -1.1645323634147642 0.35096521675586706 -0.014290424995124338 -0.25075808167457575 0.64740666747093212 1.5893585681915285 -0.36332437396049494 1.0714913010597231 0.81175401806831371 1.5493147373199465 -1.1307124495506284 3.1080296039581303 -0.9725031554698943 -1.6771875619888303 -0.86111131310462941 -0.62638983130455006 -0.46062372624874109 0.46567909419536596 0.7397291660308839 -0.97131478786468495 0.23310405015945437 -1.0578374862670896 1.6275663375854494 0.11705593764781953 -0.226027175784111 0.34817355871200567 0.35198418796062475 -0.22793036699295041 -0.28128211200237269 -0.90120401978492726 0.015804790891706947 3.0930314064025883 0.59127920866012584 -2.6298185586929317 1.0000000180025095e-35 -0.81412357091903675 -0.34761922061443323 -1.1548265218734739 -0.65175399184226979 -0.63697540760040272 -1.1884369850158689 -0.26378189027309412 -0.095745593309402452 -0.37262097001075739 -0.97451400756835926 0.61551862955093395 0.4899746328592301 1.1690349578857424 -0.33018272090703243 -0.77761706709861744 0.33926309645175939 0.10327437892556192 -0.95223531126976002 -1.3949033021926878 1.1902032494544985 0.15264409780502322 -0.33018272090703243 1.0000000180025095e-35 0.078165236860513701 -0.33628791570663447
decision_type=2 2 2 2 2 2 2 2 2 2 2 2 2 2 2 2 2 2 2 2 2 2 2 2 2 2 2 2 2 2 2 2 2 2 2 2 2 2 2 2 2 2 2 2 2 2 2 2 2 2 2 2 2 2 2 2 2 2 2 2 2 2 2
left_child=3 2 4 -1 8 6 42 15 9 43 13 12 14 18 20 -6 -17 -8 -3 -18 21 22 -11 24 -23 49 27 29 52 53 31 -28 -32 -34 -24 36 -21 38 -38 -39 -41 -4 -5 -2 48 46 -46 -48 -45 -22 51 -51 -29 -15 -55 -7 -57 -26 -59 -16 61 62 -44
right_child=1 10 41 5 7 55 17 -9 -10 11 -12 -13 -14 26 59 16 19 -19 -20 35 25 23 34 -25 57 -27 30 28 -30 -31 32 -33 33 -35 -36 -37 37 39 -40 40 -42 -43 60 44 45 -47 47 -49 -50 50 -52 -53 -54 54 -56 56 -58 58 -60 -61 -62 -63 -64
leaf_value=0.08210514350703195 -0.061675105339569727 0.089534849421255822 0.045258808311775485 -0.043936964539880309 0.092537346003699228 0.082044911382531657 0.039880975999103112 0.082256472009375067 -0.036512943922365197 0.085145270366068726 -0.0054866158805924499 0.082669778807489394 -0.026628881855111725 -0.0023117085808691106 0.088865400490074575 -0.045427041410386643 -0.020991102439840505 0.068108994187190325 -0.059387029752640465 0.15262351203003988 0.13119938555336927 0.12814363772995485 0.027547136696834246 0.14645668134225004 -0.034479057747964198 0.10326412675910648 0.12417057700710162 -0.0083008809488082525 -0.043128828544653247 0.13281116634413206 0.12947263441535334 -0.020967299513042808 -0.043979985442699543 0.062990363077947947 0.10918104583100308 0.07479386083087744 0.056333545345281004 -0.0064321735500243024 -0.01569022805301756 -0.028184999976799786 0.089673154937735366 0.07842215591545508 0.036134303611267113 0.021669055262539844 0.0096942113618169266 0.0012792502191610381 0.02009085933282953 0.11528901671733671 -0.04162271208731616 -0.045257858797588424 0.079396819693396875 0.044881165871341236 0.067176377983171526 0.024322854280201308 0.15895817600663348 -0.028864551165027841 0.06538925425876467 -0.060718753849577194 0.07717995376162623 -0.05106823334745314 0.0095650029215206996 0.060859254539757435 -0.066301910624789642
leaf_weight=1699.1046738028526 24.515423707664013 11.183071568608282 211.75660920143127 26.261670768260956 114.51634887605906 1158.7043922692537 304.64542579650879 450.84589564055204 43.52807878702879 167.43872921168804 173.66260104626417 199.44537022709846 64.31368425488472 197.33961332589388 10.88988149166107 30.399429120123386 37.958677306771278 1462.3103953003883 43.810977831482887 15.370396941900252 28.277318276464939 11.674287326633928 263.69626701623201 10.740278758108614 127.72665626555681 109.87159383296967 12.07302653044462 31.799707658588886 33.93925553560257 23.31677457690239 23.49894455820322 141.30226539075375 41.946972295641899 87.323178388178349 31.965731583535671 247.20526341348886 67.931878343224525 36.076116502285004 121.76967509835958 15.945255659520624 131.48939584940672 838.82003623992205 116.02216002345085 218.32902732491493 44.969555534422398 61.935379937291145 26.506971776485443 77.840610317885876 54.524180226027966 27.401954397559166 150.40057622641325 312.6120842769742 569.32926705479622 92.342800565063953 18.182488925755024 28.369048818945885 495.41840278357267 13.287575200200079 31.817183628678322 38.45823110640049 133.35640433430672 368.2559314891696 23.227929070591927
leaf_count=1881 181 47 647 149 227 1767 811 863 276 344 1472 527 406 1378 30 179 206 2958 365 17 41 24 1047 24 885 188 37 202 257 77 74 956 377 462 66 606 200 156 585 89 276 1637 448 934 213 343 128 179 368 159 419 1089 2221 522 63 134 1111 97 104 224 582 1012 135
internal_value=0.0588157 0.0485901 0.05438 0.0693166 0.0490442 0.064035 0.0562622 0.0625457 0.0410752 0.0426808 0.0313335 0.0493775 0.0446275 0.0361545 0.0480625 0.051676 0.0450114 0.0632475 -0.0289054 0.0491055 0.0506765 0.0385567 0.054065 0.00173834 -0.00673356 0.0633545 0.0389725 0.0458711 0.0574798 0.0235848 0.0171749 -0.00943665 0.0439135 0.0282337 0.0364239 0.053301 0.0395993 0.0348915 0.0100911 0.0604818 0.0768823 0.0717474 0.0377466 0.0215991 0.0258383 0.0475581 0.066707 0.0911965 0.00899255 0.0548728 0.0504357 0.0375909 0.0631746 0.0152556 0.0466405 0.0752731 0.0602703 -0.0159419 0.0364008 -0.01997 0.041108 0.0493831 0.018976
internal_weight=11789 5973.3 4472.25 5815.68 3421.67 4116.57 2434.08 1269.51 2152.17 2108.64 1501.05 1600.02 1400.57 1327.39 1336.26 818.662 704.146 1766.96 54.994 673.747 1286.91 658.347 463.101 195.246 184.506 628.564 1272.39 966.25 635.068 331.182 306.144 153.375 152.769 129.27 295.662 635.788 388.583 373.212 189.702 183.511 147.435 1050.58 667.124 508.621 484.106 211.253 149.317 104.348 272.853 518.692 490.415 340.014 601.129 307.865 110.525 1682.49 523.787 172.831 45.1048 49.3481 640.862 507.506 139.25
internal_count=33482 22494 13984 10988 11700 9107 6095 3404 8296 8020 8510 5674 5147 7038 4741 2541 2314 3769 412 2135 4487 2591 1457 1134 1110 1896 6626 4720 2680 2040 1906 993 913 839 1113 1929 1323 1306 785 521 365 2284 2326 2346 2165 863 520 307 1302 1708 1667 1248 2423 1963 585 3012 1245 1086 201 254 2177 1595 583
is_linear=0
shrinkage=0.05


Tree=13
num_leaves=64
num_cat=0
split_feature=18 18 72 54 68 6 78 65 64 47 76 52 63 44 10 78 17 53 5 70 64 67 44 23 61 30 50 5 40 44 55 50 17 51 50 32 1 65 58 17 59 51 47 1 63 79 44 17 58 58 65 67 49 48 38 47 41 79 33 26 68 41 43
split_gain=467.806 247.676 219.338 163.714 132.922 132.901 130.916 104.368 133.743 99.6147 98.5682 94.118 98.5082 93.5874 94.0217 91.7091 91.6896 89.1258 88.9595 84.0918 82.8421 81.4936 80.3641 75.5854 75.2244 74.5872 104.291 74.4783 74.4436 73.1206 72.3352 71.7218 71.5624 75.137 71.3432 70.7906 70.3124 96.2519 95.5148 69.7502 81.2084 83.8033 68.7843 67.6482 83.6553 74.7779 95.1775 86.7071 78.5331 75.9312 71.6925 70.9029 66.1059 74.156 64.8544 86.8873 81.4383 70.8923 107.22 83.9376 81.7136 71.709 68.6411
threshold=0.6426772177219392 -1.6040982604026792 0.68265238404273998 -0.3794675320386886 2.5451408624649052 -0.87132909893989552 0.28970441222190862 0.36124326288700109 -0.34470461308956141 1.7188260555267336 -0.17825010418891904 -1.2357045412063596 1.4301327466964724 0.62845921516418468 1.0000000180025095e-35 2.4781605005264287 -1.9094943404197691 -0.97206529974937428 -0.42271764576435084 0.70596449077129375 -1.5861861705780027 0.34491527080535894 -0.045742018148303025 -1.5349776148796079 -0.2176035866141319 -0.29303931444883341 0.26515933871269232 -1.2771615982055662 -0.042271712794899934 0.93093869090080272 -0.32020395994186396 -0.79695543646812428 1.007019639015198 0.45675466954708105 1.4275127053260805 -0.45075052976608271 0.29925748705863958 0.87144199013710033 1.0012063980102541 -0.93847990036010731 -0.47157083451747889 0.66385847330093395 1.0105693936347964 -1.0293632149696348 -0.16015221178531644 -0.74741944670677174 -1.5314142704010008 1.5281847119331362 1.0596568584442141 1.5584775209426882 0.46975567936897283 0.72648310661315929 -0.036330394446849816 -0.32682360708713526 1.8508424758911135 0.195091187953949 1.0799386501312258 0.57622015476226818 -0.035034306347370141 -0.097631961107254014 0.50909915566444408 -0.96490812301635731 1.0000000180025095e-35
decision_type=2 2 2 2 2 2 2 2 2 2 2 2 2 2 2 2 2 2 2 2 2 2 2 2 2 2 2 2 2 2 2 2 2 2 2 2 2 2 2 2 2 2 2 2 2 2 2 2 2 2 2 2 2 2 2 2 2 2 2 2 2 2 2
left_child=1 -1 6 7 5 28 9 15 19 11 24 20 43 39 18 16 -2 -18 -15 -9 -3 23 25 -22 -10 -14 -27 -16 36 -11 -24 52 -8 -34 -29 -26 37 -5 -38 40 41 -7 -33 44 50 48 51 -48 -45 -49 -13 -47 53 -4 56 -56 57 58 59 60 62 -59 -41
right_child=3 2 31 4 -6 13 32 8 10 29 -12 12 22 14 27 -17 17 -19 -20 -21 21 -23 30 -25 35 26 -28 34 -30 -31 -32 42 33 -35 -36 -37 38 -39 -40 54 -42 -43 -44 45 -46 46 47 49 -50 -51 -52 -53 -54 -55 55 -57 -58 61 -60 -61 -62 -63 -64
leaf_value=0.073180982773016906 0.074395002795089579 0.08398305910884965 0.042809798849720901 -0.017523254112124041 0.095292687662252518 -0.045735505176520058 0.063238117163983809 0.13501994557856131 0.095063189188756725 -0.062044309385054112 -0.012690808810138541 0.057717777643821945 0.11416079147343641 0.026561579272130688 0.10287558182840116 0.075889730920460627 0.12703332147248944 -0.035138221402539492 0.091717034081845977 0.0049487634399721508 0.071459679946592677 0.044738729961896623 0.036240048171926609 -0.033272986704201195 0.11800856238868705 -0.047001644776306105 0.06574692278067161 -0.032314690405031973 -0.048425956549295185 0.03903008975681134 -0.066023061343246064 0.073876440145667147 -0.027903973980800408 0.059819802409758163 0.097926056205477924 -0.039135749024648281 0.064494655702032749 0.11578167347803028 -0.060852894123649949 0.021427335584258869 0.088838728471601305 0.09601061050432054 0.044539702974335037 0.070189182880162529 -0.028794038769210079 -0.0273797804908559 0.050798003287908622 -0.030450606058850357 -0.012340940188950617 0.12526274062755052 -0.016559029760880431 0.06335835601321381 0.059229030083276159 -0.063370806597401547 0.12491886678228736 -0.019760417998198838 -0.045719338348495897 0.10195011940584825 -0.035384143850439413 0.14788710104846486 0.086819381177459243 -0.019921590054350929 0.085771216038298528
leaf_weight=2248.5289454013109 23.347209230065346 37.623248897492886 39.592813529074192 134.70042160153389 106.5218852609396 27.163502626121044 1503.2585075721145 43.173790812492371 50.334288887679577 38.317118033766747 136.09285210072994 137.03023627400398 25.019375503063202 67.062757059931755 20.085909396409988 27.4897490888834 8.6869094893336278 230.44664330035448 244.91682827472687 17.55604912340641 19.90629805624485 78.451145693659782 27.03482449054718 123.20037658512592 9.5547393411397916 36.750733755528927 46.099886395037174 53.514705076813698 48.053635772317648 33.35059280693531 47.423862174153328 1741.4022592380643 45.475906871259212 52.366326913237572 12.974206261336802 27.701978288590908 106.92456650361419 14.950610518455504 17.591514617204666 309.82700209319592 110.75290694087744 16.775721579790115 227.38295663893223 602.91998345404863 58.140586547553539 72.028895616531372 2051.5099226534367 54.931748978793621 30.13573069870472 9.0233057439327222 42.3976935967803 30.588449463248253 137.30546635389328 27.970728516578674 36.075132548809052 14.438632816076277 38.50237213075161 13.546504534780977 45.892788827419281 18.835736185312271 77.274640336632729 104.10613457113504 47.873449869453907
leaf_count=3190 53 109 121 824 237 148 3250 131 197 273 854 380 55 296 55 75 26 1850 631 122 58 259 99 724 43 255 143 322 382 153 295 2928 260 154 18 214 473 18 132 1565 242 28 642 1389 302 391 5875 374 137 30 187 100 355 188 103 107 294 41 349 48 219 635 128
internal_value=0.0538342 0.0586442 0.0542115 0.0333699 0.041215 0.0375645 0.0486331 0.0102978 0.0318176 0.0433375 0.0139078 0.0445226 0.0468215 0.0448951 0.0649449 -0.0107961 -0.0199193 -0.0291755 0.0777403 0.0975705 0.0154831 0.00379572 0.0110662 -0.0186299 0.0552592 0.0386506 0.0156775 0.0187413 0.00888708 -0.0149508 -0.028827 0.0675591 0.0605398 0.0190089 -0.00671639 0.00123915 0.0189646 -0.00410386 0.0467109 0.0356026 0.0660329 0.00836387 0.0704932 0.0489301 0.0232431 0.0510678 0.0467294 0.0490104 0.0662512 -0.00824197 0.0401393 -0.000248289 0.039317 -0.00110286 0.028923 0.0835083 0.0246992 0.0291057 0.0373271 0.0446974 0.0401845 -0.00577218 0.0300744
internal_weight=11887.9 9625.17 7376.64 2262.75 1688.36 1581.84 5202.98 574.384 284.414 3601.88 223.684 3530.22 3271.04 1259.62 398.554 289.971 262.481 239.134 311.98 60.7298 259.181 221.558 182.329 143.107 87.591 107.87 82.8506 86.5748 322.221 71.6677 74.4587 2173.65 1601.1 97.8422 66.4889 37.2567 274.167 149.651 124.516 861.065 154.692 43.9392 1968.79 3088.71 237.569 2851.14 2218.08 2115.46 633.056 63.9551 179.428 102.617 204.869 67.5635 706.372 50.5138 655.859 617.356 499.704 453.811 434.975 117.653 357.7
internal_count=33536 22676 19486 10860 7295 7058 15252 3565 1561 11588 1308 11162 10012 5229 1322 2004 1929 1876 927 253 1150 1041 847 782 454 453 398 395 1829 426 394 4234 3664 414 340 257 1447 842 605 3907 418 176 3570 9165 869 8296 6770 6279 1526 404 567 491 664 309 3489 210 3279 2985 2309 1960 1912 676 1693
is_linear=0
shrinkage=0.05


Tree=14
num_leaves=64
num_cat=0
split_feature=18 17 19 4 19 33 17 20 19 59 18 79 66 76 5 48 78 64 64 17 76 48 66 67 59 2 54 55 62 44 9 76 52 67 18 54 75 44 63 17 39 6 1 3 17 1 76 55 66 5 76 0 65 73 64 4 59 47 2 2 65 44 60
split_gain=403.23 285.596 258.216 184.01 172.532 131.616 102.518 129.496 87.6503 84.6214 83.2693 117.039 85.6026 112.487 108.977 95.051 83.9341 90.0456 92.0493 82.4494 76.5405 75.4053 74.9615 73.745 91.9248 72.2041 71.3602 87.4097 83.6523 89.2217 81.2144 91.9579 77.6885 73.7132 67.8777 67.2988 78.0193 80.0192 122.964 89.1277 90.6025 76.0973 71.1715 68.222 65.975 64.1002 66.0501 63.994 68.7571 63.7501 71.9164 63.4285 67.2661 62.9141 61.9509 74.3271 77.271 70.6151 70.9824 79.2681 66.8597 59.7036 73.5021
threshold=-1.6040982604026792 -1.797680079936981 0.62182465195655834 0.36010056734085089 -1.8466831445693968 0.40547293424606329 0.20051464438438418 -0.0051087576430290929 -1.2432193756103513 -1.0463805198669431 0.75375097990036022 3.121680855751038 0.69632500410079967 -0.018669489771127697 -2.2186086177825923 2.2209669351577763 1.7239086627960207 -0.74223837256431568 -0.62932944297790516 -0.80329152941703785 0.37388055026531225 2.3233754634857182 1.5311490893363955 1.0000000180025095e-35 -0.19871518760919568 -0.25872755050659174 -0.50597962737083424 -0.32558405399322504 4.281520128250123 -1.334620416164398 1.0000000180025095e-35 -0.057666771113872521 1.0000000180025095e-35 -0.97852170467376698 0.013572471216320993 -0.30447621643543238 -0.57644355297088612 0.44138355553150183 -0.22057835012674329 0.69823110103607189 -0.95547944307327259 -0.84948244690895069 1.6484098434448244 -0.81830176711082447 1.552695691585541 -0.63602396845817555 -0.59085813164710987 0.59668883681297313 -1.3949033021926878 0.22739659994840625 -0.40828645229339594 -1.1307124495506284 0.78767803311347973 1.8328114151954653 1.1764512062072756 0.68630784749984752 0.17188719660043719 0.20926544815301898 -0.43525895476341242 -0.79833704233169545 -1.5681836009025572 -1.1147457957267759 -0.22042381018400189
decision_type=2 2 2 2 2 2 2 2 2 2 2 2 2 2 2 2 2 2 2 2 2 2 2 2 2 2 2 2 2 2 2 2 2 2 2 2 2 2 2 2 2 2 2 2 2 2 2 2 2 2 2 2 2 2 2 2 2 2 2 2 2 2 2
left_child=51 -2 4 21 -3 6 9 35 -9 -6 12 16 14 22 -11 -16 17 -12 -19 -7 -17 26 25 24 -5 34 30 -28 29 -29 31 -4 -33 -32 -14 36 -8 39 -39 43 -41 -40 47 -38 45 -31 -47 -37 -49 50 -36 52 -1 -20 55 57 -57 58 59 -21 -60 -48 -63
right_child=1 2 3 23 5 19 7 8 -10 10 11 -13 13 -15 15 20 -18 18 53 54 -22 -23 -24 -25 -26 -27 27 28 -30 44 33 32 -34 -35 49 42 37 38 41 40 -42 -43 -44 -45 -46 46 61 48 -50 -51 -52 -53 -54 -55 -56 56 -58 -59 60 -61 -62 62 -64
leaf_value=0.0016551889354172681 0.071218724858677515 0.067207968425704909 -0.043130979233945599 0.04734242416212002 0.081990144108209609 0.067716013633271427 0.086380889116913856 0.055818684723790792 -0.041639104649300367 -0.050266670495349879 -0.023930425750904354 0.11290370069993361 0.045129953602776204 0.071027100774239391 0.048370375040023929 -0.066435827143606713 0.072327422011370004 0.1259740741268611 0.02917708587240124 -0.02178303821367222 0.051329606843138843 -0.047092935753484756 -0.033655161419680335 0.070208451489315218 -0.011061527556912264 0.062049260858952626 -0.034077465410492613 -0.041731748532796341 0.15537345375266565 -0.0052335081056973359 0.18923007436745928 0.011365931803689958 0.097506659966105524 0.053569721874990844 -0.066941216094481101 0.056137578293657536 0.1302833570332422 -0.035802238319232169 -0.030158521861465185 0.08901787722826654 -0.042333579766066928 0.080203432700603053 0.11345597878297969 0.010668631545410409 -0.043199470852422116 -0.028162985851268908 0.11558694642990271 0.08854935085277571 -0.063789308935601349 -0.06922305936349088 0.064355330172260153 0.072054297394732111 0.097822638953403609 -0.061739100828699649 0.067308438077311947 0.0032736336237013277 0.094138853361521155 -0.046463821340740917 0.093801979526322188 0.09449959567099489 -0.040750812103455387 0.06058508892877093 0.011093695410018714
leaf_weight=64.172988124191761 1125.7701293453574 1048.6212029978633 36.922122083604336 296.57839675247669 199.71144963055849 72.757307313382626 46.840176999568939 30.870999574661255 90.117160283029079 29.220470137894154 89.055954158306122 44.250012703239918 157.91315806657076 989.98777940869331 2183.1025926098228 32.933287382125854 98.267000325024128 23.916783533990383 519.12037074565887 23.73300064355135 23.563405610620975 50.570723090320826 29.597811639308929 224.95779932290316 86.958478428423405 352.55967652797699 103.64091677218676 65.857527650892735 10.422425173223017 130.24767826870084 15.681691959500311 61.44973374158144 45.733547605574131 28.154865294694901 15.008939817547796 228.37129335105419 17.259560100734234 38.77112802118063 17.948254890739918 14.68700388073921 116.02863565832376 114.9554545134306 46.992685467004776 38.455091096460819 38.28299530595541 36.363584011793137 25.875004254281521 10.596628926694391 23.920288145542145 29.798464372754097 33.465424068272114 2289.8426075056195 25.336218193173409 19.627464704215527 41.168417796492577 60.159793481230736 38.321329489350319 94.137865841388702 10.594076640903948 37.83624292910099 66.944484889507294 153.76556166261435 147.07630947977304
leaf_count=200 1874 1589 308 1108 368 173 102 79 683 151 577 98 358 1685 5800 192 225 66 2337 121 70 440 128 681 511 755 734 552 29 831 22 375 157 121 85 761 32 227 114 46 807 328 109 203 358 275 115 23 158 158 85 3008 28 138 110 234 90 609 32 82 400 597 873
internal_value=0.0519532 0.0475028 0.0444535 0.0259913 0.0484482 0.0452489 0.0472932 0.0310925 -0.0167052 0.0500713 0.0487039 0.0339279 0.0517285 0.0605659 0.0454593 0.0467127 0.0292472 0.0227338 0.0301314 0.0190547 -0.0172265 0.0122324 0.0438002 0.0474592 0.0340882 0.0477076 0.0155783 0.00832873 0.0155713 0.0130986 0.0429788 0.0247692 0.0482242 0.102534 0.0262613 0.0391907 0.0257373 0.0177692 0.0423919 -0.00488844 -0.0274801 0.0652503 0.0567413 0.0479801 0.0199071 0.0248222 0.0356163 0.0465449 -0.0167565 -0.011751 0.0235454 0.0704384 0.0290107 0.0258447 0.00953117 0.00232763 0.0387418 -0.0130358 0.00956708 0.0496326 -0.0222054 0.0427367 0.036418
internal_weight=12264.8 9885.5 8759.73 1558.54 7201.19 6152.57 5706.91 835.814 120.988 4871.1 4671.39 794.238 3877.15 1608.33 2268.82 2239.6 749.988 651.721 562.665 445.653 56.4967 950.045 618.343 608.495 383.537 588.746 899.474 711.532 607.891 597.469 187.942 144.105 107.183 43.8366 236.186 714.826 404.945 358.105 171.675 186.43 130.716 132.904 309.881 55.7147 531.611 493.328 363.08 262.888 34.5169 78.2728 48.4744 2379.35 89.5092 538.748 372.895 331.727 98.4811 233.246 139.108 61.5692 77.5386 326.717 300.842
internal_count=33585 30349 28475 8087 20388 18799 16948 3672 762 13276 12908 3441 9467 3254 6213 6062 3343 3118 2541 1851 262 5787 1569 2300 1619 1441 5347 4364 3630 3601 983 840 532 143 686 2910 1859 1757 669 1088 853 442 1051 235 3049 2691 1860 942 181 328 170 3236 228 2475 1678 1568 324 1244 635 203 432 1585 1470
is_linear=0
shrinkage=0.05


Tree=15
num_leaves=64
num_cat=0
split_feature=18 19 17 19 49 18 0 55 19 1 63 48 78 17 18 59 31 50 31 68 52 66 26 27 52 17 0 53 3 3 6 79 2 19 50 63 17 3 5 3 54 47 0 50 41 55 39 74 49 75 54 48 64 67 59 65 61 50 79 19 63 73 5
split_gain=370.35 251.954 151.207 121.16 141.948 130.124 103.615 113.653 96.8243 110.961 96.5737 102.667 94.1073 127.627 82.6789 80.3678 91.3899 78.7623 119.358 77.118 83.6724 73.5877 73.1707 86.9945 71.9784 71.4438 69.9344 86.3435 69.0068 68.8711 80.2352 88.5079 67.4754 64.772 72.4939 64.4241 64.1859 64.0921 62.8644 75.9646 61.9757 69.1621 74.0831 68.4378 65.5514 61.7414 61.4001 62.3651 61.2775 83.3811 66.5287 78.8258 80.6145 75.1961 61.1249 60.5275 84.1891 64.0521 65.1438 65.1676 60.3276 60.1451 77.3821
threshold=-0.95223531126976002 0.18205998837947848 -2.4495815038681026 -2.0754679441452022 -0.28925403952598566 0.51286146044731151 -0.89378309249877919 -0.35338874161243433 -0.4750856459140777 -1.2093401551246641 -0.12843638658523557 -0.32026199996471399 0.1633996665477753 0.022248046472668651 1.0714913010597231 0.17188719660043719 0.36869023740291601 -0.25616364181041712 3.8855760097503667 0.72921177744865429 0.33129687607288366 -1.4627848863601682 0.20782735943794253 0.042104022577404983 1.1222832202911379 2.0758439302444462 -0.95173189043998707 -0.0053284694440662852 -1.3173735141754148 -1.7307137250900266 -0.24505755305290219 -0.34014572203159327 0.79502040147781383 1.1063627004623415 -0.10092408582568167 -0.20094715058803556 2.7669115066528325 0.87941092252731334 -1.4327469468116758 -0.92643779516220082 -0.40923509001731867 0.88254362344741832 0.86391299962997448 -1.2206446528434751 1.0799386501312258 1.9265324473381045 -1.0332942605018614 -0.65665090084075917 0.49063710868358618 0.28816495835781103 -0.3464942574501037 -0.28276689350605005 -1.3894256353378294 0.41091933846473699 -1.0137208700180051 0.38979916274547582 -0.21733792871236798 -0.088651828467845903 -0.51832798123359669 0.53397718071937572 -0.12843638658523557 -0.53499832749366749 0.23759891092777255
decision_type=2 2 2 2 2 2 2 2 2 2 2 2 2 2 2 2 2 2 2 2 2 2 2 2 2 2 2 2 2 2 2 2 2 2 2 2 2 2 2 2 2 2 2 2 2 2 2 2 2 2 2 2 2 2 2 2 2 2 2 2 2 2 2
left_child=8 2 -2 -4 5 -5 46 15 -1 -10 11 14 13 21 33 38 -17 18 29 20 32 -11 23 26 -19 40 -22 -28 -15 -13 -31 35 -7 -9 -35 -32 -27 -26 -8 -40 44 43 61 -42 -6 -45 -3 -48 49 50 51 -23 -53 -54 -12 -49 57 58 -57 -60 -21 -43 -63
right_child=1 6 3 4 25 19 7 10 9 12 54 17 -14 28 -16 16 -18 24 -20 60 22 48 -24 -25 37 36 27 -29 -30 30 31 -33 -34 34 -36 -37 -38 -39 39 -41 41 42 -44 45 -46 -47 47 55 -50 -51 -52 52 53 -55 -56 56 -58 -59 59 -61 -62 62 -64
leaf_value=0.069740079558375093 0.078455098515545496 0.10490225897152716 0.065192383840645393 0.041385527917510691 0.038216839153499445 -0.00067958291921858122 0.14559468063443884 0.069734936677984583 -0.029880164742640283 -0.011666583531842207 0.071405984843216572 0.089366619604937358 0.069172984725726402 0.063700886592944581 -0.023946468697514638 -0.043588883964803579 0.14446973304257957 0.04700968868316327 0.15004087090127458 0.0087311786037686384 0.075807990948364171 0.052911110116416318 -0.061951380387515645 0.095249041947857049 -0.048410410358754659 -0.029010241572565643 -0.051794422583892233 0.038828339679082377 -0.024326814990824969 -0.034290642404864562 -0.012493864907182453 -0.035109759135128135 -0.061378542879150837 0.044381879489554105 -0.065294179349585188 0.088266534766163002 0.11289069762972864 0.071186016814297537 -0.030916189982412703 0.074560808564576017 -0.009017895486010374 0.065382187484511023 0.070625683589614352 0.05919204580374602 -0.044980475521459742 -0.0031726992508049664 0.070581347758090079 -0.035981311038649037 0.067069151909156965 -0.049599855803274598 0.058339960869145516 0.09101659273490835 -0.059327411748828197 0.037516013060964255 0.0044736036494955542 0.12262992671970084 -0.045848982386394142 -0.021062162124274399 0.10899983898552423 -0.060451272305532079 0.079917093905317538 -0.013921811652338379 0.041818532495887593
leaf_weight=1754.7209743335843 374.77082788944244 13.204850472509859 699.0284780561924 1245.8393590003252 465.34157966822386 236.46896429732442 27.28066973388195 334.40471796691418 38.511071071028709 43.33150526881218 36.664847165346146 18.594786092638969 816.28508880734444 29.711532421410084 31.866420134902 30.430499784648418 8.0925427824258787 324.22661429643631 13.18067057430744 52.603612944483757 38.70741680264473 122.54377467185259 20.058034498244524 49.484772138297558 39.673935912549496 48.401572570204735 48.389317907392979 57.281859003007412 87.79159439355135 147.99145140498877 23.423379838466644 43.165021874010563 56.731064327061176 77.084893435239792 18.598366141319275 48.39105986431241 9.432107098400591 15.477505482733248 18.77852214127779 175.87588336318731 38.551986075937748 65.042197063565254 107.68300642818213 2159.4887621924281 24.808595724403858 40.264050096273422 24.672055214643478 131.33316383883357 553.83629129081964 22.439400643110275 493.16144074499607 17.710078306496143 57.436023823916912 30.6132672727108 476.69440686330199 30.202594839036465 39.969710126519203 26.021541103720665 9.7015930935740489 13.354257330298422 69.042927853763103 136.7480109706521 114.03560347110033
leaf_count=1938 461 42 1006 3416 1430 1356 81 928 156 153 116 74 1173 80 243 208 17 1420 27 235 95 264 145 158 277 290 310 197 403 1085 165 309 427 308 113 187 23 36 136 488 177 139 262 4757 140 155 79 928 815 100 916 41 310 86 2923 79 308 152 26 105 196 638 334
internal_value=0.048492 0.0424659 0.0476545 0.0456564 0.0429683 0.0320254 0.0279272 0.0321456 0.0608682 0.0541339 0.0272903 0.0354242 0.0555596 0.0479333 0.0535887 0.0628517 -0.00368215 0.0229632 0.00355235 0.0134678 0.00487674 0.0523112 0.028654 0.0380813 0.0380257 0.0493565 0.0184005 -0.00263242 -0.00199061 -0.00333816 -0.00994384 0.0213523 -0.0124582 0.0593494 0.0229656 0.0553608 -0.00562637 -0.0146887 0.0744195 0.064349 0.0503671 0.05338 0.0348062 0.0568904 0.0339874 0.0580482 0 -0.00507336 0.054452 0.045044 0.0480011 0.0256302 -0.00595329 -0.0255955 0.00927672 -0.0125673 0.0131858 0.0430319 0.0744221 0.0107984 0.0492077 0.0225589 0.0114109
internal_weight=12424.7 8356.56 6158.2 5783.43 5084.4 1874.61 2198.36 1909.9 4068.09 2313.37 1649.44 1136.08 2274.86 1458.57 461.954 260.458 38.523 674.124 294.746 628.768 507.121 1341.07 213.921 193.863 379.378 3209.8 144.379 105.671 117.503 281.566 262.971 114.979 293.2 430.088 95.6833 71.8144 57.8337 55.1514 221.935 194.654 3151.96 2661.81 423.509 2238.3 490.15 2199.75 288.46 275.255 1297.74 743.904 721.465 228.303 105.759 88.0493 513.359 250.583 119.25 79.28 53.2584 23.0559 121.647 315.826 250.784
internal_count=33642 27207 16347 15886 14880 6535 10860 9141 6435 4497 8211 5172 4341 3168 1592 930 225 3580 1847 3119 2688 2685 905 760 1733 8345 602 507 483 1820 1746 661 1783 1349 421 352 313 313 705 624 8032 6462 1373 5089 1570 4912 1719 1677 2532 1717 1617 701 437 396 3039 1598 670 362 210 131 431 1111 972
is_linear=0
shrinkage=0.05


Tree=16
num_leaves=64
num_cat=0
split_feature=19 19 4 17 41 49 52 49 63 66 3 54 78 58 41 17 55 68 0 35 61 65 44 45 2 61 4 49 65 48 48 31 4 50 74 17 54 54 33 4 45 25 58 76 65 79 0 17 65 32 79 2 6 44 77 74 66 65 2 17 64 44 68
split_gain=335.643 193.622 131.619 111.254 130.355 90.7856 87.8572 88.722 84.3907 81.5327 71.4937 71.1075 82.459 67.3935 87.3818 66.8635 65.8342 64.5392 70.9519 86.0731 70.8247 79.4268 63.7953 64.0024 63.1172 62.7464 61.2208 58.0478 58.0032 57.0292 55.992 54.5042 54.891 63.8817 69.7012 58.0388 72.0982 59.6451 101.412 71.6156 62.1219 82.8937 84.9134 66.58 67.3698 64.9727 75.4341 81.3337 61.3217 57.9842 57.4797 54.4639 58.402 53.961 59.8956 53.5172 52.8322 73.2829 85.0693 51.897 66.9249 51.2785 65.3836
threshold=0.3042141348123551 -1.5292041301727293 -2.1717550754547115 0.20051464438438418 -0.20586506277322766 0.17443566769361499 -1.1508668661117551 -0.28925880789756769 -0.042266337200999253 0.31880828738212591 -1.0386888980865476 -0.31180360913276667 -0.22410626709461209 -0.64612215757369984 -0.93444484472274769 -2.0326931476593013 0.6384284794330598 1.4445778131484988 -0.36623245477676386 1.9336240291595461 -0.36491851508617396 -0.40215107798576349 0.44138355553150183 1.0000000180025095e-35 0.35066583752632147 -0.27663975954055781 -0.76522076129913319 0.27982106804847723 0.041417207568883903 0.49994295835495001 0.024692764505743984 1.687522351741791 -1.5863631963729856 -0.11338697746396063 -0.16313629597425458 0.11648997291922571 -0.56219449639320362 3.1048239469528203 -0.25629365444183344 0.84659934043884288 1.0000000180025095e-35 -0.21771962195634839 -0.42783865332603449 1.0000000180025095e-35 0.70962521433830272 -0.54378259181976307 0.63985556364059459 -1.632750868797302 0.51163765788078319 -0.83532643318176258 1.4162222146987917 0.72995600104331981 0.49772962927818304 -1.4986153244972227 1.3179311752319338 -0.29856660962104792 1.4775583744049074 0.12898863106966021 0.79502040147781383 0.011979553382843735 0.59333923459053051 0.44138355553150183 -0.46765056252479548
decision_type=2 2 2 2 2 2 2 2 2 2 2 2 2 2 2 2 2 2 2 2 2 2 2 2 2 2 2 2 2 2 2 2 2 2 2 2 2 2 2 2 2 2 2 2 2 2 2 2 2 2 2 2 2 2 2 2 2 2 2 2 2 2 2
left_child=1 22 -2 6 11 31 10 15 24 -6 -3 12 13 -5 -15 -8 -13 18 19 51 21 -20 23 -1 61 -22 -18 -10 -23 -26 -11 32 33 34 -4 37 -37 40 -39 -40 45 42 49 -43 48 46 47 -34 56 -42 -38 -17 -53 55 -55 -12 57 -45 -59 -25 -61 62 -7
right_child=2 3 5 4 9 8 7 -9 27 30 53 16 -14 14 -16 17 26 -19 20 -21 25 28 -24 59 29 -27 -28 -29 -30 -31 -32 -33 35 -35 -36 36 50 38 39 -41 41 43 -44 44 -46 -47 -48 -49 -50 -51 -52 52 -54 54 -56 -57 -58 58 -60 60 -62 -63 -64
leaf_value=0.025523407287657719 -0.027322851015041474 -0.016568715135273828 0.1225573690893 0.042453444593888605 -0.042672560796117628 0.0087615920710124168 0.066193222888605949 0.0541798386673919 0.064495172153951827 0.041340408155114167 0.046571714627256865 0.065259411133397519 0.047445901875068044 0.077584591327018101 -0.037093640274878957 0.049594639501205538 0.081918693458497061 0.06769691853583179 0.084188858446925877 -0.036630047802782298 -0.071817342168754059 -0.047610098710058377 0.06984074286033147 0.06323801996991095 0.030428096735439576 0.014468284013927291 -0.064356823198496005 0.0053023079668629829 0.036154802931152932 -0.061374734132291602 -0.060292485288252796 -0.03272507882243867 0.10493440319603031 0.12900841859592274 -0.057903634623596115 0.10631599094038202 -0.024133835120113901 0.15650547429803446 -0.060627618780602827 0.11813450155164054 0.084576761172523329 0.018738863419798239 -0.03983135876943187 0.059850532241154886 -0.0073614979025663375 -0.015468164352362824 0.10652854636650975 -0.0073855565309860968 0.098357113747994621 -0.0050728308875813404 0.060291201830006663 -0.038318529291365422 0.039325294058209677 0.045809043732153373 -0.032311766385029049 -0.067567815698888853 0.13547352614479083 -0.038720411273270437 0.10400418598696359 4.1283070157190264e-07 0.073876199014143482 0.065414995296227171 0.053418190525748636
leaf_weight=174.9710983261466 97.151275560259819 74.86025558412075 8.772959232330324 66.655505396425724 89.368094697594643 115.14893240481615 243.81664995849133 3891.3751326352358 51.049449533224106 78.603780977427959 17.919233098626137 267.97397943586111 200.09868977218866 19.499029904603958 108.34758817777038 944.60819964855909 11.054928965866567 170.86462634801865 81.244962759315968 32.522871151566505 22.158894032239914 24.232147879898548 1258.1995998769999 809.19151373207569 150.71671702712774 390.04852028936148 19.801543571054935 219.11679814383388 135.96443210542202 18.930200777947903 16.244971290230751 42.720158807933331 19.516757324337959 26.460469625890255 13.356177631765602 13.718433387577532 145.81079027056694 23.09032566845417 14.314747937023641 9.0581929758191091 33.822688445448875 208.29345046728849 71.649890437722206 155.69980730861425 39.114872120320797 166.28093677014112 26.57275977730751 89.978000566363335 85.269043378531933 38.282595708966255 23.272703170776367 37.511375598609447 67.781688526272774 409.31934221088886 25.955115623772144 23.717407651245594 16.231085821986198 45.08377131074667 13.473193183541296 78.449412249028683 50.364187389612198 441.08135321736336 287.19889768958092
leaf_count=410 712 348 18 243 649 481 369 7644 175 323 41 693 615 55 692 2227 30 323 150 155 118 121 1428 1068 644 1430 127 1068 384 147 131 328 35 69 119 71 1189 41 106 17 98 995 475 525 197 1055 85 513 205 209 126 198 175 1032 105 141 14 283 48 240 68 1013 885
internal_value=0.0453602 0.0496513 0.0297728 0.0456967 0.0289527 0.0318984 0.0479241 0.0496696 0.0413911 -0.00840762 0.028795 0.0388848 0.0249188 0.00170537 -0.019517 0.0415047 0.0572954 0.0383422 0.0354465 0.0433069 0.0224176 0.0439232 0.062108 0.0533562 0.0480151 0.00980144 -0.0116939 0.0165254 0.0234311 0.0201246 0.0238357 0.0227322 0.0245791 0.0767065 0.0136436 0.022524 -0.00346141 0.0270281 0.0824122 0.00864684 0.0244655 0.0325786 -0.00127582 0.041228 0.054405 0.00547531 0.0310985 0.0126666 0.0620722 0.0369691 -0.0124552 0.0457911 0.0116066 0.0359281 0.0411329 -0.0183317 0.04859 0.0419247 -0.00567478 0.0585394 0.0289584 0.053616 0.0406556
internal_weight=12553 9842.72 2710.24 7471.55 877.648 2613.09 6593.9 6042.13 1283.24 184.217 551.771 693.431 394.601 194.502 127.847 2150.75 298.83 1906.94 1736.07 1082.42 653.649 241.442 2371.18 1112.98 1013.08 412.207 30.8565 270.166 160.197 169.647 94.8488 1329.84 1287.12 48.5896 22.1291 1238.53 182.802 1055.73 46.4633 23.3729 1009.27 706.92 143.755 563.165 354.872 302.348 136.068 109.495 315.757 72.1053 169.083 1049.9 105.293 476.911 435.274 41.6366 230.488 214.257 58.557 938.005 128.814 843.429 402.348
internal_count=33679 21733 11946 18519 3558 11234 14961 13294 4413 1103 1667 2455 1605 990 747 5650 850 5281 4958 2755 2203 655 3214 1786 3170 1548 157 1243 505 791 454 6821 6493 206 137 6287 1386 4901 164 123 4737 3049 782 2267 1272 1688 633 548 1075 307 1315 2600 373 1319 1137 182 870 856 331 1376 308 2379 1366
is_linear=0
shrinkage=0.05


Tree=17
num_leaves=64
num_cat=0
split_feature=18 19 18 19 67 44 53 17 78 66 49 65 17 72 78 39 59 19 12 0 63 41 65 62 66 78 24 18 54 33 1 44 0 18 49 49 50 18 64 18 7 65 66 72 20 51 6 2 53 53 18 33 40 17 79 42 53 20 64 39 40 19 69
split_gain=317.643 208.065 125.539 94.2901 90.3693 103.837 100.009 117.596 84.2722 82.2573 92.323 78.7565 89.3097 78.679 78.2733 92.7716 95.0744 74.5972 74.103 73.6627 71.9784 70.9543 69.4429 67.3854 78.3973 67.1756 72.7769 66.4729 68.8843 71.2829 66.0443 76.9081 70.078 63.4072 62.8922 101.469 69.8806 65.6136 61.7475 61.7096 59.3124 59.1163 61.6062 58.5048 57.9778 57.9202 57.9193 56.8366 74.2309 56.7528 56.365 55.9155 58.8225 59.2198 55.2524 53.8222 53.5072 66.0977 76.0412 78.1677 100.134 61.0656 60.446
threshold=-0.95223531126976002 -0.869724541902542 1.0714913010597231 0.32444526255130773 -0.33743801712989802 0.41101412475109106 -0.45313610136508936 1.0452190637588503 0.71826332807540905 0.7868337631225587 -0.56329929828643788 -1.2759615778923032 -1.0811744332313535 2.0056667923927312 1.0019282102584841 -0.20666637271642682 -0.55305314064025868 0.202500194311142 1.0000000180025095e-35 -0.47898098826408381 -0.15680646896362302 -0.1106673553586006 0.88286432623863231 0.25777310132980352 1.2358047962188723 -0.054839128628373139 -0.82813972234725941 0.87415608763694774 -0.3239396065473556 -0.23617917299270627 -0.64514914155006398 0.600519359111786 -0.12860579788684842 1.2994269728660586 0.078690234571695342 0.27982488274574285 -0.74776756763458241 0.82882142066955578 0.78283369541168224 -2.3423089981079097 -0.21709776669740674 0.63728362321853649 -0.86971443891525257 2.164663672447205 -1.1867825984954832 -0.16455670446157453 -0.91965660452842701 -1.0988727211952207 -0.24818337708711621 -0.25900551676750178 1.010637700557709 0.37328974902629858 0.19149567186832431 -0.52655574679374684 -0.72196483612060536 1.0000000180025095e-35 -0.37036843597888941 0.27005796134471899 0.24728744477033618 0.644047111272812 -0.29636669158935541 0.4049318283796311 0.17105090431869033
decision_type=2 2 2 2 2 2 2 2 2 2 2 2 2 2 2 2 2 2 2 2 2 2 2 2 2 2 2 2 2 2 2 2 2 2 2 2 2 2 2 2 2 2 2 2 2 2 2 2 2 2 2 2 2 2 2 2 2 2 2 2 2 2 2
left_child=3 13 4 39 5 11 9 22 34 17 -11 19 -13 27 15 20 -17 21 51 -3 45 -6 44 24 -16 26 -5 49 -29 -30 -28 32 -32 40 36 -36 -7 -37 -9 -1 -18 42 -38 -24 -8 -4 -31 -44 -49 55 54 52 53 -14 -19 -2 61 -58 -59 -60 -61 62 -46
right_child=1 2 14 25 6 8 7 38 -10 10 -12 12 18 -15 23 16 33 50 -20 -21 -22 -23 43 -25 -26 -27 30 28 29 46 31 -33 -34 -35 35 37 41 -39 -40 -41 -42 -43 47 -45 56 -47 -48 48 -50 -51 -52 -53 -54 -55 -56 -57 57 58 59 60 -62 -63 -64
leaf_value=0.071013738338689472 0.021096151952266481 -0.011812046693543661 -0.058135054090622765 0.083868575842898127 0.044729083123879715 -0.039872000004435651 0.080298271712507308 -0.0095948058634753204 0.063830069247768365 0.099764655874770083 0.011104800136483295 0.03835796461030444 -0.067289633423071246 0.068548316597041289 -0.04272212195201943 -0.058773304204767118 -0.023993454640783261 0.078563279017253851 -0.050726625991158861 0.056732906997801424 -0.05405514081625265 -0.062483072398535913 -0.069036822046512139 0.097026197502034214 0.11032712102732228 0.054396877445322157 -0.018746391820019456 -0.013421971059437777 0.054306168068384023 0.064264072885349174 0.044349780767619369 0.054619157312743971 -0.039114351974831978 -0.020716973190128357 0.096167592864118176 0.036516813328654675 0.070809272890087635 -0.063124419414648456 0.047271434514625274 0.054011917202729458 0.077728484650517293 -0.021426855073478131 0.089066650483049126 0.068319244278718605 0 0.017433063639348937 -0.067167731434201475 -0.06275272548822218 0.023113773347047541 0.052684940897006677 0.088931986548327291 -0.049896592737670997 0.081446297153387415 0.0092468016452172171 -0.034007728794319264 0.067106749482321537 0.045218779483288431 -0.0085342420546413306 -0.012201715736917031 -0.024722035775151096 0.08828504253463304 0.085488373198226775 0.072777719132052013
leaf_weight=667.91015592217445 297.38909655809402 50.67428319901228 32.20468532294035 43.299662254750729 118.41100154817104 50.463117960840464 118.55340943485498 157.6844273544848 228.51400252431631 54.400469765067101 64.033373080193996 181.17461444437504 26.598548628389835 423.54361214488745 26.576597012579441 26.442903511226177 16.827280938625336 11.619003027677534 67.967169970273972 170.79167591035366 97.146093774586916 17.618236042559147 23.825793072581291 41.452550515532494 12.086384169757364 307.29913757741451 101.04978649318218 91.197267577052116 154.31132808327675 12.549308180809019 44.177328668534756 132.89279677718878 58.091471210122108 29.246632032096386 73.755463510751724 310.87598966807127 77.406008578836918 17.324655689299107 68.298919633030891 2733.5465320274234 92.347759012132883 60.770593710243702 24.668787710368633 11.346871688961981 55.652685791254044 117.75321347638965 24.659660711884499 30.399633757770061 143.59882402420044 1509.0352523848414 11.297477632761 43.513709586113691 26.518259644508362 470.60951483249664 152.87404142692685 81.040116041898727 2021.8294679224491 130.9646236076951 46.464590221643448 24.754664607346058 92.263854704797268 159.09611884504557 58.724902287125587
leaf_count=628 799 261 297 86 399 348 212 974 470 150 276 505 157 536 167 235 142 35 406 558 810 125 136 115 13 627 460 407 382 35 130 332 287 238 134 884 234 118 255 3923 400 302 56 18 230 629 146 217 505 2612 55 310 83 2312 1010 140 5683 620 193 114 197 457 140
internal_value=0.0424734 0.0369845 0.0318274 0.0539382 0.0340094 0.0257238 0.0390169 0.0422824 0.0370745 0.0164637 0.0519211 0.0145853 0.00740165 0.0488061 0.00762528 -0.00116109 0.0278647 0.00296802 -0.00142453 0.0410281 -0.0205504 0.0307707 0.0451384 0.0528139 0.0051546 0.0370088 0.0229055 0.0449479 0.0222933 0.0393243 0.0150168 0.0295481 -0.00300318 0.0444819 0.0293145 0.0431742 0.0149104 0.0312242 0.00758306 0.0573539 0.0619966 0.0231417 0.0329746 -0.0245153 0.0460457 0.00114295 -0.0226528 0.0181799 0.00805571 0.0483372 -0.018523 0.00448198 0.00901822 0.00512966 -0.025983 0.0309776 0.0444727 0.0419933 0.0198208 0.0425577 0.0643356 0.0654313 0.0374385
internal_weight=12629.4 8541.15 5947.42 4088.27 5455.34 2055.62 3399.71 2969.46 1017.78 430.254 118.434 1037.85 816.382 2593.73 492.084 411.969 164.865 311.82 635.207 221.466 247.104 136.029 2743.48 80.1155 38.663 686.81 379.511 2170.18 282.718 191.52 336.211 235.162 102.269 138.422 789.263 401.956 387.307 328.201 225.983 3401.46 109.175 336.844 276.073 35.1727 2708.3 149.958 37.209 198.667 173.998 1887.46 175.791 567.24 523.726 497.208 164.493 378.429 2589.75 2316.28 294.448 163.483 117.019 273.474 114.378
internal_count=33715 27242 22185 6473 19139 7860 11279 9229 3268 2050 426 4592 3773 5057 3046 2751 1015 1624 3268 819 1736 524 8000 295 180 1922 1295 4521 970 563 1209 749 417 780 2798 1136 1662 1002 1229 4551 542 1314 1012 154 7846 926 181 778 722 3551 1100 2862 2552 2469 1045 939 7634 6807 1124 504 311 827 370
is_linear=0
shrinkage=0.05


Tree=18
num_leaves=64
num_cat=0
split_feature=18 19 17 49 18 39 73 54 6 76 44 78 0 17 74 49 47 50 61 55 18 72 19 61 64 65 68 50 0 17 47 19 17 72 31 2 65 47 78 76 7 73 54 62 19 19 26 41 47 6 53 61 48 55 76 49 19 69 50 7 16 72 18
split_gain=325.058 245.968 111.089 100.316 103.59 124.136 111.577 98.4316 105.519 84.6223 84.3622 99.7747 84.1166 82.8342 101.413 82.1211 85.2561 88.7733 77.4951 75.4842 75.3388 85.7158 97.5095 87.9813 74.7268 82.7151 71.4145 70.7605 69.573 68.2166 65.2095 87.2276 63.9553 89.1588 66.5085 63.6151 62.6041 71.154 62.4683 66.8398 62.0451 68.989 77.3569 60.918 60.8514 60.1767 59.7516 58.5611 57.8856 57.5028 57.103 56.7817 56.6871 58.2794 56.6757 55.98 55.5928 68.3093 69.1648 54.0865 54.0169 53.8421 53.6259
threshold=-1.1419257521629331 0.18205998837947848 -1.8525771498680113 0.17443566769361499 0.57629173994064342 -0.58122730255126942 0.047485906630754478 -0.40923509001731867 -1.1884369850158689 0.010901656933128836 0.45717565715312963 -0.31342741847038263 -0.80697515606880177 0.18926882743835452 -0.071106489747762666 0.38520649075508123 0.82561790943145763 -0.85066324472427357 -0.10289631783962248 0.74920055270195018 0.68017876148223888 1.2555771470069887 -1.1289294362068174 -0.33547914028167719 -0.38906662166118616 0.54971221089363109 -0.22002387791872022 0.72772428393363964 0.46462577581405645 1.4191613197326662 -1.4411234855651853 -0.97353404760360707 0.030660311691462997 1.2555771470069887 3.0382616519927983 1.0000000180025095e-35 0.26986439526081091 -0.57946458458900441 -0.45306414365768427 -0.053153211250901215 2.442127108573914 -0.59804561734199513 3.1048239469528203 0.18755206465721133 1.7254440784454348 0.4049318283796311 -0.26480901241302485 0.93777674436569225 -1.2564006447792051 1.7429904937744143 -0.71656176447868336 1.5905562043190005 -0.33947822451591486 -0.013741653878241776 0.16589646786451342 0.70138651132583629 0.51428106427192699 -0.32153632491827006 -0.25616364181041712 -0.49701619148254389 1.0000000180025095e-35 0.52561005949974071 0.99367567896842968
decision_type=2 2 2 2 2 2 2 2 2 2 2 2 2 2 2 2 2 2 2 2 2 2 2 2 2 2 2 2 2 2 2 2 2 2 2 2 2 2 2 2 2 2 2 2 2 2 2 2 2 2 2 2 2 2 2 2 2 2 2 2 2 2 2
left_child=15 2 59 13 5 44 38 8 -4 24 11 12 27 14 45 16 -1 -18 -17 30 29 23 -23 -22 -7 36 -21 54 47 43 31 -12 49 34 -34 -29 37 -26 -6 -40 41 -16 62 -13 -5 -3 -44 -10 -30 -14 -15 -32 -19 -54 -9 -33 -47 -58 61 -2 -8 -59 -43
right_child=1 3 7 4 6 9 60 10 28 -11 19 20 32 50 40 18 17 52 -20 26 21 22 -24 -25 25 -27 -28 35 48 -31 51 55 33 -35 -36 -37 -38 -39 39 -41 -42 42 46 -45 -46 56 -48 -49 -50 -51 -52 -53 53 -55 -56 -57 57 58 -60 -61 -62 -63 -64
leaf_value=0.050185449690072562 0.0033881661198007455 -0.016537421754989703 -0.066589561439526143 -0.054072092848430169 -0.046891959860078665 -0.033292645169620667 0.058796677922534249 -0.054335839974680694 0.03496056983804282 0.056692532184692862 0.05683782498638637 0.058235471346986256 0.03123444422903375 0.085543349057827317 0.055105593023797028 0.066488072588101466 -0.052143472918143211 0.077751089192158854 0.039346372266060393 0.026235188381689558 0.044167944896834337 -0.022316507361347566 0.080140637876555565 -0.013275977217429064 0.065319298384888744 -0.027037004624309021 -0.07498977064730078 -0.016154874152284702 0.065589877391603366 -0.0072868375862645655 0.052311749149201753 -0.031974850254344385 -0.031074325983413659 0.05700167845426693 0.1049147975467329 0.074361562931947928 0.084406208877448347 -0.044642875784786672 0.068533060592693498 -0.01655192017038316 0.085932130320432953 -0.0021686585952581062 0.13774551659968182 0.031738857519468359 0.07468042662486965 0.092416052214562616 0.0035357430734835357 -0.027603881503909296 -0.018839690877283936 0.083071614176219943 -0.028067696965808978 -0.025725919112875414 0.010517515824002871 0.069335226294976293 0.012242913798742087 0.048512435980011634 0.06561313720645387 -0.060749334870912108 0.045367740797538303 0.05990149034874688 -0.05973131439446297 0.02748876261638768 -0.049542503958427575
leaf_weight=1720.0290845707059 45.052885144948959 45.062413215637207 32.483589835464954 47.738685168325901 89.516878210008144 50.587060749530792 97.522458706051111 81.012031715363264 680.99746832996607 534.46315362304449 92.689205765724182 804.94724256545305 699.50809136033058 11.713390734046696 54.708958297967911 1241.7307294160128 35.000474065542221 55.057573318481445 335.68474288284779 86.695298969745636 106.14739454910159 29.91163681447506 102.09410089999437 178.61814739182591 32.497235476970673 40.40657564252615 21.692105799913406 36.420529142022133 23.973598413169384 52.27929912135005 1980.4664268046618 76.960228860378265 117.19491153582931 52.073939733207226 9.6270233988761884 41.211983904242516 75.922385320067406 26.675321914255619 33.174775440245867 75.123369034379721 22.406008519232273 484.68815245479345 16.469825178384781 298.89484757184982 11.236112810671328 51.952869705855846 16.771049492061138 39.413442321121693 129.15157876163721 58.036716908216476 170.26397841051221 23.445471413433552 216.16872324049473 52.319607645273209 52.528980247676373 29.893318504095078 110.12221110612154 39.762244217097759 80.490151844918728 758.43296703696251 10.540338441729544 30.358457677066326 68.081557802855968
leaf_count=2699 120 224 211 284 738 269 454 466 1966 1281 130 1347 2067 64 184 1359 188 63 572 255 309 103 177 880 70 196 107 137 52 219 4161 302 725 137 21 82 162 149 123 480 73 2786 28 724 24 107 93 199 612 116 1492 100 626 86 193 53 354 310 304 1062 82 138 652
internal_value=0.0395127 0.0344368 0.0392765 0.0204197 0.0311513 0.0404191 0.00629894 0.0369118 0.0217245 0.0458406 0.0396447 0.0336674 0.0224447 0.0103732 0.0159158 0.0521026 0.0455592 0.0233445 0.0607182 0.0466746 0.0418505 0.0235929 0.0568874 0.00812689 0.0201512 0.0355947 0.00588 -0.00603918 0.0250216 0.0484253 0.0486787 0.0213631 0.0288733 0.0019534 -0.0206375 0.0318662 0.0543708 0.0156717 -0.0160017 0.00950506 0.00433053 0.00145614 -0.00355249 0.0510689 -0.0293721 0.0373693 0.0703962 0.0315274 -0.00555441 0.0352228 -0.0206844 0.051395 0.0315397 0.0220193 -0.0281198 -0.0093867 0.0451568 0.035689 0.0137472 0.0567397 0.0471448 -0.0224911 -0.00802038
internal_weight=12726.1 9070.11 6741.85 2328.26 1125.4 819.527 305.878 5938.37 906.02 760.552 5032.35 2720.51 1147.61 1202.85 1020.87 3655.99 2078.58 358.546 1577.42 2311.84 1572.89 416.771 132.006 284.766 226.089 175.502 108.387 211.174 873.536 1156.12 2203.45 199.543 936.441 178.896 126.822 77.6325 135.095 59.1726 197.815 108.298 663.126 640.72 586.011 1103.84 58.9748 357.748 33.2409 720.411 153.125 757.545 181.977 2003.91 323.546 268.488 133.541 106.854 312.686 260.733 150.611 803.486 108.063 70.1207 552.77
internal_count=33747 28154 17033 11121 4312 2435 1877 15851 3040 2127 12811 7703 3944 6809 5253 5593 3662 963 1931 5108 3759 1469 280 1189 846 577 362 878 2829 2290 4746 485 3066 883 746 219 381 219 1341 603 3816 3743 3559 2071 308 1437 121 2165 664 2183 1556 4261 775 712 659 355 1213 1106 752 1182 536 448 3438
is_linear=0
shrinkage=0.05


Tree=19
num_leaves=64
num_cat=0
split_feature=18 19 49 50 54 4 67 58 17 54 18 59 75 78 0 55 3 44 2 31 79 78 61 17 51 67 19 55 76 76 24 66 79 50 6 64 61 62 66 50 50 31 47 55 1 75 59 60 62 17 75 54 51 4 52 19 13 61 3 19 6 60 61
split_gain=322.693 202.946 156.01 98.8615 125.322 91.2106 90.4022 103.064 98.2362 81.4762 76.0592 75.4619 75.4195 74.4563 86.4162 71.1889 69.7949 68.2579 90.0997 87.2558 82.0181 73.5944 68.5673 67.6954 66.4791 76.0267 64.1047 62.9075 60.3143 63.3029 59.1285 90.0032 58.4625 58.9066 60.2843 57.8664 60.443 59.6745 57.7272 57.4492 57.1503 56.2022 55.6912 55.462 55.264 57.7602 54.7305 61.9505 54.5989 54.269 59.8895 55.4861 94.9345 69.8632 66.0123 74.4143 65.7066 89.5797 75.1312 65.2971 63.2494 60.2466 60.545
threshold=-0.97667732834815968 -2.1172688007354732 0.12175295501947404 -0.85066324472427357 -0.53139653801918019 -2.3894609212875362 0.16289310157299045 0.84188574552536022 1.6234607696533205 3.1099760532379155 -2.3423089981079097 -0.87665656208991993 -0.10983270406723021 0.1633996665477753 -1.1087925434112547 1.4224435091018679 -1.2540464997291563 -0.1429241746664047 -0.66514599323272694 2.1758803129196171 -0.74741944670677174 -0.38079242408275599 0.3091761469841004 -1.632750868797302 0.49259956181049352 -0.30831311643123621 1.0978251099586489 -0.36407622694969172 0.11517165973782541 0.35067637264728552 -0.091075994074344621 1.0643144845962527 -0.085599645972251878 0.225510448217392 0.48184114694595342 0.71088823676109325 0.11711278557777406 0.20130620151758197 0.14969983696937564 -0.6649227738380431 1.0175585150718691 -0.75338074564933766 1.6605286598205569 0.53550171852111828 1.0351588129997256 -0.28342670202255243 -1.0578374862670896 -0.26025962829589838 -0.41988503932952875 -1.6876285076141355 -0.10196689888834952 0.075804218649864211 0.4826426506042481 0.86956509947776806 -1.0348389148712156 -1.6341625452041624 -0.17258223891258237 -0.2076441869139671 1.0778508186340334 -0.74412366747856129 0.30243355035781866 1.0876919031143191 -0.36529240012168879
decision_type=2 2 2 2 2 2 2 2 2 2 2 2 2 2 2 2 2 2 2 2 2 2 2 2 2 2 2 2 2 2 2 2 2 2 2 2 2 2 2 2 2 2 2 2 2 2 2 2 2 2 2 2 2 2 2 2 2 2 2 2 2 2 2
left_child=5 -2 3 4 11 9 7 16 15 -1 -7 -3 -4 14 -12 26 39 18 -18 21 22 23 40 -19 -6 -26 -8 48 41 38 31 -13 33 34 -22 46 -37 -38 -30 -5 -20 -9 -16 -23 45 -34 47 -14 -25 -48 -51 53 -53 56 -54 -56 57 59 61 -52 -55 62 -58
right_child=1 2 12 6 24 10 8 28 -10 -11 13 30 35 -15 42 -17 17 19 20 -21 32 43 -24 27 25 -27 -28 -29 29 -31 -32 -33 44 -35 -36 36 37 -39 -40 -41 -42 -43 -44 -45 -46 -47 49 -49 -50 50 51 52 54 60 55 -57 58 -59 -60 -61 -62 -63 -64
leaf_value=-0.051333682384272064 0.057293555576263082 0.10113307570639746 0.045290177310935348 0.081791582352781278 -0.026712413802541066 0.063472981244361223 0.043139516607202187 0.075032852920374621 -0.030654883596835394 0.081074537038559463 -0.0076080876093024682 -0.029926322153694004 0.0047937567197563861 0.055917438464607928 0.04356645531435737 -0.046137086428438417 -0.025295498287151254 0.053811377577916354 -0.0032357101483266337 -0.065213095728231196 0.03058575638012348 0.050310034782781655 0.15811938300892425 -0.013456786988405956 -0.063081483399661284 0.052468455768517878 -0.015921715020370094 0.011149218145832593 -0.036598654904181883 -0.035686333874190845 0.079961781952850017 0.070931292404939394 -0.029454061858602672 -0.043718097174605924 -0.06482557447553218 0.045398353318636148 0.055732387102348728 -0.023034786953016508 0.068415555293785915 -0.018488645049488023 0.11890556078576475 -0.065192553169948583 -0.01340184449583923 -0.026232475015887508 -0.062236850335113253 0.050401538273652895 0.049085598693191151 0.098331708339037691 0.088927955160844438 -0.068511861728828574 0.062645089676660673 -0.05119564651785849 0.067722973129987762 0.074367916862926015 0.076002674699814393 -0.047313931360966226 0.058760597823447717 -0.027673653487400075 -0.033000152341886406 0.0060731587577372639 0.0062405941970625402 0.10113370089364669 0.019061456149787548
leaf_weight=41.348772943019867 684.93962890654802 36.137370876967907 1421.5494495444 15.687402680516241 275.32808170095086 759.9183658733964 1116.3735942989588 7.8669562339782706 52.793165475130081 16.02986553311348 90.630919598042965 71.025381971150637 27.373989149928093 1169.6376164034009 1903.6509343385696 23.950350478291512 134.07636629417539 147.21729952096939 26.548674039542675 23.016764659434557 97.66835830360651 523.94381429255009 17.797760967165232 17.497620142996311 18.487825706601143 60.435794327408075 47.740084990859032 597.75406420603395 17.967716224491596 49.36439374089241 31.15095641463995 32.001135930418968 26.232302196323872 69.098610825836658 19.810849592089653 807.12416779249907 37.219493001699448 67.44502978771925 47.083980187773705 148.81380980461836 14.810438737273214 68.034156192094088 43.710603684186935 24.639017820358276 14.378866411745546 159.6923949867487 171.05115363746881 50.657943949103355 49.641223877668381 19.10283612459898 70.442516319453716 69.216497559100389 47.579930655658245 117.25948513299227 17.155896842479706 41.854594700038433 140.97351609542966 143.22496602684259 42.055590756237507 185.16885957494378 48.264790624380112 33.600465156137943 303.37786382809281
leaf_count=181 899 68 3187 68 1851 794 2974 27 360 13 292 495 90 1530 3348 126 746 279 138 158 422 1178 35 70 134 216 293 2492 105 272 121 97 119 393 142 1835 74 305 118 916 20 466 163 109 104 566 323 62 116 111 122 403 109 230 20 197 375 775 185 765 159 93 1218
internal_value=0.0366264 0.0311717 0.0289187 0.0221018 0.00182679 0.0483206 0.0250882 0.0192529 0.0359854 -0.0141791 0.049226 0.0370691 0.036126 0.0458474 0.0400631 0.0389532 0.0224062 0.0250273 0.0106151 0.0310648 0.0214241 0.0327017 0.0762222 0.0231277 -0.0151084 0.0252921 0.040712 0.0163192 -0.0159775 0.0069131 0.0197154 0.00139105 0.0130146 -0.00710124 0.0144123 0.0307836 0.0407623 0.00495415 0.0393215 -0.00885132 0.040563 -0.0505132 0.0422846 0.0468589 0.0317712 0.039098 0.024825 0.0656303 0.0621899 0.0226217 0.0190758 0.0204128 -0.00561785 0.0246379 0.0239523 -0.01131 0.0192388 0.00395548 0.0309482 0.0217015 0.0545488 0.0365913 0.0316779
internal_weight=12655.6 8630.71 7945.77 4084.07 524.567 4024.93 3559.5 2318.64 1240.86 57.3786 3967.55 170.315 3861.7 3207.63 2037.99 1188.06 2128.33 1963.82 580.115 1383.71 446.038 1360.69 59.1569 812.11 354.252 78.9236 1164.11 664.893 190.317 114.416 134.177 103.027 386.881 186.578 117.479 2440.15 911.789 104.665 65.0517 164.501 41.3591 75.9011 1947.36 548.583 200.304 185.925 1528.36 78.0319 67.1388 1450.33 1279.28 1260.17 175.807 1084.37 106.59 59.0105 918.844 398.836 520.007 255.611 165.524 477.952 444.351
internal_count=33652 27331 26432 15794 2982 6321 12812 9059 3753 194 6127 781 10638 5333 3803 3393 8071 7087 2685 4402 1939 4244 193 2957 2201 350 3267 2678 988 495 713 592 1746 957 564 7451 2214 379 223 984 158 493 3511 1287 789 685 5237 152 186 5085 4762 4651 729 3922 326 217 3533 1662 1871 887 389 1686 1593
is_linear=0
shrinkage=0.05


Tree=20
num_leaves=64
num_cat=0
split_feature=19 18 17 48 18 18 19 63 58 76 58 68 44 17 76 55 73 33 47 26 13 67 44 44 61 54 5 18 50 19 49 59 44 54 7 64 0 1 17 51 18 55 78 3 18 79 67 75 17 13 71 54 50 44 48 60 63 44 26 0 64 68 76
split_gain=306.339 216.523 117.861 108.128 97.8731 88.1963 86.1057 80.0152 74.0909 100.511 63.4644 72.3948 94.0588 98.2512 87.0945 83.2039 75.8284 83.7665 66.5722 75.8493 65.4836 67.8564 70.2826 63.4562 65.6483 62.4408 69.6531 59.4071 58.4162 57.6642 56.1178 56.1026 58.7419 56.9801 55.1482 61.643 62.273 87.6612 66.1044 54.7359 52.9226 52.905 63.5493 65.5019 60.0277 56.0771 59.0224 90.9936 56.6901 54.3448 52.8835 52.0442 78.4718 68.7839 53.1311 51.3124 101.272 51.0875 50.7038 50.4667 50.4582 50.2985 48.9734
threshold=-1.1645323634147642 -0.059790048748254769 -1.4804953336715696 2.8701006174087529 1.0714913010597231 0.64985758066177379 0.32444526255130773 0.39382858574390417 -0.58120667934417714 0.44725821912288671 -1.0916270017623899 0.055116897448897369 0.4328801184892655 0.14114951342344287 -0.75688043236732472 -0.38647846877574915 -0.44472984969615931 -0.23617917299270627 -0.24088229238986966 -0.23178637772798535 0.74851074814796459 1.6246947646141054 0.29196599125862127 0.76451423764228832 -0.19765723496675489 -0.35553900897502894 0.28180895745754247 -2.1991032361984248 -1.2806845903396604 1.2475006580352785 -0.057388249784708016 2.0928518772125249 0.81310531497001659 -0.34420444071292872 -0.21709776669740674 0.21454014629125598 0.46299500763416296 1.0106287598609927 -1.0282276868820188 0.14809036254882815 0.65684133768081676 -0.19857938587665555 -0.22632503509521482 -1.0053107738494871 -0.36150948703289026 0.21985565125942233 1.0540847778320315 -0.098789256066083894 0.51515749096870433 1.0000000180025095e-35 1.0000000180025095e-35 -0.34420444071292872 -0.6649227738380431 -0.33121462166309351 -0.092479363083839403 -0.02420607395470142 -0.17826732248067853 -1.309110105037689 0.07367293164134027 -0.53676110506057728 1.0991699099540713 -0.53643575310707081 -0.44350776076316828
decision_type=2 2 2 2 2 2 2 2 2 2 2 2 2 2 2 2 2 2 2 2 2 2 2 2 2 2 2 2 2 2 2 2 2 2 2 2 2 2 2 2 2 2 2 2 2 2 2 2 2 2 2 2 2 2 2 2 2 2 2 2 2 2 2
left_child=5 3 25 6 10 -1 27 -8 -9 -10 61 12 13 18 -13 -16 -14 -18 19 -12 31 22 -22 24 30 26 29 -2 -20 -3 -7 32 -17 -34 -6 36 38 -38 -36 -30 -23 42 43 44 -29 48 47 49 -43 -47 -50 -21 -53 54 -54 -40 -57 -15 -5 -49 -19 -4 -41
right_child=1 2 4 58 34 23 7 8 9 -11 11 14 16 57 15 20 17 60 28 51 21 40 -24 -25 -26 -27 -28 41 39 -31 -32 -33 33 -35 35 -37 37 -39 55 62 -42 45 -44 -45 -46 46 -48 59 50 -51 -52 52 53 -55 -56 56 -58 -59 -60 -61 -62 -63 -64
leaf_value=0.052471342336499999 0.057815230411023412 -0.059491274562958579 0.066478060877898329 -0.057294246545866324 -0.039244049055413399 -0.0035196250382806085 0.033614575163505682 0.028722387108991693 -0.058469009451805144 0.054498165996856487 -0.021048269013148935 -0.038414876909018077 0.046645446568586005 0.011960352656105367 0.14977707504590901 0.047152058210362814 0.025793744823095179 -0.036311331785864154 -0.059740903303875506 0.056324682098503415 -0.039585654525560621 -0.00503355566345399 0.035922111386846679 0.058018512208237422 -0.010670838735451058 0.055642089261342322 0.041850852729336863 -0.0538715679633903 0.02946516284954841 0.062649544834702017 0.049634740555525206 -0.0046047485853834618 -0.06568084073104645 0.027912346527329934 0.13269302022412824 -0.014351487567152347 0.091180010824408228 -0.011059105139354656 -0.040803218840130412 0.031007697090323486 0.090400359453033041 0.051160786498668613 0.043585366681400332 0.025824423804716667 0.05012124612238255 0.053448642157330674 0.056148803053018372 -0.079023144611859136 0.028781011847944606 -0.010623469646209228 -0.06935728226450473 0.080858145295250997 0.054087863495794912 -0.033739205228941617 -0.02628319490695237 0.14304168166730408 -0.021082140293361824 -0.043516319281587321 0.057831918634862957 -0.00043305432546516067 0.030205232640107434 -0.0025659749782860723 -0.021341090259109845
leaf_weight=2813.8938478007913 577.81956042349339 38.898456603288651 136.20664721354842 42.41901296377182 78.875596132129431 70.083004772663116 1056.4077631160617 110.0464876294136 78.173920542001724 26.178608126938343 70.606498926877975 42.132392577826977 331.26655647158623 59.847808141261339 15.425506167113779 721.84119672700763 623.17763157561421 98.828160256147385 38.516719028353691 165.86993660032749 87.067563738673925 24.542225606739521 47.525485910475254 142.85955426096916 124.96740349382162 394.03925531357527 102.93975808471441 51.527077354490757 142.4338199198246 12.721957191824911 168.74009870737791 68.070963636040688 22.22931445389986 59.712089709937572 8.6068764477968198 184.34876561537385 60.507606454193592 31.899309292435646 59.784778568893671 57.868992537260056 35.127516992390156 1597.9654147922993 518.89628582447767 459.32234092056751 18.844373419880867 136.23766735941172 133.44341155141592 26.958704568445683 71.573083728551865 43.503478348255157 16.864931240677834 40.997486419975758 70.494913943111897 70.855774156749249 28.84905006736517 13.607649698853491 29.723211400210857 134.0792979747057 12.212300598621367 83.886412158608437 39.891295582056046 32.527316100895405 194.16687542200089
leaf_count=3590 643 182 317 224 634 249 2999 353 483 72 345 255 930 356 15 2240 2358 616 316 529 533 92 160 246 479 741 238 225 670 33 315 311 144 182 21 1185 187 218 493 245 76 2491 886 1045 54 216 201 125 224 120 91 108 178 310 162 32 242 1068 27 253 150 135 1003
internal_value=0.0359276 0.0313721 0.0233569 0.0384576 0.0203213 0.0490107 0.0392214 0.0279629 8.95454e-05 -0.0300564 0.0232221 0.021685 0.0163402 0.00582857 0.0319893 0.0347399 0.0266671 0.0179691 0.0129273 0.0264452 0.0330569 0.00676963 -0.0128795 0.0297741 0.018656 0.0450725 0.0180753 0.043048 -0.00104043 -0.0292298 0.0340206 0.0389069 0.0425981 0.00241205 -0.00114501 0.00658576 0.0255164 0.0558587 0.000347677 0.0046922 0.0511219 0.0403435 0.0311419 0.0189368 -0.0259214 0.0449114 0.0286175 0.0159423 0.0490034 0.0379159 0.00995259 0.035355 0.0188433 0.00383714 0.0306952 -0.0107684 0.030555 -0.0263726 -0.0314089 -0.0196461 -0.0171393 0.053145 -0.00929412
internal_weight=12858.9 9538.39 4476.11 5062.28 3927.51 3320.54 5007.65 1270.81 214.399 104.353 3460.16 3291.43 2167.75 1074.59 1123.67 1081.54 1093.16 761.897 880.66 447.674 1066.12 194.263 134.593 506.65 363.791 548.599 154.56 3736.84 432.986 51.6204 238.823 871.854 803.783 81.9414 467.354 388.478 204.129 92.4069 111.723 394.47 59.6697 3159.02 1048.59 529.694 70.3715 2110.43 424.03 290.586 1686.4 179.741 88.438 377.067 211.197 170.2 99.344 103.116 43.3309 193.927 54.6313 110.845 138.719 168.734 252.036
internal_count=33621 28742 18010 10732 16816 4879 10481 3907 908 555 13804 13352 9344 5290 4008 3753 4054 3124 3866 1632 3738 861 693 1289 1043 1194 453 6574 2234 215 564 2877 2566 326 3012 2378 1193 405 788 1918 168 5931 2210 1324 279 3721 915 714 2806 336 315 1287 758 650 340 767 274 1424 251 378 766 452 1248
is_linear=0
shrinkage=0.05


Tree=21
num_leaves=64
num_cat=0
split_feature=18 19 78 66 19 54 78 13 50 75 66 5 6 1 48 68 47 6 0 0 11 2 40 65 20 6 75 67 49 76 25 75 19 18 20 34 10 2 50 18 6 51 62 2 54 20 17 13 47 65 18 46 64 67 55 17 62 41 49 78 72 53 66
split_gain=253.963 148.717 112.536 100.555 96.5663 82.6939 84.4581 79.4161 78.2524 77.7541 75.2202 72.9941 69.7377 68.8622 68.6586 70.4027 90.3324 68.3053 87.8985 72.6374 72.0105 70.3917 65.7343 86.2125 63.9988 62.3455 61.8104 74.3565 80.9591 92.0047 61.0766 60.1008 59.8496 57.7129 57.5814 68.8476 76.9649 62.9397 57.3864 56.8661 56.3576 54.9792 54.1931 53.9439 52.9654 52.9147 52.4579 51.7951 54.9237 51.5262 51.5231 51.0516 74.1491 50.9171 52.0272 49.5675 48.6192 56.9635 52.2639 47.8229 52.3462 52.241 61.3164
threshold=0.29796622693538671 -0.82176959514617909 -0.10802233591675757 -0.49100679159164423 0.59269028902053844 -0.34420444071292872 -0.34643286466598505 1.3625727295875552 -0.20282028615474698 -0.17704278975725171 -1.3151127099990843 -0.43858791887760157 -0.81439533829689015 -0.33852362632751459 -0.57241642475128163 0.28898654878139501 -0.75229924917221058 -1.2003533840179441 1.6026942133903506 -0.83173483610153187 1.0000000180025095e-35 0.63390856981277477 -0.2028597295284271 0.56494203209877025 2.6816239356994633 -0.84286221861839283 -0.03838482312858104 0.3146247416734696 0.17444518208503726 0.17751523107290271 0.036094259470701225 -0.18351119011640546 1.1820356845855715 -1.6040982604026792 -0.061685087159276002 0.5328347682952882 1.0000000180025095e-35 -0.25872755050659174 -1.7833913564682005 0.57629173994064342 -1.0500746965408323 0.62004804611206066 1.6003861427307131 -0.98816233873367298 -0.26955658197402949 -0.19669681787490842 2.3517179489135747 -0.78664422035217274 -0.48573146760463709 0.42977742850780493 0.93785163760185253 1.0000000180025095e-35 -0.29785683751106257 -1.4940542578697202 1.5893585681915285 0.88363373279571544 0.29325725138187414 -0.79736018180847157 0.70137506723403942 3.7869266271591191 2.2264165878295903 -0.37326456606388086 -1.3949033021926878
decision_type=2 2 2 2 2 2 2 2 2 2 2 2 2 2 2 2 2 2 2 2 2 2 2 2 2 2 2 2 2 2 2 2 2 2 2 2 2 2 2 2 2 2 2 2 2 2 2 2 2 2 2 2 2 2 2 2 2 2 2 2 2 2 2
left_child=1 33 3 5 14 8 26 9 12 31 11 41 -3 -13 24 46 -17 47 19 21 -20 44 56 30 55 -8 27 28 29 -7 -24 40 -21 -1 39 36 37 -36 -37 45 -6 -4 43 -14 -19 -11 53 -5 -49 -39 -42 52 -34 -16 59 -2 57 -18 -58 60 61 62 -55
right_child=4 2 10 17 7 6 25 -9 -10 34 -12 13 42 -15 15 16 22 18 20 32 -22 -23 23 -25 -26 -27 -28 -29 -30 -31 -32 -33 51 -35 35 38 -38 49 -40 -41 50 -43 -44 -45 -46 -47 -48 48 -50 -51 -52 -53 -54 54 -56 -57 58 -59 -60 -61 -62 -63 -64
leaf_value=0.058606057760854827 0.041764232290067579 -0.043244296390253317 -0.0628116541727681 0.036069394171848367 -0.060048901782751962 -0.058580711878450681 0.0251655142851832 -0.043692826987890024 -0.048272054425476607 -0.033053590748556134 0.045757082718532377 -0.011456972400654837 0.082542933664155493 0.050122292980119637 0.078677608520669531 -0.014543199995328446 -0.043961388753951891 0.031436118275857912 -0.050294962381187171 0.043213514552539162 0.040404977353429745 -0.038425621218908509 0.068716706257359872 -0.066343184259754925 -0.047225665888500183 -0.063813091878293066 -0.036225602402709403 0.070447146271255034 0.046933037340226143 0.036969896755906922 -0.036995941294656019 0.14231524971739923 0.07604248832141966 0.043288019049671028 0.0031768773365558629 0.084365380939624549 -0.056870219112641431 0.059987985186319148 -0.023465904938500374 -0.019743817515415058 0.055981615716887118 0.039717650430049628 0.099452542910236835 -0.0049404166893768052 -0.022048183486829243 0.033693944053521684 -0.059580734422360317 0.030629653662330489 -0.060171708822923844 0.16532027000459582 -0.02019653719689252 0.078207502628166795 -0.03655005890877832 0.059150258395338787 -0.046673187890775694 0.003542776664321064 0.084050137149186299 0.044012497116297462 0.0011364186429237177 0.078033161331411 0.053650096825334281 0.01765275366494554 -0.02285172242974301
leaf_weight=890.16678716242313 1082.2083232626319 46.591252163052559 41.468362025916576 49.79423314332962 14.582049205899237 50.850517548620701 36.328739084303379 66.923203427344561 89.964473091065884 38.807506427168846 2074.4277539923787 64.800793014466763 22.137524321675301 150.36221100389957 33.200851120054722 78.476949229836464 19.389631979167461 435.5302148424089 54.102967448532581 1779.1344927102327 36.561172395944595 46.679379299283028 44.830198023468256 29.616140447556973 21.911782838404179 42.630912877619267 29.172497242689133 125.90127319842577 146.04100258648396 49.691521614789963 19.491504337638617 13.670655228197573 18.559206873178482 2019.8885896503925 17.221873041242361 15.221716340631245 11.044309828430412 22.645767938345671 63.214087907224894 262.35136882588267 124.77501179277897 18.931947804987431 21.958953902125359 84.43254516273737 51.608937747776508 124.68238220363855 22.281420301645994 24.899582140147686 49.559954553842545 24.564135171473026 26.83233655244112 19.025405965745449 67.315368078649044 26.519665420055389 32.143945541232824 92.371764663606882 137.13929793983698 319.59432864934206 22.206594407558441 31.867653667926788 87.246591039001942 1140.7022274546325 157.92053320631385
leaf_count=824 2470 268 202 138 111 282 99 549 453 258 3742 224 50 290 67 287 97 1103 273 3620 87 211 128 182 114 204 135 230 293 139 118 32 40 3032 114 61 108 98 513 2032 398 45 30 369 198 535 189 62 261 43 180 50 328 92 211 423 297 882 82 45 172 4422 942
internal_value=0.0338527 0.0387673 0.0340871 0.0282361 0.0238039 0.0120151 0.0243821 0.00846582 -0.0103889 0.0130728 0.042495 0.0179127 0.00906067 0.0315565 0.0275318 0.0222867 0.0358019 0.032828 0.0346205 0.0364335 -0.01366 0.0201284 0.0424825 0.00405354 0.0371805 -0.0228314 0.0336794 0.0391759 0.023167 -0.0113166 0.0365971 0.0417865 0.0410494 0.0479773 0.00415052 0.0303555 0.0644146 0.0853376 -0.00239509 -0.00531391 0.0334064 -0.0305796 0.0280788 0.0132457 0.0257562 0.017809 0.0163638 -0.00331909 -0.0297399 0.115133 0.0424618 0.0042915 -0.0120983 0.0174919 0.0161074 0.0387632 0.0497143 0.0389542 0.0725345 0.0175113 0.0161367 0.0136593 -0.0110083
internal_weight=12864.2 8638.52 5728.46 3378.47 4225.66 745.701 480.616 826.536 265.085 759.613 2349.99 275.563 175.12 215.163 3399.12 2202.63 670.745 2632.77 2508.52 2417.85 90.6641 533.819 592.268 93.9378 1196.49 78.9597 401.657 372.484 246.583 100.542 64.3217 179.86 1884.03 2910.06 579.753 153.912 75.4761 64.4318 78.4358 425.841 166.189 60.4003 128.529 106.57 487.139 163.49 1531.88 124.254 74.4595 47.2099 151.607 104.9 85.8746 1509.6 1476.4 1174.58 498.33 338.984 159.346 1444.26 1412.39 1325.14 184.44
internal_count=33534 17282 13426 8923 16252 2552 1382 5032 1170 4483 4503 761 717 514 11220 8213 2073 6371 5910 5550 360 1512 1786 428 3007 303 1079 944 714 421 246 721 4038 3856 3762 937 363 255 574 2825 689 247 449 419 1301 793 6140 461 323 141 578 418 368 5951 5884 2893 1358 979 379 5673 5628 5456 1034
is_linear=0
shrinkage=0.05


Tree=22
num_leaves=64
num_cat=0
split_feature=18 17 19 55 52 19 49 78 58 5 78 18 75 27 51 64 75 39 32 20 73 18 59 68 73 68 67 76 55 50 64 76 55 6 61 55 79 51 64 76 16 64 12 19 1 3 40 4 5 17 41 0 51 53 53 17 44 52 19 73 51 65 74
split_gain=242.332 139.491 130.344 107.532 86.3885 83.009 81.1849 80.5437 73.329 73.2215 69.7535 69.2163 69.1076 68.603 82.8947 67.2012 76.3932 65.959 146.701 101.393 82.2075 68.9618 65.1074 91.3671 63.1059 74.3133 73.4937 62.0542 60.9329 73.0877 62.2408 60.0756 79.8179 69.9891 59.732 72.7207 67.6596 63.8059 59.1753 63.0189 63.8185 62.7811 58.5451 58.2278 56.1397 56.1182 55.0786 53.6709 63.1209 53.0951 50.7108 54.9958 49.37 49.3433 69.4493 63.7596 68.37 59.1394 64.9962 50.7342 49.0755 88.7433 48.9867
threshold=-1.1419257521629331 -1.5757770538330076 1.0634205341339114 1.9265324473381045 -1.2718852758407591 -1.7127205133438108 0.38520649075508123 0.71361809968948375 -0.8310708999633788 -2.2961179018020625 -0.43057790398597712 1.0452612638473513 -0.52519148588180531 0.54082235693931591 0.4328580796718598 0.4586122483015061 -0.11924249306321143 -0.029112738557159897 0.25060752034187322 -0.012180774938315151 -0.20831090211868283 0.4640484899282456 -0.53534016013145436 1.4445778131484988 -0.58106163144111622 -0.39886537194252009 0.25939375162124639 0.036503866314888007 0.10082507133483888 -0.85066324472427357 0.21454014629125598 -0.11870113387703894 -0.36054086685180659 1.9230601191520693 0.3091761469841004 -0.17681084573268888 -0.41650955379009241 0.30740097165107733 -1.235352039337158 0.15264409780502322 1.0000000180025095e-35 -0.54005712270736683 -1.0549764856696127 0.3042141348123551 0.9983637034893037 0.74909901618957531 -0.064632073044776903 0.99001803994178783 -0.95635545253753651 -0.17469012737274167 -0.028162694536149498 0.61155313253402721 -1.4689123034477232 -0.29017943143844599 -0.31984493136405939 -1.1260113716125486 0.33326841890811926 -0.98243916034698475 0.66042736172676098 0.27999077737331396 0.16601280868053439 -0.47449268400669092 2.920062899589539
decision_type=2 2 2 2 2 2 2 2 2 2 2 2 2 2 2 2 2 2 2 2 2 2 2 2 2 2 2 2 2 2 2 2 2 2 2 2 2 2 2 2 2 2 2 2 2 2 2 2 2 2 2 2 2 2 2 2 2 2 2 2 2 2 2
left_child=5 4 3 6 -2 -1 9 -8 -4 -3 44 15 -5 -12 -15 17 -17 19 -19 24 21 27 43 47 25 -11 -27 -20 29 30 -26 33 46 -10 35 36 -34 60 -30 40 49 -41 -22 -13 -7 -6 -33 48 -24 -40 -9 -52 -31 54 55 -18 -57 58 -58 -59 61 -36 -50
right_child=1 2 8 12 45 10 7 50 31 11 13 22 -14 14 -16 16 53 18 20 -21 42 -23 23 -25 28 26 -28 -29 38 52 -32 32 34 -35 37 -37 -38 -39 39 41 -42 -43 -44 -45 -46 -47 -48 -49 62 -51 51 -53 -54 -55 -56 56 57 59 -60 -61 -62 -63 -64
leaf_value=0.059216054956239883 -0.033280724148563867 -0.034121055123715459 -0.035706896782710495 0.063575960655161273 0.06194545374972818 0.033781489052337625 0.030176472775120835 0.054884847603854092 -0.020995822035798785 0.067200164464674625 0.04876525511698699 0.04676982957982069 -0.039300592282321009 0.028085847380604552 -0.094749603941758492 0.0493943559466236 0.10383839079823286 -0.061410022911189723 -0.071536203767101167 0.067678233757793721 -0.038746444347124792 -0.062577204709601292 0.015037114856155179 0.051774041678225295 -0.046868449872479519 -0.071472431298720995 0.052945342546479569 0.029497187748737715 0.074044621221398113 0.080174086474156706 0.034447496558829331 0.043007657292714156 0.054677094247744806 0.12288160524471636 0.11300731458932903 -0.034088881970900979 -0.0047709447044186571 -0.059059445292940153 0.035048220952337443 -0.026635132904376198 0.048135192737799905 0.060537812741636568 0.054330385572715058 -0.056017314567026591 -0.0089947025211094093 0.038593933437818501 0.14097987429555647 0.086385012721681087 -0.0535632989813715 -0.050666780900928493 -0.022320601285283046 0.060581298968063704 0.014949877193611275 0.031869224822661857 -0.070711652935685015 -0.03873213748440079 0.029369746720608866 -0.035596790991071617 0.13610013706431595 0.049722781453701625 0.14519616858996751 -0.018406956896271431 0.073209202198896761
leaf_weight=663.88418777287006 35.148321062326431 52.746330749243498 94.24800880253315 19.725741401314735 380.81476776301861 1271.3017695471644 1981.4733077585697 614.76965142786503 163.56761496141553 140.80048371106386 1596.2028856500983 112.50426135957241 91.828083507716656 63.543955467641354 17.412775993347168 556.48892045766115 18.91154669970274 73.454704638570547 18.195272669196129 128.81207055598497 19.15418529137969 42.92912346124649 57.834887463599443 49.688981115818024 85.946847822517157 22.150104641914368 25.326255314052105 89.299001827836037 79.963747017085552 29.829484678804874 32.237311065196991 59.409785479307175 78.548713952302933 8.8065012879669649 24.564277317374941 97.594612162560225 121.89409108832479 11.291435439139603 25.51935326308012 24.358710810542107 44.892199873924255 131.33456985652447 135.8996536321938 15.571496542543171 81.393318518996239 804.4585377573967 19.004590876400471 10.468890093266962 138.19357423856854 60.890135314315557 46.973215848207474 34.640864484012127 998.7820968106389 1134.2794831618667 25.488331496715546 56.418455339968204 54.206306934356689 48.792955242097378 19.392788231372833 26.954818226397038 15.981774091720579 26.649780958890918 7.94726588577032
leaf_count=559 132 310 591 41 532 2364 5135 980 1148 286 2187 416 508 127 74 968 27 444 102 301 115 322 333 149 521 123 54 270 203 74 119 218 293 17 55 702 719 94 72 111 114 272 402 161 254 1443 33 24 1065 355 167 57 3396 2919 142 327 175 250 34 81 30 192 30
internal_value=0.0323412 0.0280465 0.0256719 0.0276538 0.0438124 0.0431834 0.0284014 0.0353265 0.0053793 0.0243644 0.039667 0.0250453 -0.0210238 0.0464879 0.0015195 0.0269427 0.0337359 0.0209724 0.00196946 0.0249024 0.0172411 -0.00906435 0.00495075 -0.00922056 0.0216583 0.0489682 -0.00502492 0.0122985 0.0182553 0.012572 -0.0246351 0.0115648 0.0210922 -0.0135492 0.0115103 0.00126772 0.018516 0.0502893 0.0359943 0.0253531 -0.000125971 0.0468589 0.0427826 0.0342 0.0312034 0.0461053 0.0669653 -0.0233945 -0.0290929 -0.0252835 0.0499667 0.0128368 0.0168538 0.0274352 0.00730584 0.0162062 0.00808131 0.0258135 0.0577067 -0.0051444 0.0687988 0.0446245 -0.0465898
internal_weight=13020.8 9327.06 8106.64 7385.08 1220.42 3693.74 7273.52 2677.86 721.561 4595.66 3029.85 4542.92 111.554 1677.16 80.9567 4150.71 1940.93 2209.78 378.932 1830.84 305.477 150.423 392.209 264.134 1702.03 188.277 47.4764 107.494 1513.75 1146.8 118.184 627.313 454.939 172.374 376.525 298.037 200.443 78.4873 366.959 286.995 131.302 155.693 155.054 128.076 1352.7 1185.27 78.4144 214.445 203.976 86.4095 696.384 81.6141 1028.61 1384.44 250.165 224.677 205.765 149.347 73.5991 75.7478 67.1958 51.2141 146.141
internal_count=33719 28154 26047 21955 2107 5565 21406 6339 4092 15067 5006 14757 549 2388 201 12579 4923 7656 1655 6001 1211 694 2178 1601 5700 463 177 372 5237 4110 640 3501 2336 1165 2085 1714 1012 371 1127 924 541 383 517 577 2618 1975 251 1452 1428 427 1204 224 3470 3955 1036 894 867 540 209 331 277 247 1095
is_linear=0
shrinkage=0.05


Tree=23
num_leaves=64
num_cat=0
split_feature=18 72 55 48 50 0 52 63 78 19 18 2 50 18 55 5 66 54 18 75 52 76 10 47 47 47 4 18 47 52 50 54 55 19 62 63 0 60 75 61 76 2 61 66 77 7 69 19 53 52 18 47 2 5 65 62 63 5 17 13 19 56 54
split_gain=238.625 173.887 93.2321 86.5834 75.4463 72.2284 83.3972 71.3059 72.5895 70.6889 70.4001 71.0077 69.1022 66.9959 94.62 71.2225 69.6672 59.4554 88.9444 63.8482 58.6416 80.9268 62.3905 88.8518 58.6209 61.2547 66.0514 62.1274 58.4434 58.0608 57.8672 57.2965 60.5519 57.1849 56.1804 55.9304 60.3336 56.4226 55.5973 55.5776 55.0629 54.9464 66.5797 53.679 59.2686 53.6212 52.7325 57.888 57.3443 59.8395 52.7173 52.6643 52.0063 57.5625 50.2765 49.8236 50.4795 49.1159 49.1035 48.7553 48.3718 48.2087 48.7977
threshold=-1.6040982604026792 0.68265238404273998 0.6384284794330598 -0.12716230750083921 0.051672341302037246 -0.53424745798110951 -0.90758240222930897 1.5493147373199465 2.5414240360260014 -0.4750856459140777 1.2065719962120058 -1.2318116426467893 -0.85066324472427357 -0.12373568490147589 -0.089445125311613069 -0.81012225151062001 1.1548233032226565 -0.39045862853527064 0.78222349286079418 -0.15453521907329557 -0.70047870278358448 0.33953861892223364 1.0000000180025095e-35 0.1244483068585396 1.7549476027488711 -1.4194048047065733 0.53539010882377636 -0.34756061434745783 -1.6297328472137449 -0.20891936123371121 0.45778746902942663 -0.34420444071292872 -0.3442434668540954 -0.1988580375909805 0.10768210887908937 2.0829334259033208 1.7278197407722475 2.2340340614318852 0.23329379409551623 -0.018204013817012307 -1.2100114822387693 -0.17939656972885129 -0.16144052147865293 -0.43622517585754389 0.83714690804481517 2.1622087955474858 2.880280733108521 -0.1988580375909805 -0.48318435251712794 -1.290599465370178 0.55417391657829296 1.0569786429405215 -0.150286890566349 1.2822027206420901 -0.13943681865930554 -0.29842692613601679 1.9687864780426028 0.63435563445091259 0.43915422260761267 0.44147975742816931 0.51428106427192699 0.045524626970291145 -0.50597962737083424
decision_type=2 2 2 2 2 2 2 2 2 2 2 2 2 2 2 2 2 2 2 2 2 2 2 2 2 2 2 2 2 2 2 2 2 2 2 2 2 2 2 2 2 2 2 2 2 2 2 2 2 2 2 2 2 2 2 2 2 2 2 2 2 2 2
left_child=9 3 4 7 46 6 -5 8 12 -1 20 -12 -2 30 16 -16 45 18 19 -6 21 22 23 59 25 26 27 -14 -28 33 -8 32 -31 -22 -30 36 -9 -37 -26 -4 -34 -42 60 44 -10 -15 47 51 49 -49 -18 -3 -33 54 -54 -35 -57 -53 -56 -7 -43 62 -27
right_child=1 2 39 5 17 10 13 35 43 -11 11 -13 24 14 15 -17 50 -19 -20 -21 29 -23 -24 -25 38 61 28 -29 34 31 -32 52 40 55 -36 37 -38 -39 -40 -41 41 42 -44 -45 -46 -47 -48 48 -50 -51 -52 57 53 -55 58 56 -58 -59 -60 -61 -62 -63 -64
leaf_value=0.053988723368801977 0.0092073713133871936 0.047610915030419976 0.019363170635231165 -0.035772712380683212 -0.014404172295761748 0.039853844716835639 0.043835684718380792 -0.054801354187704099 0.058273651666575457 0.036561298960170061 0.12628224940386987 -0.058756352142932823 0.06427460489456642 -0.057271547265866585 0.098245090528392517 0.002826893994503052 -0.045163002853889765 0.048108375522158152 -0.066965286077428507 0.044046669730311939 -0.075767975808917587 0.057004674554341953 0.044200577473446703 -0.042614929052676942 -0.03190853791075559 0.057720625890829061 0.017047056079594457 0.0019591254650618765 -0.05089571587992521 0.034031780142122985 -0.012771276027871904 0.040517434223667159 0.074608410401553957 0.039379194512457208 0.01432580556203792 0.025409599863656814 0.051941230152506672 -0.067082670931451469 0.089782524507101474 -0.043666927447998979 -0.06986673062717165 0.040437109899239675 -0.066192056627639648 0.065982064534798185 -0.032657831605734884 0.077036735212413276 -0.024044279851667967 -0.039808210096648831 -0.0027989049639139691 0.050696859156141361 0.062787218882799214 -0.05814924189621673 -0.041168579989636328 0.070342053676538591 0.024806754259050458 -0.064485525583065001 0.074756971921423762 0.045657751189371147 -0.064679929181139378 -0.024466463311077529 -0.062679897519194214 0.081675847032746121 0.02951263630164145
leaf_weight=1070.6623725295067 532.31756359711289 395.26771678775549 119.14778158068657 128.45188279077411 58.515518501400948 120.80189685896039 171.60581785440445 65.415482081472874 37.974847465753555 1284.4900823533535 5.7455483302474013 45.227918710559607 98.755417391657829 118.17388063296676 28.974885035306215 60.107379231601954 18.059133172035217 1698.0519889816642 24.468030445277691 228.58410363644361 31.910541415214539 236.07301337644458 156.83253169804811 72.205782722681761 66.509979397058487 160.99727597087622 215.16533254086971 67.472472190856934 82.095633059740067 82.461472623050213 61.03475833684206 328.98965102434158 14.481584738939999 44.216360293328762 54.962694123387337 167.8711158670485 16.459703356027603 18.163631841540337 10.813883848488329 49.383855231106281 50.271682370454073 58.26915417611599 31.977572686970234 201.15610780566931 33.69621904194355 7.8138648942112914 48.328770339488983 21.127789031714201 202.60815754532814 129.2245092317462 29.780137445777655 24.037490122020245 54.424861289560795 33.798782650381327 136.17740292102098 32.942295975983143 7.9870241507887831 21.456838443875313 17.152845367789268 38.777663588523865 14.00161813944578 47.220640368759632 3407.387953594327
leaf_count=1035 2285 667 331 807 167 388 367 370 58 2175 12 425 113 785 59 278 79 2741 149 432 167 625 544 472 403 429 476 212 325 265 191 804 35 148 134 596 37 125 32 222 306 164 220 246 127 24 187 124 871 381 102 104 282 68 404 233 28 41 125 225 105 40 9246
internal_value=0.0300949 0.026879 0.0370164 0.0228082 0.039152 0.014561 0.000105733 0.0263008 0.027643 0.044488 0.0201437 -0.0375951 0.0261975 0.00942124 -0.00785689 0.033994 -0.0293405 0.0444209 0.0242992 0.0321152 0.0220313 0.0339079 0.0198535 0.00334605 0.0283435 0.0291508 0.0130582 0.039027 0.00078068 0.0141225 0.0289639 0.0188172 -0.00104773 -0.0187905 -0.024713 0.00114809 -0.0332443 0.016321 -0.0147313 0.000849231 -0.0182038 -0.0269771 -0.00619932 0.0527406 0.0154665 -0.0488475 0.0265677 0.0296583 0.0145413 0.0379277 0.0219229 0.0417466 0.02758 0.00992943 4.79955e-05 0.00256851 -0.0370756 -0.00908753 0.0147278 0.0241872 0.0203313 0.0314565 0.0307883
internal_weight=12898.5 10543.4 3020.2 7523.16 2851.67 2238.73 624.002 5284.44 5016.53 2355.15 1614.73 50.9735 4743.7 495.55 262.909 89.0823 173.827 2009.62 311.568 287.1 1563.75 624.691 388.618 231.785 4211.38 4134.06 518.452 166.228 352.224 939.063 232.641 822.007 251.463 117.056 137.058 267.91 81.8752 186.035 77.3239 168.532 169.002 154.52 104.248 272.827 71.6711 125.988 842.051 793.723 352.96 150.352 47.8393 440.762 570.544 241.554 207.755 85.1457 40.9293 45.4943 153.33 159.58 72.2708 3615.61 3568.39
internal_count=33618 30408 6417 23991 5864 8737 2692 15254 14126 3210 6045 437 13695 1885 1327 337 990 3489 748 599 5608 2254 1629 1085 11410 10975 1260 325 935 3354 558 2778 1095 576 459 1128 407 721 435 553 830 795 489 431 185 809 2375 2188 1376 505 181 812 1683 879 811 409 261 145 529 613 269 9715 9675
is_linear=0
shrinkage=0.05


Tree=24
num_leaves=64
num_cat=0
split_feature=19 18 49 78 67 47 17 68 75 73 13 19 59 39 17 17 6 7 32 31 44 39 0 13 62 61 18 54 78 58 58 26 73 59 0 57 0 38 6 54 54 62 13 40 64 64 49 44 66 50 79 62 18 64 48 0 64 73 78 5 19 67 7
split_gain=228.816 145.353 113.373 81.7946 91.887 90.5218 79.9054 68.3208 83.6578 86.7015 68.4096 67.5212 67.2799 67.0267 63.4965 63.4153 60.7564 61.1001 60.6587 83.7668 69.3569 60.2722 58.2907 57.6435 57.1281 69.5798 56.499 65.622 64.6808 62.406 93.8637 56.1461 55.3829 60.4302 86.2643 70.3846 63.4003 94.311 59.1058 55.4963 55.3992 55.0145 54.274 63.1169 96.0776 92.5832 79.7245 63.507 71.5544 56.831 52.003 63.6775 51.6549 58.3882 70.5694 75.3986 60.2484 60.3069 51.3727 50.7443 53.3207 50.5479 50.3343
threshold=-1.3862280845642088 -1.3991232514381406 -0.226027175784111 0.1166062504053116 1.0258045792579653 -0.16018022596836087 0.69823110103607189 0.13765912503004077 -0.16565560549497602 -0.62312549352645863 1.3625727295875552 1.2555624246597292 1.629148066043854 -0.79490920901298512 -1.1736623048782346 -0.13185044378042218 -0.71972635388374318 0.76261669397354137 -0.19683182984590528 0.076207283884286894 -0.78554120659828175 -0.11186813935637473 0.7454848885536195 1.3625727295875552 0.55948600172996532 0.58947688341140758 0.82882142066955578 -0.31180360913276667 -0.15515292435884473 -0.1149068884551525 0.40598608553409582 -0.29989555478096003 0.38929758965969091 0.1314322501420975 -0.85426768660545338 1.0000000180025095e-35 -0.20616328716278073 0.34597106277942663 -1.3949874639511106 -0.42663764953613276 -0.37110972404479975 0.36982128024101263 0.44147975742816931 -0.2435149401426315 0.36123475432395941 -2.4250309467315669 -0.036307550966739648 0.66854685544967662 0.66774332523345958 -0.81497767567634571 -0.39105494320392603 0.3555752038955689 -0.54360279440879811 0.81499722599983226 0.26934815943241125 -0.89378309249877919 0.12082135304808618 -0.5117143690586089 -0.49607382714748377 1.0549177527427676 1.2716041803359988 -0.89364051818847645 -0.21709776669740674
decision_type=2 2 2 2 2 2 2 2 2 2 2 2 2 2 2 2 2 2 2 2 2 2 2 2 2 2 2 2 2 2 2 2 2 2 2 2 2 2 2 2 2 2 2 2 2 2 2 2 2 2 2 2 2 2 2 2 2 2 2 2 2 2 2
left_child=26 58 6 4 5 12 7 8 52 -10 11 -9 42 -7 62 61 17 -17 -6 -20 -21 -5 -19 -23 25 50 -1 29 -29 -28 -31 -30 33 36 -35 39 -15 59 -34 -36 -41 -12 -4 -44 45 -45 -46 48 -48 -47 -8 -52 -3 54 55 -54 -57 -58 -2 60 -38 -16 -11
right_child=1 2 3 21 18 13 24 10 9 14 41 -13 -14 32 15 16 -18 22 19 20 -22 23 -24 -25 -26 -27 27 28 31 30 -32 -33 38 34 35 -37 37 -39 -40 40 -42 -43 43 44 46 49 47 -49 -50 -51 51 -53 53 -55 -56 56 57 -59 -60 -61 -62 -63 -64
leaf_value=0.044663433029743405 0.02792664586871639 0.054879633413389521 0.034872639602637305 0.039863624150067362 0.045635683613297562 -0.035777567745024601 0.016393439840666053 0.037410318855582901 0.050784606038782022 -0.035258329104302072 -0.071182888384947837 -0.041349582607903362 -0.041683620193604831 -0.0088234056204700498 0.016912475827221808 -0.026538085907260339 0.010273276092791541 -0.022768997214284745 -0.05599230320760204 0.093860622098894939 -0.0036027391756759519 0.02075854234400186 0.11951007146822692 -0.07117632133006975 -0.06026009940302484 0.082846555303376465 -0.074342440424682979 0.055981724110237191 0.05287197519707805 0.066127641984476168 -0.074388247687008482 -0.048370761404874084 0.097579401700705587 0.099915721915182401 -0.036877818504765923 -0.050909901719523067 0.036054726081231246 -0.065397892509211061 -0.028550607311294281 0.1035737382350731 0.026106310763765711 0.036769665715191115 0.042946052491556579 0.073114701815172753 0.082542635999086025 0.016646381731765966 0.026350254868167 0.039093235658850145 -0.077432969360550899 -0.066914825204326706 -0.040037585659945557 0.084619257654796498 -0.054397569810856222 0.053835118343296406 -0.052011701048521153 0.047524708723881863 0.052272892999281576 -0.072573346288144325 0.043919741737653811 -0.028469568881102525 -0.039164828468335119 -0.055474272610676792 0.032957821999321478
leaf_weight=2457.1564404964447 827.28693581372499 153.17464789748192 1010.4533981084824 1547.9708632975817 577.50508488714695 80.305721219629049 118.79672867804766 703.14051466062665 104.12169171869755 30.369986183941364 28.628829084336758 28.168649941682816 34.873076763004065 296.39950958639383 32.852078527212143 233.64334790036082 675.0900397002697 13.807315558195116 37.037319369614124 30.451347343623638 45.098165683448315 271.93828867003322 14.770553126931189 18.073130860924721 45.457504227757454 23.207258999347687 29.860340252518654 131.6091385409236 22.726108759641647 33.420250773429871 18.296456471085548 34.085210777819157 9.9439922794699651 46.427105993032455 20.47252368927002 27.05799925327301 385.68403315544128 29.775968965142965 121.6588531024754 35.412925209850073 66.925571020692587 19.881927117705345 131.9008916914463 18.359562210738659 45.477716814726591 26.343871492892504 31.051924422383308 70.885578215122223 35.38639859855175 87.496146202087402 119.11505383625627 11.091720212250946 29.619182050228119 92.052296184003353 41.718923304229975 136.03702501952648 16.085056714713573 23.872156970202923 1290.3494648933411 38.475192569196224 24.949128095060587 89.241818580776453 237.06076418235898
leaf_count=3142 1542 207 2475 3278 1265 435 662 1943 244 142 174 209 176 1374 133 1443 2781 84 207 59 168 781 24 107 396 99 148 234 32 50 90 140 23 103 134 145 1198 207 654 65 227 60 321 34 81 118 84 142 176 466 886 34 152 157 256 352 26 127 1821 182 181 525 541
internal_value=0.0293888 0.0259898 0.02298 0.0274541 0.0228164 0.018616 0.0152709 0.0180589 0.0129922 0.00686891 0.0305471 0.0343646 0.0268073 0.00828218 0.00341535 -0.00207647 0.00233498 -0.0180793 0.0390902 0.00546051 0.0356874 0.0359425 0.0507543 0.0149895 -0.00843789 0.000216681 0.0422758 0.02052 0.0367419 -0.0168859 0.0162715 -0.00776125 0.011497 0.0156231 0.0404056 0.0218826 0.00933746 0.0205878 -0.0189153 0.0379895 0.0530367 -0.0268515 0.0284524 0.0139205 0.00174098 -0.0307002 0.0252333 0.00617141 -0.0288849 -0.0475363 -0.00749456 -0.0293235 0.030766 0.019855 0.00717145 0.0192234 0.0316658 -0.0221858 0.0376758 0.0263131 0.031464 -0.0359582 0.0251821
internal_weight=13069.6 10342.4 8224.8 5203.79 3365.81 2675.72 3021.01 2703.34 1923.52 1430.96 779.82 731.309 1492.23 1183.49 1326.84 1059.41 937.311 262.221 690.092 112.587 75.5495 1837.98 28.5779 290.011 317.668 272.211 2727.15 269.998 188.42 81.577 51.7167 56.8113 1103.18 971.58 196.296 149.869 775.284 478.884 131.603 122.811 102.338 48.5108 1457.36 446.902 315.001 132.2 182.802 137.324 66.4383 113.84 249.004 130.207 492.559 339.385 247.332 205.613 175.994 39.9572 2117.64 449.108 410.633 122.094 267.431
internal_count=33722 29886 26523 14866 10700 9001 11657 9580 7194 5917 2386 2152 4073 4928 5673 4990 4332 1551 1699 434 227 4166 108 888 2077 1681 3836 694 406 288 140 172 4493 3816 674 571 3142 1768 677 426 292 234 3897 1422 1101 618 483 402 260 584 1582 920 1277 1070 913 657 505 153 3363 1561 1379 658 683
is_linear=0
shrinkage=0.05


Tree=25
num_leaves=64
num_cat=0
split_feature=19 18 4 68 75 70 4 73 18 7 1 51 5 2 67 77 50 55 2 66 49 72 60 4 76 27 27 73 79 1 64 19 54 17 73 66 54 65 60 73 54 73 60 72 76 6 51 65 17 54 54 68 17 2 26 41 7 62 55 64 52 52 63
split_gain=245.584 158.875 89.5075 89.2513 83.0494 95.426 79.4825 87.7691 77.6301 84.834 65.6041 87.2224 68.6768 68.7645 64.6944 85.115 62.6398 73.4123 62.5428 61.3588 61.5334 67.1552 60.8007 59.5714 59.0776 57.1539 53.4774 55.0918 52.9199 52.7098 60.291 54.3987 51.0628 81.8024 55.0982 54.0843 59.0544 57.4731 56.0639 55.4879 52.979 79.9048 50.8882 50.4675 49.3348 51.2719 48.7155 72.9549 48.4511 48.3144 65.2745 70.0342 64.5941 55.6787 47.0754 53.9407 56.0449 59.3635 71.3092 55.0761 54.7207 52.6991 50.1828
threshold=-0.82176959514617909 -0.1379677280783653 -2.3894609212875362 0.055116897448897369 -0.11703261733055113 -0.26119840145111078 0.31885597109794622 -0.49675884842872614 -1.7357710003852842 -0.63697540760040272 -0.60835412144660939 -0.019185775890946385 0.11998888477683069 0.47672359645366674 -0.30831311643123621 1.4781925678253176 -0.85066324472427357 0.36538955569267279 -0.89251115918159474 1.6180851459503176 -0.61069780588150013 2.0972065925598149 0.4749074131250382 0.31182564795017248 -0.24254913628101346 -0.052126778289675706 -0.98097354173660267 1.2713155150413515 -0.34014572203159327 -0.81685945391654957 1.1154369711875918 0.64116147160530101 -0.11442186683416365 -0.48657554388046259 1.1093665361404421 -1.1912586688995359 -0.28673017024993891 -0.13943681865930554 -0.37262097001075739 -0.59804561734199513 3.1048239469528203 -0.16230706870555875 0.023929307237267498 0.52561005949974071 0.37820832431316381 0.067416202276945128 0.74351376295089733 0.32507246732711798 -2.0923091173171993 -0.3875963687896728 -0.42240150272846216 -0.49516466259956354 0.011670858133584263 -0.46253122389316553 0.37913225591182714 0.26123836636543279 -0.49701619148254389 -0.1759049519896507 -0.28589354455471033 -1.2637994289398191 0.50097218155860912 -1.2144950628280637 -0.1281987130641937
decision_type=2 2 2 2 2 2 2 2 2 2 2 2 2 2 2 2 2 2 2 2 2 2 2 2 2 2 2 2 2 2 2 2 2 2 2 2 2 2 2 2 2 2 2 2 2 2 2 2 2 2 2 2 2 2 2 2 2 2 2 2 2 2 2
left_child=8 2 26 6 -4 -6 7 10 -1 22 11 -3 13 -12 15 23 17 18 -5 20 28 -22 24 -11 -10 -26 -2 -28 -9 30 31 42 34 -34 35 39 37 38 -37 -8 -35 -42 -7 -41 -40 -46 -31 -48 -16 50 52 -52 -50 -53 55 56 62 59 60 -58 -59 -61 -18
right_child=1 3 4 16 5 29 32 19 9 14 12 -13 -14 -15 48 -17 54 -19 -20 -21 21 -23 -24 -25 25 -27 27 -29 -30 46 -32 -33 33 40 -36 36 -38 -39 44 43 41 -43 -44 -45 45 -47 47 -49 49 -51 51 53 -54 -55 -56 -57 57 58 -60 61 -62 -63 -64
leaf_value=0.051258608660236717 0.062408037399802586 0.038155629269741573 0.039383803236017041 0.03850445193578729 0.032695949180616322 0.0053430312142888391 0.043267904604981422 -0.013230116450293622 -0.045336085760057473 0.012400553686192776 0.026128641264634579 -0.049341812580305774 0.057835068625022225 -0.065008911013093168 0.062217358380954657 -0.056101560789305428 0.017332552867332103 0.05728991888570089 -0.032677581910947037 0.066494880169750609 -0.0022067457003706226 0.070209208990043653 -0.076074329553321274 0.037717850285534094 0.034194981904009658 -0.044647778083848989 -0.062175982322815418 0.057074353352779252 -0.060685991433690384 0.023221243078476627 0.057125358099388179 -0.066134755156831662 0.032790217982443484 -0.059053235585392341 -0.039135003435673166 0.0027784760735067955 0.056246937505713128 0.014335566064971276 0.061453598303035241 -0.067086443662589187 -0.067966483189072627 0.090769869444373902 -0.079867874119773516 0.024072779148698334 0.043006792558125589 -0.073387762474334525 0.021524530338149925 -0.081469015168573022 -0.034564629247000968 0.041757660340123445 0.049385313998650621 0.0041490963133061533 0.048053365506140346 -0.08665822398438508 -0.0052892558373484021 0.060007432943037321 -0.068005461462761319 -0.064461663549604961 0.051445757481164291 0.075672214169575078 0.029186807586456778 0.015092594695807688 -0.068020724276715239
leaf_weight=784.70095311105251 15.022299662232397 52.127492807805538 1536.2595312148333 41.043794732540846 1624.0996764302254 172.88049458712339 31.936465188860893 227.38871625810862 36.162979669868946 371.88312888145447 111.40756839886308 62.493027072399855 155.31285776570439 25.299110244959593 240.44426339864731 30.696288578212261 48.522922467440367 44.867720142006874 122.94589072093368 29.384341150522232 736.73430128395557 33.367089249193668 20.514561600983143 622.91162782907486 176.39746691286564 26.289004035294056 55.825956836342812 11.588772714138029 79.356785226613283 814.90553480386734 33.430661857128143 41.858126617968082 77.890588954091072 71.114027637988329 35.024988863617182 77.332855582237244 153.91908628121018 654.0210401751101 208.16532997041941 45.140861120074987 14.43335881829262 17.314206711947918 19.390701435506344 22.688641730695963 26.393754452466965 14.614679649472235 42.637930244207382 28.62530654668808 27.426432207226753 1593.4366211742163 30.119572579860687 32.904567942023277 166.55653751641512 34.329534038901329 85.69805571436882 159.97039234638214 17.823761656880379 23.906901672482491 420.39248334616423 40.246747635304928 44.405392058193684 331.61202732473612 26.52787483856082
leaf_count=732 26 206 2551 150 3284 456 79 1532 129 937 402 387 398 176 213 116 165 157 808 93 3827 59 103 1007 323 103 295 21 663 2013 48 266 186 441 186 281 340 2194 461 289 88 35 96 77 59 78 103 135 88 2546 43 78 289 159 417 444 107 160 1041 83 151 1083 167
internal_value=0.0271119 0.0223495 0.0290619 0.0155959 0.0300487 0.0248829 0.0106671 0.00264555 0.0370637 0.0337944 0.0225082 -0.00950728 0.0350907 0.00919087 0.0360574 0.0257254 0.0259628 0.000667955 -0.0148189 -0.00465264 -0.00660471 0.000933122 0.00628163 0.0282607 0.0134049 0.0239272 -0.0224913 -0.0415483 -0.0255393 0.0138784 -0.00555511 -0.014547 0.0190323 -0.00580688 0.0225737 0.024332 0.0274371 0.0229042 0.0400431 -0.0109178 -0.035086 0.0184599 -0.00326161 -0.03653 0.0515826 0.00132659 0.0197515 -0.0198325 0.0410391 0.0383315 0.0195676 -0.0137938 0.0363348 -0.0422024 0.030364 0.0331129 0.0285894 0.0321343 0.0437475 0.0175498 -0.0035601 0.0216812 -0.0128207
internal_weight=12962.1 8767.35 4396.52 4370.83 4314.09 2777.83 2962.86 1512.87 4194.77 3410.07 406.64 114.621 292.02 136.707 3150.71 1025.49 1407.96 208.857 163.99 1106.23 1076.85 770.101 259.364 994.795 238.849 202.686 82.437 67.4147 306.746 1153.73 267.56 234.129 1449.99 180.752 1269.24 1234.21 1134.45 980.528 326.507 99.766 102.862 31.7476 192.271 67.8295 249.174 41.0084 886.169 71.2632 2125.22 1884.77 291.337 97.3537 193.983 67.2341 1199.11 1113.41 953.438 878.387 488.705 389.683 68.3123 371.859 75.0508
internal_count=33630 26764 9294 17470 8952 6401 12537 7743 6866 6134 1569 593 976 578 5476 2060 4933 1115 958 6174 6081 3886 658 1944 555 426 342 316 2195 3117 866 818 4794 750 4044 3858 3413 3073 879 445 564 123 552 366 598 137 2251 238 3416 3203 657 280 377 237 3818 3401 2957 2625 1352 1273 311 1166 332
is_linear=0
shrinkage=0.05


Tree=26
num_leaves=64
num_cat=0
split_feature=19 17 48 53 3 59 17 3 6 47 47 31 55 44 26 60 18 66 64 18 74 6 33 60 51 41 56 62 55 54 60 60 6 74 73 66 76 44 27 5 49 18 51 67 6 79 75 64 51 44 1 58 76 54 51 64 65 67 59 66 60 65 55
split_gain=211.423 167.248 164.491 110.774 99.264 82.7108 86.5243 88.6489 84.3003 82.582 70.4772 80.3214 70.182 69.6244 94.939 74.6072 67.5709 66.9957 82.6354 66.7219 66.208 64.3271 98.3706 62.1975 60.4233 55.6048 55.4487 53.1114 52.1952 51.1413 50.7374 60.9833 104.228 53.4963 55.5282 60.9699 49.9462 57.237 59.8654 55.4273 54.4765 49.798 49.2869 48.4993 64.3161 64.1214 62.1245 53.6823 50.4885 52.5583 68.1416 50.3942 49.4819 48.3632 54.8507 48.0877 48.0981 47.9136 55.0816 47.3695 82.0286 48.5664 47.85
threshold=-1.3862280845642088 0.15028762072324756 -0.29307806491851801 -0.25900551676750178 -1.4010474681854246 0.60858339071273815 1.2154819369316103 -0.46383050084114069 -0.90707823634147633 -0.31015323102474207 -1.3901417851448057 -0.11878135427832602 0.12693213671445849 0.45717565715312963 -0.12446285039186476 -0.25150565803050989 -1.3705689311027525 -1.4877939224243162 -1.152245759963989 -0.62560907006263722 1.0000000180025095e-35 1.267659664154053 -0.15572121739387509 0.16862647980451587 -1.014877140522003 -0.40133769810199732 0.045524626970291145 -0.2991399466991424 1.768556594848633 -0.56219449639320362 -0.34679354727268213 -0.20968110859394071 -1.0646391510963438 1.0202124714851382 -0.085229881107807146 -0.49100679159164423 0.63900133967399608 -1.4269434809684751 -1.0348197221755979 0.44873017072677618 -0.28926926851272577 0.49729503691196447 0.71165162324905407 0.1008226051926613 -0.84948244690895069 0.6780385971069337 -0.237733319401741 1.0763576626777651 0.7355482578277589 -0.7065807282924651 0.98609870672225963 2.225629568099976 -0.59085813164710987 -0.43350708484649653 0.60610836744308483 0.15243644267320636 0.66583952307701122 -0.77022629976272572 -0.75072485208511341 0.97856938838958751 -0.11978448927402495 -0.63250198960304249 -0.18472649902105329
decision_type=2 2 2 2 2 2 2 2 2 2 2 2 2 2 2 2 2 2 2 2 2 2 2 2 2 2 2 2 2 2 2 2 2 2 2 2 2 2 2 2 2 2 2 2 2 2 2 2 2 2 2 2 2 2 2 2 2 2 2 2 2 2 2
left_child=41 2 10 9 23 8 7 -7 57 24 11 12 -2 16 15 -15 -10 18 -12 53 36 28 -23 -3 -4 -22 30 -13 43 -18 33 32 -32 34 35 -11 37 38 -19 -40 -39 -1 -42 44 46 51 -21 -46 49 -47 -51 52 -45 54 -5 -27 -57 58 -6 60 61 -26 -62
right_child=1 4 3 19 5 6 -8 -9 13 26 17 27 -14 14 -16 -17 29 20 -20 21 25 22 -24 -25 59 55 -28 -29 -30 -31 31 -33 -34 -35 -36 -37 -38 40 39 -41 42 -43 -44 45 47 48 -48 -49 -50 50 -52 -53 -54 -55 -56 56 -58 -59 -60 -61 62 -63 -64
leaf_value=0.042281428965513672 0.027072197527707814 0.053710691026516877 0.049490344360716809 -0.084499794861718394 0.058208556113897185 0.082682030634614601 -0.0087099157899695311 0.014875854669910121 0.032166820111562654 -0.059817143054274095 -0.048766919735003585 0.0050120972321071287 -0.043271831058805249 -0.0085119796541494579 -0.054758785179735418 0.045827684018488038 0.054181551449309612 0.086512839048817777 0.030015234908757966 0.036929018444469101 -0.048579219748082728 0.048299792948262567 -0.051030998228151575 -0.038190874739383568 0.028058263497394528 -0.022553236392619486 0.093858134958598627 -0.083542973944729218 -0.048555256900024879 -0.030884519405132805 -0.05677770301296528 -0.007682633620530727 0.032595439265558454 0.048238215710063724 -0.062490188896678525 0.003683529586195475 0.059258126303890601 0.02794928027518101 0.012722246528796591 -0.06221537130909819 0.045216279803300778 0.025665292286609076 0.020505817400301274 -0.0059369393215681632 0.0089498472798557691 -0.059142727482316172 -0.030153201482751371 0.050133139770705819 0.056987027120984635 -0.028743235626393387 0.068538386145490252 -0.044251682260225286 0.043986563139995605 0.03551692479550534 0.041743489573588137 0.047643415935882304 -0.019646849442346785 -0.059959144050568583 -0.061501215350272934 0.04650954152524879 -0.0016370957991986247 -0.034784226115585209 0.061255147456588777
leaf_weight=2101.370303362608 662.71456367522478 146.9653193205595 159.62291376292706 18.047353282570839 21.569996137171984 82.381902419030666 136.02575638145208 116.6633716635406 61.569007314741611 50.059747572988272 52.193939119577408 38.940894365310669 37.321482837200165 95.997101239860058 40.35937137901783 183.66093892604113 18.756492704153061 19.922142781317234 91.452363766729832 43.197588302195072 33.589423298835754 273.35482990369201 27.295646719634533 20.907380122691393 40.40827476978302 49.3284085765481 15.222479358315466 29.710164159536362 32.635005746036768 273.87952125445008 36.90501181781292 393.01849630847573 273.806163020432 26.798244178295135 74.455086879432201 152.88424257189035 256.43704911321402 960.86259403079748 96.584418810904026 33.011752478778362 1796.9208723604679 577.15105328708887 228.47845391184092 56.349667549133301 488.40759740397334 45.826923534274101 169.27694300934672 94.474040810018778 28.417486146092415 46.730678252875805 29.118127003312111 19.332517862319946 404.5759474337101 1110.3958149701357 16.219316735863686 128.43191323429346 33.293237179517746 104.35935420542955 17.154300607740879 80.807411439716816 52.831837728619576 126.77274292334914 70.147340942174196
leaf_count=2539 1259 489 373 83 66 147 774 446 134 299 231 97 141 414 262 545 78 24 222 112 151 655 145 144 113 198 13 142 211 1774 225 1971 896 78 459 602 324 2396 301 155 3086 1260 474 222 1906 243 910 212 55 189 44 98 953 1851 25 248 114 752 138 176 218 560 180
internal_value=0.0261834 0.022935 0.0253714 0.0185416 0.00630984 0.00107118 0.021992 0.0429924 -0.00750126 0.00776087 0.0320616 0.0182428 0.0233091 -9.4169e-05 0.0167996 0.0271605 -0.0153719 0.0348696 0.00134091 0.0243082 0.0361924 0.0181861 0.0392511 0.0422193 0.0237662 0.0110371 -0.000535884 -0.033305 0.0138375 -0.0253985 -0.00197562 0.00539455 0.0219491 -0.0190384 -0.0255707 -0.0119772 0.0380047 0.0362632 0.00602971 -0.00636115 0.0377751 0.038704 0.0424324 0.0152725 0.00705261 0.0256334 -0.0164804 0.0156409 -0.00286044 -0.0169143 0.00857812 0.0345476 0.0378724 0.0337093 -0.0246524 0.0205673 0.0337564 -0.0423447 0.00502826 0.0126736 0.00322048 -0.0195574 0.0342166
internal_weight=13005.4 10326.8 9006.59 4457.4 1320.25 1152.38 335.071 199.045 817.306 1553.74 4549.19 768.687 700.036 674.222 320.017 279.658 354.205 3780.51 143.646 2903.66 3636.86 1758.99 300.65 167.873 530.591 244.643 1023.15 68.6511 1458.34 292.636 1007.93 703.73 310.711 304.197 277.399 202.944 3392.22 3135.78 149.518 129.596 2986.26 2678.52 2025.4 1425.71 795.356 630.351 212.475 582.882 150.093 121.676 75.8488 480.258 460.926 1144.66 34.2667 211.054 161.725 143.084 38.7243 370.968 290.16 167.181 122.979
internal_count=33602 29803 23640 14077 6163 5530 1367 593 4163 6163 9563 1639 1400 3207 1221 959 1986 7924 453 7914 7471 5955 800 633 1620 711 4543 239 5155 1852 4530 3092 1121 1438 1360 901 6760 6436 480 456 5956 3799 3560 4944 3140 1804 1022 2118 531 476 233 1273 1175 1959 108 560 362 956 204 1247 1071 673 398
is_linear=0
shrinkage=0.05


Tree=27
num_leaves=64
num_cat=0
split_feature=18 17 3 19 49 44 63 62 53 47 55 44 67 18 47 4 51 41 5 0 19 44 1 1 5 49 46 6 60 13 74 79 7 44 51 13 1 78 50 4 17 67 69 75 16 0 51 63 76 75 18 72 73 22 63 79 7 18 51 4 66 18 58
split_gain=226.266 105.965 107.45 94.7433 80.8527 76.7106 75.1967 88.9151 70.1216 101.416 85.8108 76.0538 59.7011 63.009 63.3144 58.2256 59.7014 57.0362 56.8199 56.3456 55.0817 54.7248 54.3933 52.1589 57.7411 68.3843 51.0468 53.5514 50.7765 50.6853 50.1389 68.0481 56.359 49.7519 61.5558 60.5395 69.8225 50.6873 57.6864 56.9827 48.9265 56.72 50.162 48.8582 51.4818 50.5865 66.8386 48.6856 52.9192 48.6019 48.2447 47.9085 47.6779 54.9049 52.934 68.6676 48.3928 55.1658 63.7105 60.0282 55.8625 49.6367 63.6812
threshold=-0.25342804193496699 -2.5299543142318721 1.4342653155326845 0.32444526255130773 0.39577491581439977 -0.076111443340778337 -0.12831705808639524 0.24043481051921847 -0.30114334821701044 -0.98320287466049183 0.59668883681297313 -0.44175933301448816 0.90190422534942638 1.0628022551536562 1.0429188609123232 -0.93019914627075184 0.45078052580356603 1.74949586391449 0.41358886659145361 -0.72623482346534718 -0.61578816175460804 -1.0054158568382261 2.2248657941818242 -0.92079937458038319 -1.1572843790054319 0.12175295501947404 1.0000000180025095e-35 0.27264261245727545 -0.13772847503423688 0.44147975742816931 -1.9902253150939939 -0.34014572203159327 0.34273906052112585 -1.0953093767166135 -0.031134070828557011 0.44147975742816931 -0.58658981323242176 -0.38844725489616388 -0.8880348503589629 -1.2067254185676572 0.022248046472668651 0.34491527080535894 -0.56782993674278248 -0.39539882540702814 1.0000000180025095e-35 1.566873371601105 -0.26014307141304011 -0.12842537462711331 -0.32908862829208368 -0.17704278975725171 0.82123780250549328 1.4255876541137698 -0.42476065456867212 1.5620304346084597 -0.1659182012081146 -0.87469249963760365 -0.21709776669740674 0.81321945786476146 0.76741033792495739 0.36759959161281591 1.0166783332824709 0.73258858919143688 0.58163902163505565
decision_type=2 2 2 2 2 2 2 2 2 2 2 2 2 2 2 2 2 2 2 2 2 2 2 2 2 2 2 2 2 2 2 2 2 2 2 2 2 2 2 2 2 2 2 2 2 2 2 2 2 2 2 2 2 2 2 2 2 2 2 2 2 2 2
left_child=3 -2 8 4 17 21 7 -4 9 20 12 19 13 14 33 16 -14 23 49 -12 -3 28 43 -1 25 -25 40 -28 -5 -23 -16 32 -32 34 -10 36 -36 52 -39 -40 -26 42 -42 44 -11 -45 -47 48 -38 -15 -21 -37 -35 54 55 -54 -56 58 59 61 -61 62 -58
right_child=1 2 6 5 -6 -7 -8 -9 10 22 11 -13 15 18 30 -17 -18 -19 -20 50 -22 29 -24 24 26 -27 27 -29 -30 -31 31 -33 -34 37 35 51 47 38 39 -41 41 -43 -44 45 -46 46 -48 -49 -50 -51 -52 -53 53 -55 56 -57 57 -59 -60 60 -62 -63 -64
leaf_value=0.015147240347165886 0.050467935287939303 -0.008430383031987343 -0.01123292552545458 0.037931374989195396 0.043035956884123767 0.027678862054440929 -0.051717754538976451 0.062586047372513609 -0.066598224346074597 0.035838967430110995 -0.068968031531515164 -0.021393576242399553 -0.046225317999013631 0.0253294360789184 0.087903169582738375 0.039629764434345432 0.035111839899323039 -0.013410616974333295 0.025263573044455173 0.050083163815156345 0.050112181646994929 -0.039127564822742947 -0.062073625009690284 0.018458614412958745 0.040301302994330851 -0.074706260718981773 -0.028241944102784633 0.050629305339962863 -0.023750135841083941 0.020367430773632709 0.0043585645568404068 -0.033065778305140722 0.074985167560892768 0.037305407052805543 -0.036914807889353078 -0.049237839338307908 0.12211157232447969 -0.033749678999502784 -0.0095106448642513358 0.041578508455840872 -0.067174524618692874 0.04331544798503574 0.009763870252542696 0.00026276204751766969 -0.04743925195128601 -0.038525323756061491 0.061903235142021534 0.0057836670705814913 0.040880839233993375 -0.034003760003443378 -0.010715027279116392 0.04661438770855944 0.067422244512897536 -0.05073110579474388 -0.013979297670907095 -0.0082628597954175261 -0.062097932276748827 0.071634038366527916 0.068738087427203276 0.0471822491986649 -0.047241879448077451 0.079053797239530099 0.033738134933367518
leaf_weight=427.26470693200827 263.32359900325537 49.026951268315315 199.40507878363132 114.79228492081165 2100.2409255504608 857.24575617909431 80.303045097738504 51.166156217455864 25.736734837293625 208.4828888848424 14.790895640850065 196.7812504991889 41.806281834840775 46.747465547174215 16.635875254869461 893.09488912671804 48.752623721957207 72.833123303949833 129.34730643033981 113.69514721632004 218.42472618818283 115.77519664540887 28.756388768553734 164.12299614399672 1988.9407165944576 22.270918875932693 59.960849180817604 33.439868688583374 46.836240135133266 51.604352407157421 176.05556123703718 108.25446217879653 33.592685990035534 334.09961089491844 32.59424165636301 52.219618164002895 28.469023063778877 27.974707439541817 57.514528296887875 1003.9988546185195 26.575616136193275 105.40828173607588 102.5977973267436 1113.9334079772234 20.235015407204628 21.421746727079153 71.426389742642641 54.898701168596745 68.989277869462967 130.39003627002239 45.529718566685915 17.225553728640079 33.910391286015511 30.750277742743492 57.596399188041687 252.00836449861526 55.877904642373323 81.164242636412382 64.194983400404453 112.20291573181748 18.068551070988178 11.27082748711109 24.958780433982611
leaf_count=853 352 148 620 294 2611 2149 353 74 167 559 95 931 222 178 24 1923 126 207 555 288 575 548 234 346 2735 86 185 46 219 155 747 579 80 845 164 296 28 139 223 1947 113 166 273 5532 95 158 218 199 176 886 242 36 62 180 271 904 315 205 88 240 78 36 73
internal_value=0.0257148 0.0193667 0.018106 0.0325432 0.0355031 0.0198025 -0.00964046 0.00383977 0.0195942 0.0110534 0.0229229 -9.08405e-05 0.0250206 0.0215968 0.0239685 0.0357562 -0.00239166 0.0302326 6.44829e-05 0.0239685 0.0393628 -0.000706604 0.00587685 0.0313194 0.034077 0.00726609 0.0362313 0 0.0200229 -0.0207538 0.00354875 -0.000876054 0.0157295 0.0267594 0.00690519 0.0143843 0.0293391 0.0293249 0.0369346 0.0388051 0.0377523 0.0161109 -0.00606617 0.00724577 0.0284319 0.00322427 0.0386622 0.0435607 0.0647616 -0.0183118 0.032671 -0.0253574 0.0216132 0.0145367 0.0173722 0.000716459 0.028554 0.0352313 0.0248824 0.0121747 0.0340212 -0.0186728 -0.0324411
internal_weight=13057 6767.1 6503.78 6289.91 5103.66 1186.25 330.874 250.571 6172.91 1731.71 4441.2 370.797 4070.4 3086.75 2780.26 983.654 90.5589 3003.41 306.485 174.016 267.452 329.008 1464.26 2930.58 2503.32 186.394 2316.92 93.4007 161.629 167.38 334.539 317.903 209.648 2445.72 280.133 254.396 184.951 2165.59 1089.49 1061.51 2223.52 234.582 129.173 1435.5 228.718 1206.78 92.8481 152.357 97.4583 177.138 159.225 69.4452 1076.1 742.004 711.253 285.919 425.335 367.738 286.574 222.379 130.271 92.1075 80.8367
internal_count=33452 22466 22114 10986 7621 3365 1047 694 21067 7519 13548 1556 11992 9721 8102 2271 348 5010 1619 625 723 1216 6796 4803 3950 432 3518 231 513 703 1430 1406 827 6672 1066 899 567 5606 2309 2170 3287 552 386 6562 654 5908 376 403 204 1064 530 332 3297 2452 2272 966 1306 1035 830 742 318 424 388
is_linear=0
shrinkage=0.05


Tree=28
num_leaves=64
num_cat=0
split_feature=19 17 13 72 32 49 53 2 4 35 20 66 2 49 52 24 14 76 59 19 19 48 4 61 59 6 50 41 2 1 5 6 19 60 49 50 19 49 17 53 44 48 64 62 76 61 76 0 11 73 67 68 2 0 44 66 60 63 47 79 78 1 59
split_gain=194.006 115.178 108.124 90.664 80.6817 78.7469 79.316 63.7152 61.9487 60.8168 60.5079 56.5648 56.3985 55.3119 65.7938 56.7535 55.1456 55.1241 86.5493 58.2617 58.5488 64.5963 84.6517 55.6437 51.7677 64.8492 64.1707 58.177 58.5065 54.5103 52.3872 50.5579 70.7568 62.0216 59.6423 55.6232 82.36 52.5351 50.395 49.7001 48.7359 60.1793 85.8202 63.0342 57.8637 72.2446 48.2915 47.9242 47.8595 47.5177 107.51 50.0032 48.8652 47.2012 51.7653 51.7235 58.4655 51.5951 49.2249 46.8244 47.6534 60.4642 66.3093
threshold=-1.8466831445693968 2.1328159570693974 1.3625727295875552 1.5274107456207278 -0.81560462713241566 0.12175295501947404 -0.25633223354816431 -0.92716893553733815 0.60100650787353527 4.531510829925538 2.8558534383773808 0.95951491594314586 -1.0988727211952207 -0.036330394446849816 1.1222832202911379 -0.81769165396690358 1.0000000180025095e-35 0.46768920123577123 2.0928518772125249 1.2555624246597292 0.95783057808876049 0.080935373902320876 -0.24357035011053083 -0.093253742903470979 0.047112314030528075 -1.112304627895355 -0.92388558387756337 -0.14366922527551648 -0.98816233873367298 0.49549785256385809 1.0000000180025095e-35 -0.24505755305290219 0.67962110042572033 -0.25150565803050989 -0.036310406401753419 -0.33257755637168879 1.3655385971069338 -0.036339910700917237 1.1385009288787844 -0.21714933216571805 -0.74909791350364674 0.30449977517127996 0.88533237576484691 0.34334184229373937 -0.3516585081815719 -0.079665578901767717 0.25154323875904089 -0.90651440620422352 1.0000000180025095e-35 -0.21673831343650815 1.1126357913017275 -0.59146389365196217 0.28646606206893926 -0.30601181089878077 -0.9896237552165984 -0.2516349852085113 -0.22493227571249005 1.9687864780426028 0.60111564397811901 1.4671314358711245 -0.27825802564620966 -0.85365453362464894 -0.324449673295021
decision_type=2 2 2 2 2 2 2 2 2 2 2 2 2 2 2 2 2 2 2 2 2 2 2 2 2 2 2 2 2 2 2 2 2 2 2 2 2 2 2 2 2 2 2 2 2 2 2 2 2 2 2 2 2 2 2 2 2 2 2 2 2 2 2
left_child=38 2 3 5 -4 6 7 16 24 11 17 13 -3 15 39 -6 -2 18 19 20 21 -8 40 48 25 27 30 28 -7 -28 -26 32 34 37 -9 -34 -37 -33 -1 46 44 -42 43 -43 -23 -46 -15 -35 -22 51 -51 -27 -53 54 -49 56 -55 -58 -57 60 61 62 -10
right_child=1 12 4 -5 9 8 10 31 59 -11 -12 -13 -14 14 -16 -17 -18 -19 -20 -21 23 22 -24 -25 26 49 29 -29 -30 -31 -32 33 35 47 -36 36 -38 -39 -40 -41 41 42 -44 -45 45 -47 -48 53 -50 50 -52 52 -54 55 -56 58 57 -59 -60 -61 -62 -63 -64
leaf_value=0.041817623189791146 -0.030058636400012842 0.057296986527748811 0.046989933951868859 0.034097298322100782 0.055554660635535637 0.030228044526710227 0.023473674903014042 0.01812420108977476 -0.087618780915086125 0.083876515268266838 -0.041520658603683598 0.016589824457780965 -0.028142554266047195 -0.044687868872078318 -0.083223327334242037 -0.041611086073877951 0.056860177100349713 0.037611279293382371 -0.050848359781777958 -0.031554765794728754 -0.013195732732766014 0.087822853313015203 -0.062801273704884739 0.085808123357921234 -0.052735638498457749 0.03628047647444458 0.027075243093935272 0.033131686295264168 -0.050329810273518662 0.053657722472585594 0.019590176417916171 -0.016363544207365098 -0.04377099492546483 -0.0071615377850629894 -0.054922184673001521 -0.032423476865839011 0.06633459183494067 0.04172360368911935 0.00088722631108229119 0.02923836048024981 0.063814639051941652 -0.05810693133628874 0.030663261653828235 0.011136758753000547 0.038795281797935829 -0.070106052644049982 0.016072817374604326 0.10708919547867082 0.078591273432688361 -0.014224795683037146 0.048633568805678137 0.022235559703770488 -0.0088107985539087313 0.079300812246511421 0.042273672384106099 0.022623563849180232 -0.067519924491927993 0.045130783930049434 0.10036525931316959 -0.0069909093203419127 0.04615294099318823 0.031681717708347559 0.023816992420306743
leaf_weight=1533.2907863929868 166.21272728592157 21.800507843494415 99.008521191775799 1641.9630266577005 16.254570193588734 29.578791350126266 1860.9695928022265 397.5695399492979 22.911747545003891 20.391478825360537 37.929681353271008 235.60920988023281 162.05329173803329 65.035251244902611 21.42225243896246 181.67024267092347 20.370117694139481 471.38597534969449 43.499328605830669 53.052671071141958 39.386302929371595 36.906137052923441 45.2213842459023 66.785731874406338 37.688682101666927 516.96822219714522 623.51838586479425 49.869786541908979 93.019221633672714 280.51449484378099 74.016397096216679 143.80536848306656 124.5910479798913 58.32381971180439 29.932156346738338 51.023086126893759 35.838509544730186 53.254388503730297 79.348937779664993 132.75899490341544 29.719038315117359 95.90190639719367 77.450166963040829 49.767522070556879 63.147358596324921 19.943270273506641 65.439328279346228 45.744590520858765 22.033017385751009 246.2220359146595 93.861717328429222 685.12934217229486 155.18836435675621 13.88732750341296 96.122087650001049 65.749487262219191 36.409568063914776 13.951012793928383 29.615588363260031 64.718454293906689 662.04391872882843 668.82152693718672 31.612540394067764
leaf_count=1891 866 76 203 3070 44 74 4664 1417 103 43 215 632 1081 320 109 988 55 1026 239 367 208 63 241 153 232 1090 1454 147 433 540 232 632 953 260 160 324 106 130 192 336 48 526 198 174 178 131 199 78 44 906 174 1690 577 24 273 219 247 45 67 188 921 1332 65
internal_value=0.0235714 0.0212729 0.0219169 0.0233123 0.00462847 0.0212832 0.0165633 0.00664142 0.0260665 -0.00104901 0.0211134 -0.00347859 -0.0179587 -0.0132883 0.000811474 -0.0335821 -0.0205171 0.021915 0.0189565 0.0201947 0.0213386 0.0194839 0.00171014 0.0542282 0.0218235 0.01688 0.0309162 -0.012308 -0.0308444 0.0353341 -0.00479278 0.0108845 0.00127773 0.0218963 0.0129864 -0.0223655 0.00829536 -0.00062723 0.0398069 0.00769832 0.00956291 -0.00287493 -0.0118048 -0.0344243 0.0357922 0.012544 -0.0141862 0.0342428 0.0197241 0.0198493 0.00311835 0.0240372 0.0164957 0.0422691 0.0632692 0.0235446 -0.0110615 -0.0361865 0.0468984 0.0345043 0.0364467 0.0275509 -0.0229928
internal_weight=13007.2 11394.6 11210.7 10373.1 837.59 8731.18 4395.5 1382.4 4335.68 738.581 3013.1 718.19 183.854 482.581 284.656 197.925 186.583 2975.17 2503.78 2460.28 2407.23 2279.03 418.057 128.205 2885.58 1869.84 1015.74 172.468 122.598 904.033 111.705 1195.82 638.954 556.863 427.502 211.453 86.8616 197.06 1612.64 263.234 372.835 252.839 223.12 145.669 119.997 83.0906 130.475 359.803 61.4193 1697.37 340.084 1357.29 840.318 301.48 141.867 159.613 64.2479 50.3606 95.3651 1450.11 1385.39 723.346 54.5243
internal_count=33673 31590 30433 27559 2874 24489 14331 5856 10158 2671 8475 2628 1157 1996 964 1032 921 8260 7234 6995 6628 6223 1559 405 7549 5091 2458 654 507 1994 464 4935 2960 1975 1577 1383 430 762 2083 855 1318 946 898 700 372 309 519 1213 252 4437 1080 3357 2267 953 351 602 316 292 286 2609 2421 1500 168
is_linear=0
shrinkage=0.05


Tree=29
num_leaves=64
num_cat=0
split_feature=18 17 4 19 55 19 1 68 4 1 61 19 49 50 13 43 52 68 0 60 63 0 51 64 6 73 5 75 19 54 74 64 3 5 18 6 60 61 19 0 75 73 59 19 68 44 78 25 6 62 55 63 53 61 59 72 44 57 4 5 19 3 18
split_gain=169.809 101.985 87.9801 67.911 68.8689 62.928 57.9255 61.6188 60.6575 59.5283 61.5485 59.1228 57.5099 63.6854 70.6157 66.7667 101.758 58.9632 55.3475 53.95 52.2122 52.1603 51.2707 55.1452 48.9986 57.9662 48.2671 47.2813 54.2998 114.666 73.0901 47.6115 50.9959 47.4559 46.6364 48.6532 85.2136 93.8624 46.2753 46.1139 45.9356 46.0236 45.3732 45.0262 44.767 64.0721 70.2459 61.4697 65.745 66.6621 87.1498 60.4795 59.0583 63.7917 60.2704 82.7291 57.7527 54.048 57.004 53.1103 50.2078 53.8544 49.0144
threshold=-1.3991232514381406 -2.5299543142318721 -0.9672255516052245 -2.0754679441452022 1.9265324473381045 -1.9276512265205381 -0.48570388555526728 2.0223734378814702 -2.1717550754547115 -0.095351174473762498 -0.063735660165548311 -1.0474610924720762 0.38520649075508123 -0.87075883150100697 1.3625727295875552 1.0000000180025095e-35 -0.4746608287096023 -0.61897799372673024 1.2930490374565127 1.4504217505455019 0.34872685372829443 -1.1307124495506284 0.32532341778278356 -0.40591906011104578 -1.1493777632713316 -0.59103906154632557 0.29342825710773474 -0.30161902308464045 1.0110634565353396 -0.38897025585174555 -0.034125478938221925 0.42412914335727697 0.17778417468070987 1.2654822468757632 -2.3423089981079097 -0.7852664291858672 -0.17587528377771375 0.97648161649703991 0.60241857171058666 2.0915560722351079 -0.61280646920204151 -0.5026646852493285 -0.55305314064025868 0.14109840989112857 0.83926808834075939 -0.16721972078084943 0.088427446782588973 -0.28431430459022516 1.2848722338676455 -0.36667279899120325 0.27959664165973669 1.5721408128738406 0.029271265491843227 1.8882164955139162 0.54125535488128673 1.2555771470069887 -1.9019212722778318 0.87935176491737377 0.73739489912986766 1.1098969578742983 0.55361196398735057 0.56391891837120067 1.0982400774955752
decision_type=2 2 2 2 2 2 2 2 2 2 2 2 2 2 2 2 2 2 2 2 2 2 2 2 2 2 2 2 2 2 2 2 2 2 2 2 2 2 2 2 2 2 2 2 2 2 2 2 2 2 2 2 2 2 2 2 2 2 2 2 2 2 2
left_child=5 -2 6 -4 12 -1 7 8 -3 26 11 -11 13 14 17 44 42 -5 20 24 -19 -7 23 -10 -6 -26 38 -14 33 30 -30 32 -32 -29 -23 36 -36 -38 -8 -20 -13 43 -17 -42 45 47 51 56 49 50 -49 52 53 54 62 -56 -15 58 -51 -58 61 -60 -47
right_child=1 2 3 4 19 21 9 -9 22 10 -12 40 27 15 -16 16 -18 18 39 -21 -22 34 -24 -25 25 -27 -28 28 29 -31 31 -33 -34 -35 35 -37 37 -39 -40 -41 41 -43 -44 -45 -46 46 -48 48 -50 57 -52 -53 -54 -55 55 -57 59 -59 60 -61 -62 -63 -64
leaf_value=0.052462862735950203 0.044239973088223389 -0.069014719592293924 0.035207499591583341 0.035708761681486234 0.042485223653524196 -0.0047196188268224127 0.022689682768829197 0.052520808575872172 -0.067518666167111038 0.046049768002874497 -0.029175645405738672 0.06786290824494294 0.038849059711383284 -0.066017309631351787 -0.063967141910007005 0.024697713158436402 0.043877212575954699 -0.0021935548369372876 0.050503484266528509 0.071358518877677968 -0.049775020436675414 0.044525101370643 -0.045687906187681794 0.031474335699690541 0.056022160911314026 -0.062750253651054924 0.054665841139708321 0.026350600453338327 -0.052837544411986161 -0.053494590383329099 -0.063593392401355739 0.063724082970722781 0.037284154800178479 -0.0055689927700866872 0.025287136753518232 0.032133722989926249 -0.071852839020118339 0.04293816241191651 -0.059963976817228398 -0.036036179432711597 0.058036472066417349 -0.022805121366782862 -0.060193428897692913 -0.035599045637572983 0.028985738988936784 0.01299417594983078 0.030872658880440298 -0.058653644422398503 0.030077630421483981 -0.022110199682993475 0.040183122731789478 -0.039953995071161867 0.030210182843010781 0.096366269679850042 -0.056630555282192852 0.038060055974314784 0.039345376033078194 0.030689879698191563 -0.074691840069231422 -0.048221828490794309 0.076062068343745806 0.028022147617200906 -0.038454255188424102
leaf_weight=384.33285310864449 404.4318651035428 59.509261757135391 691.87320736050606 125.87126718834043 18.552571054548025 99.791340313851833 115.9881656318903 28.025583371520042 17.086194220930338 91.501074202358723 125.79877312481403 21.6846544444561 512.68029242753983 16.063455238938332 38.969937711954117 27.531291089951992 443.87609293684363 280.06964728608727 71.027933530509472 14.525939878076313 72.58787788823247 571.08684624731541 59.937020070850849 77.084228698164225 11.758451916277407 75.74390884488821 115.31362232938409 2054.3273549377918 26.465129978954792 71.550084039568901 18.931539256125689 76.003887180238962 36.53979504853487 123.13593576103449 242.40465477108955 1340.4497104436159 53.98277722299099 26.412491425871849 19.707292322069407 19.498171824961901 41.112926654517651 153.98788877204061 36.341658420860767 18.498727843165398 579.55308744683862 1042.224560700357 759.59975712001324 119.19047542661428 117.14116187766194 269.92737274244428 27.294998113065958 52.9400854408741 429.81469735875726 20.289955228567123 76.657043416053057 32.830482833087444 201.63795149326324 101.66394190117717 18.090805992484093 18.807445608079433 30.3056595697999 42.630222477018833 48.305482931435108
leaf_count=311 534 415 963 445 56 269 338 52 118 154 749 34 861 112 296 88 896 1345 222 34 516 658 294 273 21 470 272 4717 137 424 138 178 91 349 449 2024 223 40 167 123 87 841 191 113 1378 3274 1602 670 370 1422 77 299 1089 45 435 78 646 309 99 103 74 99 363
internal_value=0.0225873 0.019627 0.0186101 0.0201584 0.0188816 0.0336945 0.00410315 -0.0170048 -0.0261699 0.011361 0.000517277 0.0119685 0.0194444 0.016248 0.00104821 0.0182948 0.0353832 0.00551982 -0.00304916 -0.0185924 -0.0120128 0.0305999 -0.00955876 0.0134075 -0.0310153 -0.046687 0.0308848 0.0250482 0.022105 -0.00100646 0.0227589 0.0380425 0.00271369 0.0245431 0.0321798 0.0279355 0.010482 -0.0340716 0.0106136 0.0317896 -0.0012782 -0.00834928 -0.0235431 0.0288847 0.0161262 0.0139482 0.0182242 0.00300475 -0.0041998 -0.010804 -0.0401882 0.0125783 0.014269 0.00864809 0.00715288 -0.0281826 0.0251412 -0.00148218 -0.0105634 0.0318334 0.0236089 -0.00257003 0.0107073
internal_weight=12921 10202.5 9798.07 8852.83 8160.96 2718.46 945.235 241.642 213.617 703.593 452.584 326.785 8040.38 5120.74 608.025 4512.72 507.749 569.055 443.184 120.581 352.658 2334.13 154.107 94.1704 106.055 87.5024 251.009 2919.63 2406.95 229.49 157.94 131.475 55.4713 2177.46 2234.34 1663.25 322.8 80.3953 135.695 90.5261 235.284 213.6 63.8729 59.6117 4004.97 3425.42 2462.66 962.753 726.245 609.103 146.485 1703.06 1650.12 1220.31 1200.02 109.488 236.509 462.618 360.954 220.445 91.0267 60.721 1090.53
internal_count=33520 29546 29012 25105 24142 3974 3907 1152 1100 2755 1978 1229 23561 16666 2947 13719 1175 2651 2206 581 1861 3663 685 391 547 491 777 6895 6034 968 544 407 229 5066 3394 2736 712 263 505 345 1075 1041 279 200 12544 11166 7185 3981 3120 2750 747 5583 5284 4195 4150 513 861 2003 1694 749 272 198 3637
is_linear=0
shrinkage=0.05


Tree=30
num_leaves=64
num_cat=0
split_feature=19 13 78 59 64 18 67 60 61 0 0 66 17 65 66 59 18 62 66 67 18 66 48 73 53 53 41 29 62 72 6 0 65 73 18 53 33 44 72 5 55 0 53 64 41 69 75 3 33 6 72 48 68 76 66 62 19 73 75 58 22 5 61
split_gain=166.85 103.393 107.461 87.0639 80.8815 85.5366 80.2746 79.7241 77.6758 65.9024 65.342 64.8804 59.1432 60.4367 66.796 84.7417 70.9454 58.7163 60.6698 57.7397 56.593 62.0246 54.9598 53.413 52.6811 61.6696 52.6714 99.7238 54.8814 76.9598 53.3848 57.5312 62.7703 55.8721 51.0577 51.0043 50.7148 50.4586 68.1318 50.2314 50.1302 57.149 73.1353 56.2674 52.0852 49.8387 49.6547 82.7297 63.6455 51.0063 66.4216 58.8121 49.2833 53.9254 49.0694 48.2986 47.8525 47.5736 73.2038 58.2884 49.6465 46.6726 45.0631
threshold=-1.3862280845642088 1.3625727295875552 -0.31342741847038263 -0.81505927443504322 0.68788525462150585 -0.95223531126976002 0.11784411966800691 1.0876919031143191 -0.0016492887516506014 -0.52240464091300953 1.2013488411903384 -1.1912586688995359 -1.8525771498680113 -3.2720189094543453 1.298922657966614 -0.3396178930997848 -1.1958391666412351 -0.32695819437503809 1.4108676910400393 -0.13662946224212644 -0.059790048748254769 0.69632500410079967 0.86692604422569286 3.3177469968795781 0.15709771215915683 0.060547899454832084 1.4328048229217532 1.9095481038093569 -0.42759382724761957 0.32125672698020941 -0.054395601153373711 0.30827927589416509 0.13850726187229159 -0.5372510254383086 -2.3955894708633418 0.13253905624151233 -0.16376700997352597 0.44138355553150183 0.68265238404273998 -0.15292306989431378 -0.34638457000255579 1.7717326879501345 -0.21714933216571805 -0.59199446439743031 0.63187485933303844 1.4025190472602846 -0.39539882540702814 0.18898642063140872 -0.23617917299270627 1.3345237374305727 -0.098418805748224245 -0.87050229310989369 0.16517320275306704 0.44283406436443334 -1.3949033021926878 0.93233519792556774 1.1820356845855715 0.29434938728809362 -0.12997931241989133 -0.94585680961608876 3.2020837068557744 0.82026451826095592 -0.39630606770515436
decision_type=2 2 2 2 2 2 2 2 2 2 2 2 2 2 2 2 2 2 2 2 2 2 2 2 2 2 2 2 2 2 2 2 2 2 2 2 2 2 2 2 2 2 2 2 2 2 2 2 2 2 2 2 2 2 2 2 2 2 2 2 2 2 2
left_child=37 2 3 9 5 -4 12 8 10 11 54 -2 -5 -14 26 -16 -17 20 23 -13 21 -8 24 35 25 46 27 28 29 30 31 33 -33 -15 -30 -19 52 38 -1 -31 -22 42 -42 -44 -45 -37 48 49 -7 57 51 -51 53 -24 -3 -6 -11 59 -59 -48 -61 -60 -36
right_child=1 7 4 6 55 22 17 -9 -10 56 -12 19 13 14 15 16 -18 18 -20 -21 40 -23 36 -25 -26 -27 -28 -29 34 39 -32 32 -34 -35 62 45 -38 -39 -40 -41 41 -43 43 44 -46 -47 47 -49 -50 50 -52 -53 -54 -55 -56 -57 -58 58 61 60 -62 -63 -64
leaf_value=0.013568165214602688 -0.071106155555504633 -0.055884615512907604 0.033152626458521309 0.028364586057625825 0.039374687879454175 0.038554179838113448 -0.0039503998141833191 0.057402545056956959 -0.038117773504163489 0.04069455499868798 -0.049237753190803972 0.023595947324434235 0.050843871250334842 0.057574478543775731 0.032869644878036196 0.038692203272275807 -0.044286428159898611 0.038268609958688082 -0.057472012751830039 -0.034943724262086626 0.049500766890324711 0.038336419266596811 -0.050213251970606249 -0.049660655454743526 0.035699753208138611 -0.04294584884148632 -0.041653272286051091 0.070918674369913795 0.04860604166817728 -0.043739627252489241 -0.060700263424870775 0.05329569306746279 -0.050362635292043281 -0.057729986596343374 0.093980925760913311 -0.021489619743681642 -0.0656096232982563 0.039224859287736683 0.037124463858434958 0.027377351670935243 -0.057521343009724252 0.05187202036192369 0.07121797117769077 -0.040441283083737914 0.048838272108465502 0.05427267331627194 0.023913062574053845 0.023423779332663684 -0.019225110515433675 0.052495513322512483 0.060237407212961835 -0.070786457347217974 0.028605318831788989 0.015969736445898188 0.013076024718145861 -0.0079695919627661548 -0.019213180903984845 0.060348627149833224 -0.068960630714640953 -0.032207331883883104 0.078268572931697672 0.032769952826078745 -0.00088808382786064767
leaf_weight=619.98014035075903 22.081512000411749 27.089410297572613 1090.5472745597363 259.31484714895487 1076.884499553591 376.77365721017122 142.3076179176569 57.41631667688489 133.729856364429 613.48058941215277 51.965038195252419 357.03217128291726 64.267327290028334 12.062188379466532 312.29692311957479 38.196236029267311 78.393492165952921 693.39995441958308 19.561113998293877 47.602835904806852 32.267790574580431 221.01091950386763 64.33380900323391 19.72127491235733 380.07176144048572 44.430506996810436 82.854598637670279 46.956548005342484 57.225014448165894 32.027877874672413 112.4909902960062 44.974520292133093 21.472228109836578 76.081247132271528 12.562882743775843 73.750029858201742 30.968332517892122 1372.7702919468284 610.00383971631527 108.822225227952 96.398859817534685 26.533062744885683 23.222548261284828 61.176344588398933 22.142174679785967 30.641019195318222 65.782358855009079 664.82668227702379 54.376738712191582 15.964498504996298 64.400956012308598 24.148477781563997 100.14323376119137 58.697662673890591 496.37055990099907 56.490191906690598 35.075221192091703 53.469629071652889 26.359819181263447 278.54440468549728 10.436687607318161 19.489607006311417 1087.3595231026411
leaf_count=1254 137 142 1685 506 1787 808 408 158 713 1287 307 924 170 29 769 57 407 1780 87 196 106 343 409 100 885 197 551 142 72 156 622 106 122 462 17 288 212 1705 822 260 589 82 55 286 60 51 179 1721 217 31 112 146 314 199 1539 168 188 104 164 1411 17 58 4704
internal_value=0.0213127 0.0184552 0.0198745 0.0147981 0.0254257 0.0215885 0.0113299 0.000781447 -0.00380325 0.027401 0.00416807 0.0121193 0.00578882 0.00310981 0.00166066 0.0192872 -0.0170489 0.0206004 0.0292608 0.0166898 0.00899161 0.0217629 0.01618 0.031349 0.0188635 0.0150924 -0.00279761 -0.000794961 -0.00295415 -0.0187227 -0.0344941 -0.0153653 0.0196981 -0.0418469 0.00260157 0.0333638 -0.00575174 0.0326272 0.0252569 0.011151 -0.00871844 -0.0169448 -0.0259879 0.00252398 -0.0166249 0.00073105 0.0166564 0.0115063 0.0312527 -0.00267035 0.0287937 -0.0215888 0.00255757 -0.0186098 0.00948772 0.03701 0.0374445 -0.00992802 0.020621 -0.018498 -0.0281745 -0.0256311 0.000199373
internal_weight=12911.2 10308.5 9541.9 4984.76 4557.14 3423.77 3909.49 766.571 709.155 1075.27 575.425 426.717 2447.36 2188.04 2123.78 428.887 116.59 1462.13 837.073 404.635 625.059 363.319 2333.22 817.512 2079.08 1699 1694.89 1612.04 1565.08 407.931 267.081 154.59 66.4467 88.1434 1157.15 797.791 254.143 2602.75 1229.98 140.85 261.741 229.473 202.94 106.541 83.3185 104.391 1654.57 1223.42 431.15 558.596 104.514 40.113 223.175 123.031 523.46 1133.37 648.556 454.083 99.3191 354.763 288.981 45.8494 1099.92
internal_count=33583 29802 26943 16119 10824 8869 13387 2859 2701 2732 1988 1257 9152 8646 8476 1233 464 4235 2306 1120 1929 751 7184 2219 6050 5165 7243 6692 6550 1757 1341 719 228 491 4793 2119 1134 3781 2076 416 1178 1072 990 401 346 339 4968 3943 1025 2222 289 177 922 608 1681 1955 1475 1933 326 1607 1428 222 4721
is_linear=0
shrinkage=0.05


Tree=31
num_leaves=64
num_cat=0
split_feature=18 72 3 17 55 54 17 66 63 45 61 44 75 47 0 5 79 55 68 54 64 68 52 52 64 52 0 54 49 59 4 73 50 0 50 62 51 79 61 58 55 64 76 52 1 2 51 5 62 26 66 18 17 79 59 73 73 44 3 63 50 76 76
split_gain=208.119 135.647 87.9993 95.6284 77.2098 73.5465 73.1334 71.4215 90.015 69.7707 66.522 64.5136 55.8851 55.5433 51.4259 50.2723 49.4191 48.4414 48.1007 64.7145 65.3253 48.91 47.739 52.2322 79.2683 61.7568 74.6639 57.1717 54.5235 54.3617 50.1547 47.3347 51.0105 50.0184 47.1592 60.933 50.7553 51.4506 50.8741 47.2728 46.3979 48.382 45.6846 44.217 44.0067 43.556 50.7903 43.1428 42.4683 42.281 41.6921 48.4306 43.9515 50.3937 55.4656 41.1707 48.9763 46.1318 41.0112 40.5924 73.3128 66.9563 61.086
threshold=-1.6040982604026792 0.68265238404273998 -0.091527104377746568 0.20051464438438418 0.6384284794330598 -0.29783576726913447 1.7585898637771609 -1.4163396358489988 1.1490550041198733 1.0000000180025095e-35 1.0468330383300783 0.7329300343990327 1.8426945805549624 1.0105693936347964 -1.1307124495506284 -0.43858791887760157 -0.64560100436210621 -0.18868927657604215 0.13765912503004077 -0.40923509001731867 1.0991699099540713 0.16517320275306704 -0.8314780294895171 0.51968637108802807 0.81499722599983226 1.4529005289077761 -0.37394209206104273 -0.5092998445034026 -0.14169676601886746 1.1624783873558047 0.31885597109794622 -0.40638716518878931 0.11159448325634004 -0.015356792602688072 0.40328586101531988 -0.2988054752349853 0.4328580796718598 -0.77287405729293812 -0.27645772695541376 -0.22838867455720899 -0.31377980113029474 1.0071344971656802 0.55765295028686535 -0.82399234175682057 -1.0744249224662779 1.0000000180025095e-35 0.57822901010513317 -0.35300181806087488 1.8244786858558657 -0.14510199427604673 1.3715678453445437 1.0183156728744509 -0.56851035356521595 -0.56923720240592945 0.79950302839279186 -0.26819719374179835 -0.56400877237319935 -1.7136308550834654 1.0248115658760073 -0.16016633808612821 -1.2806845903396604 0.10639649629592897 0.3600651621818543
decision_type=2 2 2 2 2 2 2 2 2 2 2 2 2 2 2 2 2 2 2 2 2 2 2 2 2 2 2 2 2 2 2 2 2 2 2 2 2 2 2 2 2 2 2 2 2 2 2 2 2 2 2 2 2 2 2 2 2 2 2 2 2 2 2
left_child=14 2 7 9 13 11 16 8 -2 31 18 -5 -12 -3 40 -6 -7 -13 22 20 21 -20 34 27 55 26 -26 30 -28 44 -24 -4 33 -33 35 -9 37 -37 -39 -40 -1 -42 -21 -35 -29 -34 -47 -41 -38 59 51 -11 -53 -54 -55 56 -25 -57 -56 60 -15 -61 -63
right_child=1 4 3 5 15 6 -8 10 -10 50 12 17 -14 49 -16 -17 -18 -19 19 42 -22 -23 23 24 25 -27 28 29 -30 -31 -32 32 45 43 -36 36 48 38 39 47 41 -43 -44 -45 -46 46 -48 -49 -50 -51 -52 52 53 54 58 57 -58 -59 -60 61 -62 62 -64
leaf_value=0.034585553911338648 -0.041166733796150871 0.030822435053135734 0.023113741832083423 -0.037067656766413402 0.037544733946755116 -0.023051408177293398 -0.065314606256101998 -0.036961207401880851 0.039124213552698406 0.023295934509769523 -0.046883667011522773 -0.01909396754877726 0.06985422495922082 0.084794993006240868 0.035131940914451522 -0.022968228912482055 0.03940699795738508 0.053014201957062315 0.074296293085215501 0.023924808089416022 0.092408995847141046 -0.036276653056310115 0.016309149370821813 -0.059531645347781187 -0.075998321795753901 0.047208714408064373 -0.051875843561601222 -0.039343081020161277 0.043262866499086734 -0.051899366768423973 0.084481827192072145 -0.036281126131870158 0.024549519958665517 -0.040928368451271388 0.054656248147007452 -0.065915305210448638 -0.044312345281717597 0.070192806774198133 -0.022658561467422466 -0.027040464190296654 -0.074100413043764246 0.035914640236442946 0.069729137221244436 0.028679085710962449 0.018263750063873829 0.010683403757794903 -0.060364005220101928 0.070553226196378077 0.057361666364877009 -0.02998993592214862 0.040494021197803202 -0.054364347571220301 0.049487101209596131 -0.051610846075185915 -0.020505568529591019 0.054509228644287505 0.011313459916237799 -0.047529583196124263 0.10564637887871359 0.054773266442111695 -0.019521689600400911 -0.061971032886676096 0.028079101885227071
leaf_weight=40.614763207733631 150.27219401672482 2464.6738497428596 342.37595951929688 185.30759091675282 47.124261543154716 38.826573610305786 23.42694004252553 156.72580531984568 45.315315037965775 2771.0528351329267 82.734068918973207 50.821526519954205 11.579233299940823 19.641720786690712 2235.1795479059219 125.30405283719301 168.33135420829058 42.746079608798027 11.055764243006704 488.29789605364203 13.312866196036337 95.109237711876631 52.172031883150339 29.736865855753422 28.067602083086967 110.17861797660589 20.128817640244961 34.531145881861448 58.572672829031944 30.746813178062439 56.384525761008263 145.93663009628654 235.2100382745266 32.101964995265007 27.909174151718616 16.556459859013557 71.272141937166452 46.775662824511528 59.138060260564089 15.89474783092737 31.008277326822281 14.580911234021185 61.392547570168972 77.979832019656897 754.79378141835332 74.298231951892376 37.85283449664712 38.382036127150059 11.869091860949991 55.080531191080809 332.71195558458567 35.455339252948761 46.410821076482534 44.14686906337738 13.123374778777363 12.007605962455271 133.56909131258726 126.91680686548352 12.405913911759852 121.7325832657516 114.42634221538901 28.938295125961304 53.451168276369572
leaf_count=73 853 4703 820 1214 103 183 180 898 174 6410 557 245 33 32 3016 464 516 123 30 1375 21 543 245 148 153 195 100 193 121 184 86 652 544 169 54 117 400 92 349 114 129 20 76 220 2425 235 162 112 28 245 551 196 172 310 83 29 473 713 17 252 404 134 138
internal_value=0.0201092 0.0171364 0.0135528 0.0177499 0.0260764 -0.00269852 0.0181781 0.00661701 -0.0225282 0.0202308 0.00876606 -0.0199784 -0.0324395 0.028037 0.0336703 -0.00638902 0.0276711 0.0138165 0.0102864 0.0218105 -0.0115036 -0.0246557 0.00620764 0.0106095 -0.00208304 0.0209603 -0.00609839 0.0177104 0.0188316 0.0131848 0.0518094 0.00826702 -0.00015162 -0.0170901 -0.00811698 -0.0123463 0.00248702 0.0176576 0.0263622 0.0081952 -0.00416822 -0.038803 0.0290613 0.00831611 0.0157326 0.0123196 -0.0132841 0.0418842 -0.029686 0.0105643 0.0237048 0.0217904 -0.00570305 0.00915007 -0.0176789 -0.018642 -0.00158487 -0.0386413 0.0407757 0.017191 -0.00414964 0.0312273 -0.00352608
internal_weight=12913.7 10592.3 7561.92 4710.52 3030.37 509.46 230.585 2851.4 195.588 4201.06 2655.81 278.875 94.3133 2857.94 2321.38 172.428 207.158 93.5676 2561.5 669.168 119.478 106.165 1892.33 1447.81 519.178 216.948 106.769 928.628 78.7015 820.072 108.557 945.755 603.38 256.018 444.523 416.614 259.888 176.747 160.191 113.415 86.204 45.5892 549.69 110.082 789.325 347.361 112.151 54.2768 83.1412 393.271 3255.31 2922.6 151.542 116.087 69.6762 302.23 163.306 138.924 25.5293 338.19 134.068 204.122 82.3895
internal_count=33606 30368 23893 13002 6475 2461 879 10891 1027 10541 9864 1582 590 5908 3238 567 699 368 9274 2045 594 573 7229 5065 1932 569 374 3133 221 2802 331 2802 1982 1041 2164 2110 1212 784 667 575 222 149 1451 389 2618 941 397 226 428 1205 7739 7188 778 582 410 1363 621 742 100 960 436 524 272
is_linear=0
shrinkage=0.05


Tree=32
num_leaves=64
num_cat=0
split_feature=19 18 47 17 7 4 47 47 76 78 64 69 67 19 76 79 76 5 1 50 3 5 31 66 62 51 0 0 63 54 44 2 19 51 2 47 73 4 66 50 54 17 41 1 19 19 62 19 75 31 66 66 50 2 79 67 64 49 61 44 18 31 32
split_gain=176.24 120.935 96.5236 117.754 80.7153 67.7613 66.0095 64.5145 64.437 61.9025 73.812 61.5911 59.9119 66.6575 56.8559 65.2467 59.2295 66.9444 56.5784 60.0309 55.4139 62.4899 54.7692 58.6822 52.8694 49.9447 48.7646 48.2419 57.6218 47.2712 55.7947 45.8469 54.8409 63.7837 48.5485 47.5936 48.3131 53.6943 47.452 46.7894 45.7 63.9154 58.9923 62.1588 58.956 45.4383 45.411 46.2408 45.5395 45.3977 45.1188 44.9336 62.5514 44.7226 44.4841 50.9778 44.4209 44.3696 48.6271 54.0626 43.4787 75.5823 41.8476
threshold=-1.9692807793617246 -2.1372841596603389 0.88254362344741832 0.20051464438438418 -0.21709776669740674 -2.677470207214355 1.9540731310844424 0.84070670604705822 -0.023546242155134674 -0.5785539150238036 0.97136819362640392 2.6339871883392338 -0.60271418094634999 1.7161312103271487 0.010901656933128836 0.52531093358993541 -0.70753929018974293 -0.31049217283725733 -0.74694272875785817 1.3053444027900698 1.5654916763305666 -1.1955431103706358 0.10811446234583856 1.1750686168670657 3.8236749172210698 0.28748714923858648 1.2046946883201601 -0.61984634399414051 -0.18975793570280072 -0.28936345875263209 0.32355017960071569 -0.69169774651527394 -0.013207052834331988 -0.74006628990173329 -0.99392658472061146 0.90677708387374889 -0.41529291868209833 0.33197925984859472 0.90830600261688244 0.41365358233451849 -0.30802541971206659 0.55693510174751293 -0.10051295161247252 1.6484098434448244 0.25346596539020544 -1.2172126173973081 0.34334184229373937 -0.34268008172512049 -0.13805694878101346 -0.47685138881206507 -0.63034260272979725 0.62367981672286998 1.2759984731674197 -1.0988727211952207 0.092582613229751601 -0.30831311643123621 -1.0722371339797971 -0.88997924327850331 -0.29840442538261408 0.28346253931522375 -0.9067474603652953 -0.4289905577898025 -0.90558552742004383
decision_type=2 2 2 2 2 2 2 2 2 2 2 2 2 2 2 2 2 2 2 2 2 2 2 2 2 2 2 2 2 2 2 2 2 2 2 2 2 2 2 2 2 2 2 2 2 2 2 2 2 2 2 2 2 2 2 2 2 2 2 2 2 2 2
left_child=-1 -2 3 4 11 -4 12 8 20 14 -11 27 13 24 15 16 26 18 -18 29 21 -5 25 -24 49 50 -6 28 -3 -20 -31 32 34 -34 -14 -33 37 54 53 -36 41 -10 43 44 -42 -19 47 -43 -49 -7 -16 52 62 -35 55 -37 -55 58 -51 -60 -27 -62 -29
right_child=1 2 5 7 9 6 -8 -9 40 10 -12 -13 31 -15 22 -17 17 45 19 -21 -22 -23 23 -25 -26 60 -28 51 -30 30 -32 35 33 38 39 36 -38 -39 -40 -41 42 46 -44 -45 -46 -47 -48 48 -50 57 -52 -53 -54 56 -56 -57 -58 -59 59 -61 61 -63 -64
leaf_value=0.037177845852831841 0.035204430678185281 0.015764268573664395 -0.052898106693346672 0.041965627189882504 0.028346919759416757 0.023780902365138898 -0.065375190422847895 0.065733303667565982 -0.054614077263532505 0.024127780531950669 0.044620629072991351 -0.089385735463124588 -0.072306420844593072 0.095546135755233685 -0.041660979305383386 -0.076291385884063145 -0.067014226055151019 -0.028465378619444221 -0.043638096188211323 0.052745135854115215 0.073463493233330276 -0.034924680211800285 0.06583980456067115 -0.013659614411656369 0.071970869901175849 0.044996495652707802 -0.047023729053789182 0.05704217906789591 -0.031638636052650659 0.05774424954944124 -0.050090055845148786 -0.053233223542285407 -0.053270231962098173 0.0384375769105086 0.018554230618271206 -0.070042391080927538 0.024568504998942132 0.049656691808511413 0.044152345983251982 -0.065943466233268036 0.031145710072007178 -0.025653178956434642 -0.023409945439954307 0.081201018312376139 -0.037253746653793877 0.015328371267362592 -0.033036893228000887 0.051503910226527498 0.0044413281257277525 -0.07009828249065668 0.011984721087543863 0.030573711478200417 -0.081857613111320615 0.038118994164887336 -0.053498275690115428 0.013446006981672776 -0.033257339600243664 -0.04979068021352058 -0.061441446399813061 0.049793129806991923 -0.051145006305849616 0.024722103005667857 0.0044063791954603816
leaf_weight=1316.980407550931 926.89716443419456 120.31680072844028 46.928908534348011 29.781055197119713 509.64184705913067 42.757034718990326 30.190068352967501 39.116504400968552 53.006366781890392 3495.7764254137874 503.52548927813768 15.980337172746657 42.939561806619167 13.55654179304838 47.072111375629902 21.222283374518156 49.196102429181337 64.678273968398571 86.015456084161997 34.387093111872673 14.715638659894465 225.92753462120891 134.77294970303774 27.880149632692337 15.39432769268751 243.94990218430758 22.267613928765059 41.80792449042201 136.82436717301607 31.728285331279039 19.119394589215517 22.94769449159503 35.340865105390549 56.173504803329706 55.709400933235884 21.157215647399426 911.40929629653692 43.636261697858572 106.5646799877286 23.074637867510319 193.04368932172656 58.806386146694422 60.213752433657646 50.625911451876163 37.495057784020901 684.17738291993737 65.001899018883705 89.361142169684172 121.48253037035465 19.493475075811148 231.32581390440464 301.26509874686599 19.452518664300442 28.73063100501895 47.840640287846327 130.4922248236835 88.827625211328268 135.35727477818727 14.577939946204422 42.397872187197208 35.464458394795656 422.21531721577048 385.44885986670852
leaf_count=1632 1220 306 341 123 1200 146 227 99 301 7770 646 78 195 36 240 122 256 183 403 54 29 1413 233 92 42 291 115 70 589 68 89 123 225 156 136 130 2970 79 237 100 448 246 343 81 252 1848 404 241 643 124 687 657 100 92 258 404 453 769 126 102 146 975 1390
internal_value=0.0198391 0.0178744 0.0163723 0.0186324 0.0207679 0.00638815 0.00783605 0.00282446 0.000351026 0.022774 0.0267102 0.007669 0.00900635 -0.0121796 0.0168646 0.010531 0.0117667 0.0044024 -0.0198019 -0.0061785 -0.0204845 -0.0259372 0.0252972 0.0521822 -0.0176408 0.0208252 0.025174 0.00922579 -0.00944179 -0.0210474 0.0170803 0.0127298 -0.0010828 0.00990085 -0.0295899 0.0178642 0.0192862 -0.000497092 0.0178997 -0.00618269 0.00808823 -0.00364833 0.0214277 0.0310527 0.0199881 0.011536 0.00442323 0.0134808 0.0244264 -0.0231053 0.00288454 0.0156505 0.00557032 0.00175178 -0.0115121 0.00172678 -0.0157533 -0.0325996 -0.00207917 0.0211871 0.0279352 0.0188225 0.00958074
internal_weight=12943.5 11626.5 10699.6 8724.09 7685.51 1975.5 1928.57 1038.58 999.461 6664.42 3999.3 1021.1 1898.38 283.534 2665.11 1522.43 1501.21 969.302 220.446 171.25 270.424 255.709 1142.68 162.653 269.978 980.028 531.909 1005.12 257.141 136.863 50.8477 1614.84 437.361 315.637 121.724 1177.48 1154.54 243.126 280.296 78.784 729.037 387.658 341.378 281.165 230.539 748.856 334.652 269.65 210.844 254.584 278.398 747.974 446.709 173.732 199.49 151.649 117.558 211.827 76.4693 56.9758 701.63 457.68 427.257
internal_count=33554 31922 30702 23231 18608 7471 7130 4623 4524 15418 8416 3190 6903 1345 7002 4338 4216 2901 870 614 1565 1536 2664 325 1309 2339 1315 3112 895 560 157 5558 1594 1163 431 3964 3841 871 938 236 2959 1835 1124 781 700 2031 1534 1130 884 1267 927 2217 1560 701 792 534 545 1121 352 228 1412 1121 1460
is_linear=0
shrinkage=0.05


Tree=33
num_leaves=64
num_cat=0
split_feature=17 18 19 67 58 17 45 18 19 49 6 73 70 69 79 4 6 78 0 31 34 66 79 17 61 78 55 52 79 66 49 0 65 75 52 61 40 51 50 64 66 60 3 4 76 2 4 58 49 17 51 18 66 58 55 79 51 55 41 78 54 67 26
split_gain=140.668 123.045 81.4905 63.3093 85.0495 73.8278 82.9015 75.1438 67.4009 66.5872 66.6 57.819 54.8357 64.4772 73.8219 76.6911 64.9379 59.9224 65.7497 74.8407 67.5151 71.6611 58.2032 80.1585 64.1966 55.346 60.7284 54.5517 54.0463 52.9946 54.574 52.899 51.1833 55.5597 54.6218 50.4017 59.631 77.7365 50.5646 49.6611 49.4006 60.746 51.1632 65.3984 48.3814 54.2439 47.942 47.8999 47.2397 47.0401 47.2345 80.4951 45.6419 45.6314 45.2003 44.6796 54.0111 44.461 75.4364 44.3434 44.1998 50.3267 43.9218
threshold=-2.5299543142318721 -1.6040982604026792 -2.1172688007354732 -0.30831311643123621 0.84188574552536022 -1.5757770538330076 1.0000000180025095e-35 0.77470394968986522 1.0978251099586489 -0.41573348641395563 -1.22484815120697 0.12262671068310739 0.70596449077129375 0.41734452545642858 0.57622015476226818 -0.089371800422668443 1.4351509213447573 0.28970441222190862 -0.89378309249877919 1.7850167751312258 -0.069546487182378755 0.9380786418914796 -0.54378259181976307 -2.0923091173171993 -0.061275819316506379 -0.36816972494125361 0.79501751065254223 -1.2082570195198057 0.34712868928909307 -0.01345408149063587 1.5445355176925661 -0.8231198489665984 -2.4105826616287227 -0.11064853891730307 1.9394694566726687 0.096941113471984877 -0.27603909373283381 -1.1562652587890623 -0.8880348503589629 0.97910830378532421 -0.93283236026763905 0.20624636858701709 -0.31923000514507288 0.82269623875617992 0.43421374261379247 0.72995600104331981 0.62209749221801769 -0.25222818553447718 0.27978062629699713 -1.6876285076141355 0.71563440561294567 -0.25342804193496699 -1.3151127099990843 1.862500846385956 1.1917393207550051 0.72894781827926647 -1.3056189417839048 0.075119532644748702 -0.45464842021465296 1.4377605319023135 -0.49659138917922968 -1.2780661582946775 -0.095568042248487459
decision_type=2 2 2 2 2 2 2 2 2 2 2 2 2 2 2 2 2 2 2 2 2 2 2 2 2 2 2 2 2 2 2 2 2 2 2 2 2 2 2 2 2 2 2 2 2 2 2 2 2 2 2 2 2 2 2 2 2 2 2 2 2 2 2
left_child=-1 31 -3 4 12 47 7 9 35 32 -11 59 17 27 15 -15 -16 18 -4 20 22 -22 23 -20 25 26 -24 -14 -26 30 48 -2 -7 -34 53 54 37 -37 -38 -23 41 42 -19 60 45 -40 -41 49 -12 50 51 -5 -50 -35 55 -8 -57 -25 -59 -10 -44 -62 -9
right_child=1 2 3 5 -6 6 8 62 11 10 29 -13 13 14 16 -17 -18 40 19 -21 21 39 24 57 28 -27 -28 -29 -30 -31 -32 -33 33 34 -36 36 38 -39 44 46 -42 -43 43 -45 -46 -47 -48 -49 52 -51 -52 -53 -54 -55 -56 56 -58 58 -60 -61 61 -63 -64
leaf_value=0.043073559279278785 0.01345711886430637 0.031430174657426903 -0.01252603212104763 0.021994879594396693 -0.019837070981854225 0.082357716271330345 0.02728609477780531 -0.0090729377722169706 -0.030054691590230262 -0.057511927469596963 0.015711393164368748 0.023708296472830338 0.031314189777174609 -0.05261172995772237 -0.048067373871258534 0.038079446475564993 0.037439869595835361 -0.06070481994609999 -0.099740802613363322 -0.056752087661547636 0.0464311905688439 -0.074231066045230706 -0.021997952103705313 0.023575970682914001 -0.058090430258710607 0.026569723815536406 0.073134912274110106 -0.060325187158159488 0.011691798616646633 0.036118892930194477 0.057992421286820722 0.032710331949499072 0.017456530433040188 -0.03030068880216874 0.044848709133904402 0.076633725969647876 -0.03205270897648467 -0.048820384107495035 0.0178308156994464 -0.035439565657704258 0.031271384186757949 0.048169181544529566 0.074177945645661575 -0.08511838318163438 0.047303283176825493 -0.037553683168211983 0.057269830814212719 0.04598480706991076 0.015577428109769901 0.064703504810703902 0.039259654050560297 -0.074315410052757477 -0.071322161449784233 0.033537540177107347 -0.020314709837693793 -0.07133919979601365 0.014483430306045944 0.042067032732955464 -0.044085785501670874 0.038346089390490549 0.07960570463407983 -0.014749551983110069 -0.060794017515460687
leaf_weight=565.75154676288366 456.1115650087595 728.35085164010525 314.22553490847349 47.501052558422089 241.96228412538767 17.156417988240719 2496.4887396469712 212.38862591609359 164.91785949468613 25.043334480375051 79.368641868233681 122.35496127605438 20.310250345617533 27.223834075033665 86.54141266644001 157.57104155421257 29.707437839359045 38.553177267313004 14.354338780045508 38.143705297261477 260.75375831127167 20.809920787811279 171.26113744080067 704.06890559569001 85.568688720464706 170.36450845375657 18.48070452362299 78.693250827491283 40.836256738752127 385.08124156296253 36.490338057279587 1657.594672344625 176.97796872630715 271.9693515188992 31.969885244965553 14.565633125603197 52.931535713374615 77.515297647565603 354.61889972910285 24.986205086112022 647.50165207311511 60.430116698145866 26.455582845956087 17.852397739887238 118.20232871174812 50.362327914685011 31.218613047152758 345.83697487413883 22.912524424493313 35.684227757155895 49.524879038333893 39.702101595699787 43.631011135876179 31.04770577698946 57.27545428276062 18.874106273055077 530.10821968689561 41.133350998163223 66.016380909830332 27.520041886717081 16.973277784883976 81.879843547940254 50.90571466833353
leaf_count=685 855 1011 1292 84 1150 28 5794 1157 1029 123 259 513 81 169 470 397 58 209 61 236 726 128 696 1951 531 439 43 456 143 833 52 2264 438 1226 51 32 265 389 999 118 1292 141 33 84 212 236 56 492 67 46 72 164 203 79 241 114 1446 112 339 71 20 280 436
internal_value=0.0186883 0.0175718 0.0153056 0.0140715 0.00876093 0.017204 0.0154932 0.00491605 0.0190771 0.0105618 0.0220734 -0.00313517 0.010865 -0.00647575 0.00502363 0.0246706 -0.0261596 0.0132657 0.00846349 0.0123742 0.0139788 0.033916 0.00884033 0.016925 -0.00486921 0.00588135 -0.0126721 -0.0414626 -0.0355157 0.0256039 0.00336988 0.0285589 -0.00232155 -0.00518452 -0.0171626 0.0209327 0.00846307 -0.0288598 0.0144411 -0.00839785 0.0240657 0.00477194 -0.00965111 0.00409549 0.0191597 0.0109234 0.0159767 0.0352475 -0.0102865 0.0136668 0.000272791 -0.0218312 -0.0413471 -0.0237343 0.0236161 0.0244446 0.0115113 0.0190076 -0.0109579 -0.0202321 0.0169032 0.00146498 -0.019111
internal_weight=12930.6 12364.9 10251.2 9522.8 3533.88 5988.93 5470.68 1384.94 4085.74 1121.65 592.527 314.793 3291.92 400.047 301.044 184.795 116.249 2891.87 2002.22 1688 1649.85 337.768 1312.08 825.573 486.511 360.106 189.742 99.0035 126.405 567.484 182.403 2113.71 529.121 511.965 334.987 3770.94 668.196 92.0809 576.115 77.0147 889.646 242.144 181.714 143.161 523.184 404.981 56.2048 518.249 145.912 172.412 136.728 87.2032 66.5435 303.017 3102.75 3045.47 548.982 811.219 107.15 192.438 125.309 98.8531 263.294
internal_count=33677 32992 29873 28862 11711 17151 16293 4952 11341 3359 1537 1613 10561 1631 1094 566 528 8930 6871 5579 5343 1028 4315 2463 1852 1178 739 537 674 1414 581 3119 1822 1794 1356 9728 2133 421 1712 302 2059 767 626 417 1447 1235 174 858 529 366 320 248 270 1305 7595 7354 1560 2402 451 1100 333 300 1593
is_linear=0
shrinkage=0.05


Tree=34
num_leaves=64
num_cat=0
split_feature=18 19 42 67 78 19 66 58 26 53 47 55 55 0 64 26 77 48 73 45 18 47 35 5 61 17 41 31 62 67 63 47 34 17 61 17 1 73 9 67 54 47 53 61 75 62 1 78 60 47 65 65 7 0 50 73 59 73 41 1 0 44 5
split_gain=142.175 107.031 81.2254 92.9338 83.3746 74.4778 71.6648 68.302 67.2961 75.9772 67.2248 69.3128 67.9706 59.6878 62.0243 59.6678 59.4704 58.32 57.8696 104.907 57.4897 55.1269 53.8429 53.7524 54.737 51.8708 67.6458 56.5015 54.6643 49.6845 59.7438 63.9363 51.0927 49.3138 68.4171 46.8928 46.3528 44.3331 43.5911 45.954 58.1748 43.4636 42.5091 42.2175 42.1509 72.6091 57.9162 41.557 40.6829 59.8642 40.6761 60.5539 59.7862 40.2437 40.1625 39.7915 83.2308 39.5506 52.8478 38.1262 37.9417 61.5449 46.1012
threshold=-2.3423089981079097 -2.1172688007354732 1.0000000180025095e-35 1.0258045792579653 0.088427446782588973 1.1318212747573855 -0.040844885632395737 -0.55807924270629872 -0.30402339994907374 -0.34439158439636225 0.080782454460859313 1.768556594848633 -0.37880577147006983 -0.80030024051666249 1.2503743171691897 -0.097631961107254014 0.676885485649109 -0.82691428065299977 -0.34101305902004236 1.0000000180025095e-35 -1.5650576353073118 0.17931658029556277 5.031104803085328 -0.68712767958641041 -0.2176035866141319 -0.38731113076210016 0.98981818556785595 -0.6886799931526183 0.33094915747642523 -0.6202963888645171 0.6858622431755067 -0.1832705810666084 2.8374042510986333 -1.0282276868820188 -0.11902302503585814 1.4191613197326662 0.37284761667251592 -0.48664729297161097 1.0000000180025095e-35 0.058109574019908912 -0.34534934163093561 1.6422391533851626 -0.491573616862297 -0.34720765054225916 -0.13664744049310681 -0.4310647696256637 0.28699247539043432 0.035649720579385764 0.27957655489444738 -0.32124122977256769 0.21846377104520801 0.46023705601692205 0.20277985930442813 -0.78230544924736012 1.8506361246109011 -0.41529291868209833 -0.050496511161327355 -0.09174995124340056 -0.012931040022522209 0.74079826474189769 -0.36623245477676386 -0.64341232180595387 -1.0867183804512022
decision_type=2 2 2 2 2 2 2 2 2 2 2 2 2 2 2 2 2 2 2 2 2 2 2 2 2 2 2 2 2 2 2 2 2 2 2 2 2 2 2 2 2 2 2 2 2 2 2 2 2 2 2 2 2 2 2 2 2 2 2 2 2 2 2
left_child=-1 -2 3 4 5 7 17 13 37 60 11 25 -12 14 54 21 22 -4 19 20 -5 59 29 -21 36 27 35 -6 -28 30 47 53 38 -29 43 48 -25 -7 -31 40 -40 -20 -19 -35 50 -46 -47 -9 -27 -50 -23 52 -52 -32 -3 -53 -57 -42 -59 -14 61 -10 -63
right_child=1 2 6 18 10 8 -8 16 9 -11 12 -13 15 -15 -16 -17 -18 42 41 23 -22 44 -24 24 -26 26 28 33 -30 32 31 -33 -34 34 -36 -37 -38 -39 39 -41 57 -43 -44 -45 45 46 -48 -49 49 -51 51 55 -54 -55 -56 56 -58 58 -60 -61 -62 62 -64
leaf_value=0.040137119269829304 0.03359132269164114 -0.0083790974854449762 0.044463034498772092 0.023323878190172693 0.054319938518050795 -0.065333733630466018 0.03448613683087981 -0.02108565324858078 0.059464031014066998 -0.058221918008740471 0.069283064182874596 -0.057163906082502318 -0.088050940348955886 0.022905697018368285 0.044694404374186612 -0.031204235984638524 -0.063120239913532661 -0.039565126132454935 0.026378958449075618 -0.021914200727563365 -0.070697519396838646 0.031101886316884104 0.069418250102895554 0.048175574913081477 -0.027146482787907496 0.038132208981657395 -0.062573464802633497 0.014790405093799079 0.035746956731718432 0.0056231404134423485 -0.024056336718943073 -0.029438268720835145 -0.058967221560008047 -0.049749788605476734 -0.087681729145473578 -0.020046647096767872 -0.013827513989852297 0.032890060585177044 -0.031964713044379062 0.04290480048972875 0.034705091933401037 0.060134090550704657 0.0097577301295618171 0.026896624944720771 -0.069848230699220512 0.025293282205881798 -0.047971138017009599 0.055337022852921115 0.023658370068099153 -0.064327606070642057 -0.071839008563917839 0.045277436946547539 0.042989036070108351 0.043724765937065785 0.059746148001270594 -0.082598681272913366 0.020248134897720371 -0.051321558317251798 0.072694120079941471 0.015929420700385385 -0.028581068743987217 0.048520693607326297 -0.043679816856456229
leaf_weight=703.74561792612076 902.66159647703171 405.08039429411292 114.46910889446735 22.56961989402771 69.684590578079224 12.89334477484226 985.16949247941375 419.56116915866733 44.158803690224886 106.85480545461178 42.42743768543005 25.869280379265547 23.768225960433483 1295.1514567993581 74.409857228398323 102.95511996001005 31.79319741204381 48.537902399897575 1334.9647772796452 62.092024117708206 57.041061356663704 311.22701506316662 32.509901862591505 195.70449784770608 36.455867379903793 1062.1089202463627 34.287870239466429 376.74568467587233 23.854413084685802 1637.1410104632378 26.392763454467058 59.09844933450222 27.575763825327158 27.089148819446564 29.877863988280296 40.240685250610113 35.441831134259701 97.757910750806332 62.68005058541894 178.58901455625892 159.08361614868045 102.97793926671147 427.0555798523128 52.849010370671749 38.187334593385458 110.88698505982757 35.512928977608681 18.44851129502058 126.11857404187322 22.712219186127186 42.040864046663046 77.31011188775301 15.372529797255991 124.63247073814273 22.743833482265472 24.567965537309647 97.012113206088543 32.588644098490477 11.534455135464666 13.820878595113752 100.73909658938646 18.993701171129942 46.465074077248573
leaf_count=789 1163 1419 186 35 80 88 1915 1716 183 841 53 131 117 3203 125 469 165 269 2984 222 290 743 81 272 133 1838 174 733 72 5498 111 352 163 88 143 190 116 441 308 367 382 199 1277 104 194 301 178 31 279 107 206 139 31 284 24 128 228 161 29 33 670 84 306
internal_value=0.0182804 0.0170188 0.0156937 0.0139856 0.011616 0.00776353 0.02623 0.0096128 -0.0121863 -0.0239037 0.0184925 0.0239153 0.00751689 0.0172316 0.00258784 0.00456816 0.00475738 0.0124335 0.0240812 0.00747499 -0.0439839 0.00924155 0.00553494 0.0199254 0.0296567 0.0250453 0.030482 0.0122359 -0.0221569 0.00477743 -0.00732534 0.0145744 0.00849903 0.00618846 -0.0232634 0.0329337 0.0386451 0.021351 0.00939797 0.0232862 0.0100789 0.0288038 0.00470619 0.000830795 0.0122025 -0.00853048 0.00746644 -0.0178435 0.0347 0.0101636 0.0189549 0.00417904 -0.0409854 0.0318384 -0.00473265 0.0172558 -0.000544068 0.0230814 -0.0186978 -0.0497456 -0.00642791 0.0138929 -0.0168172
internal_weight=12902.3 12198.5 11295.9 9720.65 7873.41 5046.88 1575.23 4619.01 427.863 317.211 2826.53 1891.44 935.09 1797.39 502.234 892.662 2821.63 590.063 1847.25 409.305 79.6107 789.707 2789.84 329.694 267.602 1865.57 1309.32 556.246 58.1423 2757.33 648.133 210.124 2109.19 486.562 109.816 1251.18 231.146 110.651 2081.62 444.476 265.887 1437.94 475.593 79.9382 752.118 184.587 146.4 438.01 1210.94 148.831 567.531 256.304 57.4134 151.025 427.824 198.89 121.58 203.207 44.1231 37.5891 210.357 109.618 65.4588
internal_count=33641 32852 31689 28042 23791 17032 3647 14419 2613 2084 6759 3939 2820 4771 1568 2767 9648 1732 4251 1068 325 2298 9483 743 521 3808 2660 1148 246 9402 2494 747 6908 1068 335 2414 388 529 6745 1247 880 3183 1546 192 2148 673 479 1747 2224 386 1475 732 237 395 1443 495 356 572 190 150 1243 573 390
is_linear=0
shrinkage=0.05


Tree=35
num_leaves=64
num_cat=0
split_feature=18 17 67 73 55 44 51 18 18 17 52 8 0 18 50 31 72 3 18 67 22 55 22 3 67 17 41 23 61 3 66 66 66 55 18 66 2 1 49 62 60 73 6 67 67 63 3 44 62 67 76 51 41 76 2 6 72 20 69 66 26 66 64
split_gain=188.056 84.5695 95.7912 91.2016 63.9861 63.8533 62.4151 58.1138 57.9072 57.5658 74.5722 59.7261 61.094 55.6166 54.6101 54.526 61.8425 51.6524 57.9499 51.5863 49.9656 47.9663 47.0604 46.7615 69.8358 53.6713 60.9907 55.8374 49.5831 46.2038 45.2009 45.128 44.3386 52.3364 42.6064 78.9415 48.0899 45.6195 42.3854 68.9639 42.1887 60.6347 55.2657 42.0308 41.9647 51.8503 47.1173 46.3616 46.4777 40.6102 55.9289 78.9617 44.9846 40.5993 40.5915 40.1775 41.4189 39.9494 39.7078 52.8254 38.6818 52.4601 37.617
threshold=-0.95223531126976002 -2.5299543142318721 -0.38020157814025873 -0.22134299576282498 -0.37880577147006983 0.95644900202751171 0.866979479789734 -2.3423089981079097 0.21663687378168109 0.011979553382843735 1.3680629134178164 1.0000000180025095e-35 -0.86111131310462941 -0.73371747136116017 -0.85066324472427357 -0.47685138881206507 2.0972065925598149 -1.3484654426574705 -1.3483842611312864 -0.85452133417129505 -1.1471536755561826 0.47438399493694311 -0.26754845678806299 1.4534691572189333 0.73449671268463146 0.25311003625392919 -0.21982739865779874 -1.1180183291435239 -0.21733792871236798 -0.8489364981651305 0.9380786418914796 -1.1591042280197141 -1.5652027130126951 0.10082507133483888 1.0714913010597231 -0.51125216484069813 -1.052758455276489 -0.63602396845817555 0.27983820438385015 0.29325725138187414 0.29580807685852056 -0.13064429908990857 0.66786894202232372 -0.54544311761856068 1.0103666782379153 -0.18037733435630796 0.74909901618957531 -0.91552236676216114 0.17317071557044986 0.11784411966800691 -1.3367377519607542 0.70368611812591564 -0.90144294500350941 -0.19354248791933057 0.47672359645366674 1.3179732561111452 1.4255876541137698 0.20255210995674136 1.156225383281708 -0.73633313179016102 0.88272735476493847 1.394195079803467 0.42412914335727697
decision_type=2 2 2 2 2 2 2 2 2 2 2 2 2 2 2 2 2 2 2 2 2 2 2 2 2 2 2 2 2 2 2 2 2 2 2 2 2 2 2 2 2 2 2 2 2 2 2 2 2 2 2 2 2 2 2 2 2 2 2 2 2 2 2
left_child=7 -2 3 4 -3 8 13 -1 31 11 17 20 22 21 55 29 -17 -11 -19 30 -9 -6 -13 25 49 34 27 -27 38 -10 -7 -5 33 -15 62 37 -37 -36 39 -28 41 -33 -43 -22 45 46 -29 -47 -49 50 -25 52 -52 -21 -20 -4 -57 58 59 -39 -34 -62 -16
right_child=1 2 14 5 6 19 -8 9 15 10 -12 12 -14 32 23 16 -18 18 54 53 43 -23 -24 24 -26 26 28 44 -30 -31 -32 40 60 -35 35 36 -38 57 -40 -41 -42 42 -44 -45 -46 47 -48 48 -50 -51 51 -53 -54 -55 -56 56 -58 -59 -60 -61 61 -63 -64
leaf_value=0.038846689676527046 0.036829568300583669 0.051045463248561213 0.0059557011473150871 -0.070726954270847908 -0.049007813503580411 0.061554376851925365 0.047736511773351566 0.054764603312781546 0.080288199793425177 0.053489342744784091 -0.093854175978431792 0.01550618423075981 0.031610367786852278 -0.070881069874998578 0.017365292616060658 -0.041676853429098909 0.030942444674445402 0.014505247503703911 -0.064310676236680006 -0.071765229175437581 -0.04201235236251033 0.047993771680318986 -0.050826685546027345 0.06948698000561708 -0.076504844761707463 0.055749245083801829 -0.064665862206792796 -0.055044411722580566 -0.063385037565111851 -0.014308902613638264 -0.01623620090481739 -0.068330590963633739 0.011290835953106017 0.021057219172792813 -0.041456648138463927 0.039306371731455181 -0.034863883051416737 -0.065506279495872149 0.028625427485351036 0.078640974157476506 0.033362221414903796 0.022254586358365525 -0.048293034216304716 0.0077508458817595926 0.026535599305346103 -0.040363638816425781 0.032461204816860288 0.040987724926163843 -0.01754513342472637 0.040097292910920811 0.032498460844174897 0.03218560436453341 -0.059351456222884548 0.0088622162631641598 0.015768924837739617 -0.066598309963794025 0.022786005197198957 0.089151970921208523 0.058819458190750774 0.071422839955565628 -0.051183201996860786 0.052411451905217468 0.027502991579996462
leaf_weight=700.06340731680393 348.07969903200865 91.600663863122463 615.16336200013757 20.356656178832054 73.735655464231968 73.930178068578243 95.304930470883846 48.9466358050704 19.240843180567026 53.609238483011723 18.614993456751108 422.98385030031204 2095.12550034374 37.205052439123392 1935.2889678925276 323.56409454345703 32.085050486028194 182.6871547177434 48.776604868471622 20.83342070877552 49.020729914307594 15.269070290029047 28.416433840990067 20.905432999134064 28.799313694238663 68.406662780791521 40.574543535709381 70.334077779203653 49.374440364539623 38.566285330802202 24.801312021911144 33.568420231342316 1628.7911408655345 26.281445432454348 17.675369694828987 26.260658387094736 126.67347199469805 20.459335215389732 53.164837066084146 10.460913367569445 94.786739073693752 118.35418400540948 36.139651775360107 311.2909442782402 174.94782229885459 36.676658369600773 19.532740488648415 104.75310308858752 49.918695166707039 63.155081927776337 15.809546977281569 51.62919544428587 81.032748825848103 61.088816821575165 23.22032967954874 39.444240942597389 19.114042550325394 34.269089765846729 35.227834809571505 10.595498517155646 52.442019619047642 15.793256789445875 1745.0884055010974
leaf_count=796 468 169 2702 125 278 133 162 62 70 92 85 777 2983 228 5147 2004 72 393 222 128 178 25 92 25 114 141 339 433 390 176 96 159 5196 83 111 65 743 142 149 18 247 294 136 711 487 234 64 308 253 105 26 84 345 210 55 271 47 78 68 21 320 30 3502
internal_value=0.0167331 0.0126699 0.0116794 0.00436589 0.0102188 -0.0089112 0.0082908 0.0257564 -0.0156113 0.0229621 0.00303421 0.0251643 0.0280143 0.006253 0.0155341 -0.0277806 -0.0351046 0.00892916 -0.000448137 0.0176348 0.00741621 -0.0322756 0.011309 0.0173725 -0.00318765 0.0185342 0.00552782 0.013647 -0.0221633 0.0171752 0.0419662 0.000970106 0.00820542 -0.0327696 0.0207648 0.00161686 -0.0220779 0.0323025 -0.00254079 -0.0350976 0.00617099 -0.00751775 0.00569897 0.000956866 0.00731149 -0.00463549 -0.0359544 0.0100584 0.0220654 0.00590025 -0.00683734 -0.0176573 -0.0442873 -0.0116435 -0.0384281 0.00217944 -0.037348 0.0453462 0.0225225 -0.0185481 0.00974309 -0.0270911 0.0221742
internal_weight=12829.3 8846.55 8498.47 2933.74 2036.42 897.316 1944.82 3982.76 716.662 3282.69 326.908 2955.78 2546.53 1849.52 5564.74 413.456 355.649 308.293 254.684 180.654 409.258 89.0047 451.4 4891.01 261.331 4629.68 678.144 524.57 153.575 57.8071 98.7315 303.206 1760.51 63.4865 3951.54 271.161 152.934 118.227 104.2 51.0355 282.849 188.062 154.494 360.312 456.163 281.215 89.8668 191.348 154.672 232.532 169.377 148.471 96.8423 81.9222 71.9969 673.722 58.5583 100.552 66.2827 31.0548 1697.03 68.2353 3680.38
internal_count=33667 27221 26753 10341 6491 3850 6322 6446 3283 5650 847 4803 3852 6160 16412 2322 2076 762 670 567 951 303 869 13392 699 12693 2816 1920 896 246 229 961 5857 311 9877 1228 808 420 506 357 836 589 430 889 1779 1292 497 795 561 585 480 455 371 338 277 3020 318 309 231 163 5546 350 8649
is_linear=0
shrinkage=0.05


Tree=36
num_leaves=64
num_cat=0
split_feature=19 18 45 26 17 18 64 57 78 0 78 66 54 17 47 47 55 4 17 7 53 66 19 61 79 52 67 50 19 51 74 32 66 69 70 4 5 17 55 53 4 20 26 2 67 14 65 61 5 64 2 79 75 33 44 18 13 4 61 7 47 2 13
split_gain=126.966 81.1056 68.4214 90.261 61.4876 57.3322 54.0659 53.1591 68.1284 52.8703 79.7189 55.5132 53.3602 51.5716 74.8825 69.6908 58.0093 52.8438 52.4359 51.3691 51.2446 49.6616 51.1001 49.5498 51.4957 49.2402 60.5372 60.4643 54.9441 54.7338 57.7388 49.4608 47.734 45.5483 44.9838 53.2878 44.8106 42.1163 41.5124 40.1671 39.9947 47.1103 52.5322 65.5169 59.654 58.445 54.9192 50.0738 46.1924 67.7582 52.3501 46.1398 47.141 60.6652 61.2353 50.8809 46.8986 43.4223 42.6404 45.8004 39.9156 39.7567 38.8009
threshold=-1.8466831445693968 -2.3423089981079097 1.0000000180025095e-35 0.72174203395843517 -2.8734526634216304 0.77470394968986522 1.0519055724143984 0.87935176491737377 2.1366914510726933 -1.1717461943626402 -0.29607072472572321 1.4775583744049074 -0.33035108447074885 0.14114951342344287 0.69279113411903392 1.5594797730445864 -0.23643806576728818 0.77442130446434032 2.1837607622146611 -0.21709776669740674 -0.71656176447868336 1.298922657966614 -1.1019797325134275 2.3723918199539189 -0.87469249963760365 -0.88263013958930958 -0.47526708245277399 0.56300440430641185 1.5757796168327334 -0.54291939735412587 -0.13928708434104917 1.6077167987823489 1.0535963773727419 -0.56782993674278248 0.70596449077129375 0.53539010882377636 1.3456837534904482 2.244268655776978 1.0000000180025095e-35 -0.19669981300830838 0.76411014795303356 1.8034050464630129 -0.28957599401473993 -0.98149737715721119 0.32226622104644781 1.0000000180025095e-35 0.49831157922744757 -0.37515144050121302 0.50682669878005993 0.81499722599983226 -0.35989084839820856 1.3907676339149477 -0.22181293368339536 -0.087331965565681444 0.57257947325706493 0.52980691194534313 1.0000000180025095e-35 0.48992730677127844 0.56096538901329052 -0.077138562221080051 0.69279113411903392 -0.74815174937248219 0.44147975742816931
decision_type=2 2 2 2 2 2 2 2 2 2 2 2 2 2 2 2 2 2 2 2 2 2 2 2 2 2 2 2 2 2 2 2 2 2 2 2 2 2 2 2 2 2 2 2 2 2 2 2 2 2 2 2 2 2 2 2 2 2 2 2 2 2 2
left_child=-1 -2 3 5 -4 6 21 8 23 10 11 -6 -12 14 19 16 20 25 33 -11 60 40 -23 24 -7 27 28 29 31 30 -16 -27 -22 -18 35 -9 -20 -26 -32 -5 41 42 57 62 45 51 -46 -48 49 50 -42 52 -45 54 55 -54 -56 -3 59 -57 -15 -59 -44
right_child=1 2 4 39 9 7 -8 34 -10 13 12 -13 -14 15 17 -17 18 -19 36 -21 32 22 -24 -25 37 26 -28 -29 -30 -31 38 -33 -34 -35 -36 -37 -38 -39 -40 -41 48 -43 43 44 46 -47 47 -49 -50 -51 -52 -53 53 -55 56 58 -58 61 -60 -61 -62 -63 -64
leaf_value=0.030519710528641827 0.033327909543015247 0.032976891788284383 0.049139777109119723 -0.01143656658235731 -0.061933044743503987 0.041506733657113139 0.028663381729081124 -0.047052151644914719 0.042096767783268339 0.0070909587476555517 0.033665179852789912 0.037975389890435134 -0.040277881189407359 -0.021372308685342168 0.051368057116261939 0.054181109114598405 -0.0087780942494953031 0.035697068127310896 -0.052712782745755138 0.0222889562351576 -0.039415559117656429 0.033491192977059089 -0.063422380835394504 0.073008650880607859 -0.040897828138753672 -0.038000576426005121 0.01623109455757139 0.080524128384759877 0.088688576782372228 -0.036145494964971152 -0.064595016509344724 0.05616255785664151 0.011302601634981821 0.021375440113730469 0.079115694580289372 0.060865175727739113 0.079937444186375939 0.044057830982421532 0.062796350103432541 -0.066774260678128625 0.016479386361952533 -0.05596258543442794 -0.052064855859800419 0.032282343373333321 0.03690685811580232 -0.067889017130922089 -0.08294702268196516 0.0090419106998496385 0.042185465446123081 0.05793283495925438 -0.053336848729389 -0.072111087018821685 -0.033520399864382891 -0.073941669976665902 -0.006695070888059357 -0.06123502231360594 0.048581948306017003 0.031320272784770196 0.10762273995923102 0.072717752848642445 0.0971614229506233 -0.067246733338676895 0.0048088413686394049
leaf_weight=1492.1514632403851 573.77756018936634 271.16953636705875 140.39678773283958 90.407418381422758 75.83210164681077 23.383352976292372 419.93327309936285 26.332079015672207 43.321853406727314 629.17622454091907 104.47639198228717 16.883394919335842 31.680335428565741 12.46657206490636 44.474675323814154 70.534443430602551 166.10302556678653 138.62393445894122 50.055538959801197 4854.3619962818921 167.07665360346437 19.290674552321434 45.191420212388039 12.23488640040159 241.73103999346495 124.63780676946044 621.9419316239655 15.433671087026594 10.862549025565384 181.2792982943356 26.775655671954155 15.572574712336062 63.96928446739912 505.85276816412807 28.801982618868351 20.065406255424023 7.1750509142875663 15.388801932334898 8.2678503692150098 51.658106662333012 57.13173833116889 29.475703723728657 81.142581537365913 113.00187632441521 234.73112814500928 32.823843229562044 17.768171444535255 85.62875047326088 188.13079842925072 43.064125224947929 50.380097676068544 20.609336633235216 134.81643299758434 29.000884655863047 68.449804492294788 15.048639308661221 86.752582106739283 18.70227038860321 12.37823900207877 10.918264959007503 16.140611715614796 22.254340939223766 47.268994092941284
leaf_count=2014 718 730 149 430 412 78 848 166 98 1872 235 32 124 79 100 205 759 268 402 10630 1004 28 201 48 1686 610 1782 13 33 883 205 35 219 1726 56 45 17 92 25 326 128 163 358 229 475 152 90 225 315 47 214 122 606 180 263 120 169 31 27 24 30 95 148
internal_value=0.0168027 0.0150038 0.0140303 0.00714686 0.0163311 0.00929636 0.0125619 -0.00780214 -0.016316 0.0157512 -0.00791457 -0.0436646 0.0164068 0.0164526 0.0180803 0.00619643 0.00276347 0.00669188 0.00999433 0.0205462 -0.0175198 0.00866069 -0.034345 -0.0249889 -0.0293056 0.00285199 0.0093308 -0.0152573 -0.0190354 -0.0209733 0.0135541 -0.0274741 -0.0253529 0.013914 0.0301501 -0.000243351 -0.0358847 -0.0357786 -0.034304 -0.0316265 0.0103255 0.00641831 0.00783805 0.0021943 0.00716382 -0.00339665 0.0235342 -0.00678242 0.0256693 0.00498629 -0.0162092 0.0009177 0.00414277 -0.00474777 0.00136882 -0.0190516 0.024182 0.0257226 0.0316435 -0.00465739 0.0454376 -0.022149 -0.031103
internal_weight=12874.4 11382.2 10808.4 2708.39 8100.05 2566.32 2155.06 411.259 336.06 7959.65 228.872 92.7155 136.157 7730.78 6671.41 1059.37 988.84 1187.87 729.186 5483.54 259.653 1735.13 64.4821 292.738 280.503 1049.25 773.015 276.231 151.073 260.797 79.5182 140.21 231.046 671.956 75.1995 46.3975 57.2306 257.12 35.0435 142.066 1670.65 1331.94 1302.47 990.34 861.928 523.8 338.128 103.397 338.707 150.576 107.512 490.976 470.367 357.365 328.364 173.162 155.202 312.126 38.3451 25.9669 28.6072 40.9566 128.412
internal_count=33594 31580 30862 9013 21849 8257 5988 2269 2002 21700 803 444 359 20897 16456 4441 4236 3954 2904 12502 1332 5140 229 1904 1856 3686 2460 1226 678 1213 330 645 1223 2485 267 211 419 1778 230 756 4911 4207 4044 3188 2682 1892 790 315 704 389 342 1740 1618 1389 1209 777 432 856 171 144 109 126 506
is_linear=0
shrinkage=0.05


Tree=37
num_leaves=64
num_cat=0
split_feature=18 17 44 41 55 3 53 3 27 67 17 4 68 49 53 19 73 66 66 59 26 50 55 3 36 49 6 54 73 33 27 54 55 59 18 73 26 68 32 74 4 76 3 60 2 79 40 53 65 78 25 6 2 17 50 13 6 2 62 76 50 73 44
split_gain=107.323 79.5237 67.0924 76.2233 77.2096 68.0953 65.7757 64.5605 62.6215 56.4069 59.1844 58.7894 59.4076 55.9798 55.2452 53.6881 51.2269 49.0755 49.0493 52.2186 67.3856 51.3849 54.9619 48.602 48.3182 57.3795 48.6515 45.3626 44.8117 63.459 55.0968 46.844 52.9287 46.5026 44.5076 42.3662 42.0663 49.6904 41.8168 42.4239 41.68 51.5807 41.5855 77.4723 48.8687 52.84 45.1611 42.3556 41.3493 40.9694 59.2626 40.8691 39.3686 39.2148 65.6705 39.114 56.4268 43.9769 39.255 54.5308 56.7894 61.2457 50.0239
threshold=-1.7811850905418394 -1.6876285076141355 0.44138355553150183 0.68010824918746959 0.99404832720756542 -0.1073017008602619 -0.50013637542724598 1.4342653155326845 -0.37520387768745417 -0.04159943759441375 1.9822254776954653 -2.1717550754547115 -0.6052209436893462 1.7066029310226443 -0.55830946564674366 0.44488519430160528 -0.63899815082550038 1.4858946800231936 1.4668402671813967 -0.36651763319969172 0.16242124885320666 0.29633936285972601 -0.36148449778556818 0.51773822307586681 1.7718505263328554 -0.28925213217735285 -1.1679143905639646 -0.30447621643543238 -0.40058284997940058 -0.23819061368703839 0.17671953141689303 -0.4520545601844787 -0.34029555320739741 -0.15762495249509809 0.92225980758667003 1.0484495162963869 0.55662891268730175 -0.38510833680629725 -0.42240038514137263 -0.073510810732841478 0.85128623247146618 0.76624214649200451 0.32867164909839636 -0.014205575920641421 0.35066583752632147 -0.67105561494827259 0.30329746007919317 -0.51439210772514332 -0.51447096467018116 -0.31342741847038263 -1.018112778663635 1.3345237374305727 -0.98149737715721119 1.3802005648612978 -0.024551870301365849 1.3625727295875552 -0.87132909893989552 2.7706583738327031 -0.18402955681085584 -0.25194528698921198 0.10355740040540697 -0.60562187433242787 0.040507148951292045
decision_type=2 2 2 2 2 2 2 2 2 2 2 2 2 2 2 2 2 2 2 2 2 2 2 2 2 2 2 2 2 2 2 2 2 2 2 2 2 2 2 2 2 2 2 2 2 2 2 2 2 2 2 2 2 2 2 2 2 2 2 2 2 2 2
left_child=15 23 9 4 5 6 38 49 51 11 14 -3 16 53 35 -1 -13 18 19 20 -5 -21 -23 -2 26 -26 -14 28 29 48 -30 -31 -33 -32 52 -11 -22 -38 39 -4 41 42 43 -18 45 46 -45 -44 -28 50 -7 -9 -29 -8 -55 57 -57 58 59 60 61 -16 -61
right_child=1 2 3 17 -6 7 13 8 -10 10 -12 12 24 -15 55 -17 40 -19 -20 21 36 22 -24 -25 25 -27 27 34 30 31 33 32 -34 -35 -36 -37 37 -39 -40 -41 -42 -43 47 44 -46 -47 -48 -49 -50 -51 -52 -53 -54 54 -56 56 -58 -59 -60 62 -62 -63 -64
leaf_value=0.030916681583906116 0.044324555068382045 -0.036755528820396281 0.062644128132597773 -0.067631281301706161 -0.024986410893011228 -0.052813174581492976 0.0087238959832120662 -0.094599809187482717 0.013574570688365685 -0.035169913792554602 -0.030553076295591952 0.048098196989505237 -0.033100816472510446 0.044196458407446404 0.066739028965948397 0.005370284804158354 -0.039852418943978701 -0.077675533861846155 0.084562392356885993 0.025527237029796864 0.06358097981492182 0.061138422551569455 -0.051761378107325999 0.020757635705857227 -0.038276709542593934 0.063455870154924904 0.010531235634204583 -0.027503875315896681 -0.02246385371483562 0.044890914572857286 -0.037477696982096985 -0.081237690721475825 0.010012883245439697 0.038191518003640651 -0.026848012354636894 0.040575843721160264 -0.075383189275184573 0.055834967253154968 -0.038466902933527371 -0.03751164119260355 0.034727549064282819 0.051818673504902948 0.065650602653080065 -0.069141940877791505 0.053776036977308143 0.047756694748880675 0.059282029984459597 0.0062293415938407329 -0.075062534474555465 0.035849607745869434 0.023701486756216944 -0.0027766274248217978 0.021091668802193493 -0.041859085000538664 0.050865849235064577 0.036010978320542751 -0.027625881502168229 -0.048096581775161823 0.025901165840632664 0.02356664756047042 0.01140571953629671 -0.065918002267887646 -0.0059308763179184258
leaf_weight=1531.5672245174646 279.72071255743504 87.01419173553586 25.003472812473774 60.76186889782548 97.149877116084099 25.73417567461729 1150.1838779002428 23.925362288951874 261.10214798152447 87.209763295948505 72.031592134386301 108.30009131133556 117.23191229254007 148.91981711983681 10.006732076406477 238.17962797731161 136.55481457710266 21.558296103030443 16.204908326268196 155.097536675632 21.346660979092121 13.578891113400458 50.417619105428457 1015.0500291511416 18.146972827613354 57.160946924239397 23.256613999605179 45.710549838840961 469.70183018967509 95.394923157989979 27.611516248434782 17.050307177007198 215.67141307517886 75.497807666659355 66.510841470211744 23.266831416636705 19.656243249773983 11.236615411937235 98.640887670218945 18.117950610816479 148.86585552617908 53.171242661774158 34.540240466594696 35.44953328743577 48.718496285378933 23.9154372215271 8.355276092886923 225.82512916252017 35.330651480704546 982.09196178242564 1172.1391508318484 24.696383751928806 454.67837524041533 22.498021520674229 121.96640437468886 51.433998517692089 107.24438447132707 24.2204959243536 1136.0573166012764 694.55103950947523 96.517097540199757 61.718156725168228 180.86384865641594
leaf_count=1920 374 565 40 311 397 105 3334 110 545 496 451 195 631 227 11 581 723 123 19 538 32 19 254 1774 130 140 79 183 2249 265 170 90 681 253 416 86 120 23 528 114 320 88 83 240 173 50 25 721 208 1560 2759 57 1230 147 306 142 430 135 2774 1668 262 356 498
internal_value=0.01605 0.0142121 0.0126598 0.0170957 0.0190244 0.0200754 0.0119684 0.0252349 0.003854 0.00876503 0.0140718 0.00362663 0.00501194 0.0151622 0.0153748 0.0274819 0.0160518 -0.00464702 -9.15181e-05 -0.00426155 -0.0318641 0.00996016 -0.0276701 0.0258559 -0.000275934 0.0388568 -0.0020742 0.00030745 -0.00631438 0.0068266 -0.0151942 0.0153987 0.00327393 0.017863 0.0115233 -0.0191501 0.00969231 -0.0274679 -0.0205062 0.0204574 0.0111875 0.00498806 0.000118681 -0.0143053 0.0156209 -0.0117932 -0.0444534 0.0141536 -0.0410403 0.0282701 0.0220493 -0.0481642 0.0166379 0.0118155 0.0363719 0.016992 -0.00695746 0.0187188 0.0194657 0.0124539 -0.0135939 -0.0472735 0.0174667
internal_weight=12781.3 11011.6 9716.81 4542.03 4172.17 4075.02 1585.33 2489.69 309.724 5174.79 2545.12 2629.66 2542.65 1443.57 2473.09 1769.75 823.696 369.859 348.3 332.095 113.001 219.094 63.9965 1294.77 1718.95 75.3079 1643.65 1526.41 959.515 386.704 572.811 328.117 232.722 103.109 566.9 110.477 52.2395 30.8929 141.762 43.1214 715.396 566.53 513.359 252.994 116.439 67.7202 43.8048 260.365 58.5873 2179.97 1197.87 48.6217 500.389 1294.65 144.464 2362.61 158.678 2203.93 2179.71 1043.66 168.242 71.7249 875.415
internal_count=33534 31033 28885 11668 10229 9832 4696 5136 712 17217 7309 9908 9343 4014 6858 2501 2618 1439 1316 1297 486 811 273 2148 6725 270 6455 5824 3995 1323 2672 1036 771 423 1829 582 175 143 682 154 2423 2103 2015 1211 488 315 265 804 287 4424 2864 167 1413 3787 453 6276 572 5704 5569 2795 629 367 2166
is_linear=0
shrinkage=0.05


Tree=38
num_leaves=64
num_cat=0
split_feature=18 19 64 78 66 72 69 19 52 5 27 39 19 44 18 13 53 57 63 67 32 44 61 44 53 3 7 3 79 47 50 5 52 67 64 53 77 50 2 1 62 0 50 18 62 54 78 76 61 6 3 25 1 62 50 49 59 59 58 1 19 64 68
split_gain=127.067 82.1545 62.3878 62.1821 55.1968 51.372 59.0616 51.1051 69.9811 55.2092 70.4413 64.0071 54.766 54.2839 47.2676 78.7501 54.4996 48.1479 49.995 46.1401 45.1994 45.0316 54.3716 51.9193 61.7892 51.2048 47.1498 69.8628 42.9427 41.6861 59.5187 58.6399 41.6165 43.9223 41.6062 41.438 41.3887 41.1465 59.1855 63.0919 51.5348 46.9849 44.384 40.8254 40.4907 61.2802 50.8672 78.3432 69.3194 60.497 49.674 47.0463 40.1579 54.7874 48.8137 53.42 49.2494 49.0047 49.9947 59.9461 50.2374 47.9636 44.8305
threshold=-0.84146800637245167 -1.1909825801849363 0.68788525462150585 -0.4801489114761352 -0.41836161911487574 1.4976699948310854 1.6488126516342165 -0.55576825141906727 0.98379823565483104 -0.084907624870538698 -0.92712733149528492 -0.62075227499008168 -0.43449829518795008 -1.7476446032524107 0.75933459401130687 -0.78664422035217274 -0.50429090857505787 -0.33018272090703243 -0.2008731812238693 2.397746324539185 -0.53333574533462513 0.013782054651528599 2.1060402393341069 1.0220469832420351 -0.28454774618148798 -1.6723020076751707 0.62265747785568248 1.270575284957886 -0.74741944670677174 0.85510951280593883 -0.94199967384338368 -0.70498171448707569 -1.3941513299942014 0.16289310157299045 -0.087280113250017152 -0.26977334916591639 1.6384539604187014 0.051672341302037246 -0.72822892665863026 -0.85365453362464894 0.93233519792556774 -0.13011286407709119 -0.13933815062046048 1.0982400774955752 -0.54587402939796437 -0.25810752809047693 0.088427446782588973 0.2242424935102463 0.4500757902860642 1.6509696245193484 0.035126926377415664 -0.25541473925113672 -0.80728662014007557 0.93233519792556774 -0.85066324472427357 0.91218966245651256 -0.82159852981567372 2.1676362752914433 -0.25222818553447718 0.40533153712749487 -0.095735359936952577 -0.43984639644622797 0.34401470422744757
decision_type=2 2 2 2 2 2 2 2 2 2 2 2 2 2 2 2 2 2 2 2 2 2 2 2 2 2 2 2 2 2 2 2 2 2 2 2 2 2 2 2 2 2 2 2 2 2 2 2 2 2 2 2 2 2 2 2 2 2 2 2 2 2 2
left_child=1 -1 7 37 -5 6 29 32 9 12 -11 -12 -9 19 44 34 17 18 -17 36 -18 22 25 28 -25 -10 -27 -28 -23 31 -31 -3 -2 -34 -16 -8 -14 38 39 -4 -39 -42 43 -40 45 50 47 49 51 -46 -13 -49 53 -15 56 57 -54 58 59 60 -56 -57 -58
right_child=2 5 3 4 -6 -7 35 8 21 10 11 14 13 52 15 16 20 -19 -20 -21 -22 23 -24 24 -26 26 27 -29 -30 30 -32 -33 33 -35 -36 -37 -38 40 42 -41 41 -43 -44 -45 46 -47 -48 48 -50 -51 -52 -53 54 -55 55 61 62 -59 -60 -61 -62 -63 -64
leaf_value=0.033746298228406461 -0.040040041767326673 -0.0022180806256817029 0.031746808873922158 -0.037828038736309522 0.027925809943600513 0.032417610260697706 -0.083946106215684546 -0.071426343388670863 0.060128219328307357 0.041181777684830161 -0.038306475303364687 -0.026005164575131048 -0.064493327464692857 -0.025993841106220585 0.065497867954192573 0.059432764661902532 0.069856360614014137 0.096668379662736836 -0.059409067960858541 0.056749007312308787 -0.033556097369173803 -0.050760918576316295 0.074116141944252534 0.0589682260269285 -0.049667568051595064 -0.057014333653550825 -0.069750294696336396 0.079947112477875198 0.021051607485284812 -0.04325329204692932 0.0096380175846740093 0.022770271243956683 0.0093215622012532296 0.024804789723872116 -0.016847186759092539 -0.0030889447476609637 0.025904842101322323 0.0180899191853536 0.021960292896102809 -0.053895068589460138 -0.059347268390619802 0.012664987295815645 -0.04565966768466808 -0.062120149638140457 0.022991266464988752 -0.063021774823793966 0.031937880951631581 0.022350748391220907 0.039113384353686054 -0.072130672950627514 0.023109013439863449 -0.062090028834803024 0.040121838759459211 0.037144840859576672 -0.072632099358003785 0.0075438464710868977 -0.049622084895350596 -0.066981579930716337 0.031655279722509359 -0.042948239682689467 0.022373939051636496 -0.075929246169996634 0.0091979840163877846
leaf_weight=1074.0736554265022 33.853876315057278 270.86029636859894 28.297699071466923 32.691621519625187 1135.9367895200849 498.02111015468836 23.580294296145439 26.661360360682011 12.337308071553705 195.21920228749514 67.113704025745392 75.358649723231792 69.449623942375183 191.45587607473135 51.334325417876244 16.184781618416309 11.006032660603521 17.175003066658974 19.266827076673508 11.852747194468973 209.59326896816492 23.269248891621828 11.412679769098757 15.587739087641237 78.252621550112963 142.09973807260394 14.363261014223101 16.781970173120499 188.71089217811823 60.008113276213408 461.07373281568289 1744.1520393267274 1100.9209849685431 786.46529281884432 21.686917647719383 48.333264328539371 15.334692284464834 1211.8278833553195 230.72048534825444 87.992044467478991 42.357544645667076 48.307850912213326 32.153698734939098 15.277974557131527 468.8701868057251 35.338421165943146 485.87623913958669 20.686128437519073 32.821149855852127 17.214282713830471 161.63940313085914 79.002700347453356 32.216814689338207 41.721044301986694 14.84760909155011 40.930314674973488 89.265059553086758 16.309276819229126 398.45473384484649 54.655473321676254 198.17826811596751 29.456871509552002 50.568712614476681
leaf_count=1222 132 641 90 127 2121 692 115 158 35 515 348 335 535 1066 154 58 27 56 175 25 1394 119 30 32 379 812 87 23 517 266 1091 2980 2754 1512 121 105 50 2953 787 504 206 149 159 137 1542 182 1080 56 93 98 409 411 100 169 82 129 711 113 1257 313 646 161 251
internal_value=0.0146744 0.0218209 0.0111823 0.0172006 0.026079 0.0176945 0.01488 0.00815076 0.00476591 0.00743968 0.0126615 0.00954645 -0.000647695 0.000857885 0.0114154 -0.00508634 -0.0174277 0.0282065 -0.0049988 -0.0351194 -0.0283447 -0.0125935 -0.031231 -0.000565434 -0.0315254 -0.0377728 -0.0448042 0.0107488 0.0131249 0.0161486 0.0035303 0.0194089 0.0147888 0.015777 0.0409839 -0.029751 -0.0480731 0.0110821 -0.00305489 -0.0330028 0.0153671 -0.0209513 0.00945513 0.016695 0.015569 -0.00168138 0.0198268 0.0103025 -0.0237482 0.0195982 0.00746663 -0.044513 0.00386718 -0.0146643 0.00854573 0.0140404 -0.0154622 0.0183229 0.0204286 0.00369308 0.0156977 -0.0273767 -0.0283236
internal_weight=12736.5 4180.1 8556.36 2865.56 1168.63 3106.03 2608.01 5690.8 3769.56 3266.75 1985.39 1790.17 1281.36 1254.7 1723.05 346.247 273.226 52.6266 35.4516 96.6371 220.599 502.815 196.995 305.821 93.8404 185.582 173.245 31.1452 211.98 2536.09 521.082 2015.01 1921.24 1887.39 73.0212 71.9136 84.7843 1696.94 394.442 116.29 1302.49 90.6654 278.152 245.998 1376.81 272.336 1104.47 618.594 132.51 486.084 236.998 99.6888 1158.06 233.177 924.883 752.833 172.051 682.445 666.136 267.681 213.026 70.3872 139.834
internal_count=33597 7112 26485 7233 2248 5890 5198 19252 14854 12820 7054 6539 5766 5608 6191 1985 1710 289 233 610 1421 2034 987 1047 411 957 922 110 636 4978 1357 3621 4398 4266 275 220 585 4985 1677 594 3308 355 1083 924 4206 926 3280 2200 560 1640 744 467 4998 1235 3763 2701 1062 2411 2298 1041 728 290 962
is_linear=0
shrinkage=0.05


Tree=39
num_leaves=64
num_cat=0
split_feature=19 18 73 17 4 17 65 66 1 53 50 13 65 2 18 64 65 4 67 6 5 67 59 18 67 50 44 57 13 2 24 44 26 61 49 18 51 76 52 66 58 33 41 3 55 68 65 44 51 6 2 67 31 0 60 13 6 79 31 19 66 20 17
split_gain=114.4 61.3139 59.5889 58.236 51.2363 57.5429 56.2186 62.849 61.6421 61.4743 80.9802 60.137 71.1285 56.7153 56.5454 122.63 55.6975 55.0356 55.4809 50.9146 54.2645 50.8447 49.6008 58.5686 57.8068 49.695 45.9765 45.8531 50.7198 54.1094 44.8793 45.8512 50.8124 48.6394 43.9595 43.4618 49.9317 60.1349 42.8637 48.883 45.8217 43.4591 42.4494 45.0039 49.129 42.3114 42.0183 45.6786 55.0346 58.2751 47.9928 41.8001 48.0394 41.3699 51.1724 49.2181 49.1678 43.8539 40.7089 40.4198 39.891 39.8479 44.9769
threshold=-1.3862280845642088 -2.3423089981079097 -0.63363265991210926 0.12893619388341906 0.36010056734085089 0.14114951342344287 0.12898863106966021 1.0535963773727419 0.12847933545708659 -0.26977334916591639 0.2862915843725205 0.74851074814796459 0.24892339855432513 -1.1533452272415159 0.82882142066955578 0.33188104629516607 0.42977742850780493 -0.24357035011053083 -0.72596940398216236 1.1048026084899905 -0.67012381553649891 1.6246947646141054 0.18639104068279269 0.78957450389862072 0.93631359934806835 0.55315598845481884 0.73900392651557933 0.87935176491737377 -1.7077372074127195 0.72995600104331981 -1.0029074549674986 0.48147119581699377 -0.2194029092788696 -0.37896911799907679 1.7552981376647951 -1.6969859004020689 -0.2999707162380218 0.17751523107290271 -1.1171813011169431 -1.2341312170028684 -0.74983888864517201 0.87212899327278148 0.26123836636543279 0.047472266480326659 0.030630897730588916 -0.7152772545814513 0.32507246732711798 -0.34822149574756617 -1.6799989342689512 0.46529062092304235 -0.95375669002532948 1.1371814012527468 4.1940124034881601 -0.89378309249877919 0.33772195875644689 0.74851074814796459 -1.0798656344413755 2.2053149938583378 -0.65588641166687001 -0.37335497140884394 -1.1698223352432249 -1.1867825984954832 1.278360188007355
decision_type=2 2 2 2 2 2 2 2 2 2 2 2 2 2 2 2 2 2 2 2 2 2 2 2 2 2 2 2 2 2 2 2 2 2 2 2 2 2 2 2 2 2 2 2 2 2 2 2 2 2 2 2 2 2 2 2 2 2 2 2 2 2 2
left_child=26 60 3 -3 6 53 8 9 38 10 11 12 -8 -10 17 16 -16 -14 -19 20 59 30 23 24 25 -15 35 28 -11 46 -7 45 33 -33 -13 -1 37 -37 -4 40 -40 -41 -38 -44 -45 -32 47 -30 -49 -50 -51 52 -25 54 56 -56 -6 -55 -58 -20 -2 -48 -63
right_child=1 2 4 -5 5 21 7 -9 13 27 -12 34 14 22 15 -17 -18 18 19 -21 -22 -23 -24 51 -26 -27 -28 -29 29 -31 31 32 -34 -35 -36 36 42 -39 39 41 -42 -43 43 44 -46 -47 61 48 49 50 -52 -53 -54 57 55 -57 58 -59 -60 -61 -62 62 -64
leaf_value=0.037396947839496243 -0.018553006978279073 0.034026117249810174 -0.020472433603299874 -0.034931637346138869 -0.05923473707851408 0.04558385107070665 -0.067715723458258978 0.01467915578051719 -0.053060625316165136 -0.053949090020567983 -0.060471941612288527 -0.051501079198612756 -0.029392253796419011 0.035400978335763542 -0.022112540885993629 -0.060016005011032394 0.083171626844308538 -0.069305727926412125 0.038781205171506919 -0.073007645998261636 0.03077439781583019 0.040685267436465201 0.041565165373825992 -0.052033924173176593 -0.03465890286747083 -0.0098319370980836512 0.032996401296122517 0.021450827722429153 0.016239701694660224 -0.026114511929947112 0.047735515102817795 -0.042003552470646452 -0.065201231378804403 0.028303005585331664 0.035700374967107623 0.0072694522459530149 0.020400076971388906 -0.09940786278796486 -0.075608089336187526 0.015766320101347393 -0.0032791886130757761 -0.052826772150828184 0.019706853003726352 -0.087998302427297628 -0.0022954385894518839 -0.041510102849086447 0.059309126872874318 0.077098190661525567 -0.06893757089365464 0.073465453935817868 -0.033247978710123451 0.048962513103226413 0.090029178496207202 0.019683485146478583 -0.084439544486419271 0.015458377453226133 0.053116496599677779 -0.020345948496241138 0.0077950376181107469 -0.041684243593958309 0.033317115928521567 0.011675711921358169 -0.047965874980326208
leaf_weight=264.3218749165535 40.137816593050957 415.44793818518519 139.31644912064075 32.902061507105827 25.182083047926426 33.302402272820473 37.467377573251724 815.21429266780615 23.674193702638149 41.861197076737881 79.202998403459787 104.70020574331284 149.15865067392588 383.52540228515863 15.177325323224066 25.71613085269928 69.919608745723963 21.93164487183094 21.781803146004677 16.219628967344761 211.20083602890372 57.72825276106596 302.8198844268918 62.86206473223865 39.548612982034683 71.900517858564854 898.91511748731136 317.269635617733 80.283472884446383 148.23838074505329 14.408818259835241 30.902954444289207 23.522418778389692 118.45569834113121 16.622231394052505 37.350779980421066 1145.306722894311 20.265955090522766 28.425282366573811 782.58604585751891 94.993044886738062 23.66714845225215 68.681540921330452 28.232352174818516 41.123256325721741 152.97540283203125 41.50710529088974 10.588206600397823 73.713372386991978 15.659643061459063 31.671071939170361 16.81700774282217 6.4576169103384009 3033.9675555564463 29.711774922907352 20.854120694100857 54.467543371021748 69.799893483519554 546.24469432234764 54.041564244776964 458.1295600682497 698.0295562967658 32.984418537467718
leaf_count=269 95 762 720 190 115 77 267 2278 121 181 464 723 733 970 135 228 230 148 48 91 606 118 854 533 145 246 1136 838 253 770 56 152 168 340 35 81 1882 88 179 2392 374 135 138 118 99 922 56 22 413 20 138 48 14 6484 145 55 78 235 1297 311 563 1961 229
internal_value=0.0143509 0.0120121 0.0111383 0.0289479 0.0102805 0.0143643 0.00691143 0.00274045 0.0135137 -0.00146209 -0.0124319 -0.00730314 -0.00101728 0.0230973 0.00325576 0.0354011 0.0643312 -0.00424931 0.00727393 0.0128499 0.0177429 -0.00292813 0.0251485 0.0165794 0.0232059 0.0282482 0.0239347 0.00458782 2.70387e-05 0.00203088 -0.00969027 -0.0151265 0.00290805 0.0137044 -0.039493 0.0188555 0.0151945 -0.0302735 0.00537072 0.00925062 -0.0200259 0.0137403 0.0172419 -0.00892125 -0.0373307 -0.0337739 0.00627637 -0.0134311 -0.0315641 -0.0411663 0.00203382 -0.0214234 -0.0386171 0.0163386 0.00512336 -0.0431923 0.00904104 0.018781 0.0119209 -0.0184824 0.0291258 0.01169 0.00897156
internal_weight=12769.1 10264.9 9766.63 448.35 9318.28 4211.52 5106.75 3130.16 1976.59 2314.95 823.14 743.937 622.615 907.605 585.147 110.813 85.0969 474.334 325.175 303.244 287.024 431.296 883.931 581.111 494.975 455.426 2504.2 1491.81 1174.54 1132.68 373.568 340.265 172.881 149.359 121.322 1605.28 1340.96 57.6167 1068.99 929.672 123.418 806.253 1283.34 138.037 69.3556 167.384 984.437 211.916 131.632 121.044 47.3307 86.1367 69.3197 3780.23 676.46 50.5659 625.894 3103.77 600.712 75.8234 498.267 772.521 731.014
internal_count=33572 29761 29103 952 28151 10242 17909 11178 6731 8900 4019 3555 2797 2931 2530 593 365 1937 1204 1056 965 1833 2810 1956 1361 1216 3811 4881 4043 3862 1715 1638 660 492 758 2675 2406 169 3800 3080 553 2527 2237 355 217 978 3092 846 593 571 158 595 547 8409 1690 200 1490 6719 1375 359 658 2246 2190
is_linear=0
shrinkage=0.05


Tree=40
num_leaves=64
num_cat=0
split_feature=19 49 49 18 47 65 51 19 61 74 44 76 72 55 62 61 5 5 3 55 64 75 25 75 50 4 47 75 50 55 52 65 49 77 50 77 68 67 44 76 73 6 55 19 53 47 57 49 7 79 28 41 69 2 13 5 79 61 43 73 20 19 26
split_gain=100.729 79.738 67.9114 61.4223 65.5544 60.7958 57.4088 59.4928 69.7662 44.8428 44.6398 74.7235 44.3889 71.7925 56.6804 47.8155 75.9201 55.645 44.3353 43.4273 40.0477 39.1544 40.7011 53.8403 42.3455 39.8725 37.7261 37.1414 36.9203 36.4855 45.5992 39.7464 43.3114 51.6352 49.8971 45.2729 43.1225 42.9046 38.9381 36.0343 43.9706 42.1257 46.9965 39.3189 35.9946 35.9617 68.8613 36.8619 44.5021 44.2147 43.0754 41.2662 44.0327 38.6294 47.5249 36.4659 46.2694 42.653 46.4293 47.6423 43.1272 37.6985 54.5332
threshold=-2.020808100700378 -0.28925880789756769 -0.35252517461776728 -2.3423089981079097 1.7810102105140688 0.10804763436317445 -0.26014307141304011 0.10004303604364397 0.01872508600354195 -0.1302775368094444 -1.943223714828491 -0.83187183737754811 0.68265238404273998 0.34694416821002966 -0.22209151834249494 1.1010676026344302 0.11006996408104898 0.1984900385141373 0.92833504080772411 -0.24625477939844129 -0.29785683751106257 -0.10763486474752425 1.2172081470489504 -0.13805694878101346 -0.8880348503589629 -2.533348441123962 -0.14806342124938962 -0.77393043041229237 -3.2148833274841304 -0.37985140085220331 0.73552334308624279 0.36695444583892828 0.70133656263351452 -0.28468306362628931 1.2048664689064028 0.19610120728611949 -0.57770687341690052 -0.12380504980683325 -0.74909791350364674 -0.13134746998548505 -0.37151058018207544 0.27264261245727545 -0.33336551487445826 -0.24004020541906354 -0.35889208316802973 1.5594797730445864 -0.33018272090703243 -0.51060709357261647 -0.63697540760040272 -0.34014572203159327 4.3646252155303964 -0.95348441600799549 -0.32153632491827006 0.47672359645366674 -0.47961321473121638 -1.1371631622314451 -0.54378259181976307 -0.24359918385744092 1.0000000180025095e-35 0.092581950128078475 0.083613187074661269 0.73675161600112926 -0.29989555478096003
decision_type=2 2 2 2 2 2 2 2 2 2 2 2 2 2 2 2 2 2 2 2 2 2 2 2 2 2 2 2 2 2 2 2 2 2 2 2 2 2 2 2 2 2 2 2 2 2 2 2 2 2 2 2 2 2 2 2 2 2 2 2 2 2 2
left_child=20 2 6 -3 12 9 7 8 -2 -4 11 -8 15 -14 26 29 -17 -18 -13 27 44 22 24 -24 -12 -23 -15 -9 -21 -5 -31 32 33 34 -32 -35 -36 -37 -33 40 -34 -41 -43 -44 -1 47 -47 48 51 -49 55 -27 -53 -54 -55 56 -50 61 59 -59 -61 -57 -63
right_child=1 3 5 4 -6 -7 10 19 -10 -11 21 18 13 14 -16 16 17 -19 -20 28 -22 25 23 -25 -26 45 -28 -29 -30 30 31 38 39 35 36 37 -38 -39 -40 41 -42 42 43 -45 -46 46 -48 49 50 -51 -52 52 53 54 -56 57 -58 58 -60 60 -62 62 -64
leaf_value=-0.062122606795107366 0.0317627576836041 0.034153983712121881 0.037297179665859582 0.03646551961546643 -0.031212602950050451 -0.04473344599717078 0.081615504560681285 0.057007101799091402 -0.058895530123451181 -0.026025802233261106 -0.025613705396736072 -0.069695991466294391 0.024165970308843612 0.03822851607074132 -0.048079077238505456 -0.063152932537682976 0.077523328070675773 -0.0093121572660401046 0.02931930616500002 0.073006751960984939 0.031968560853336055 -0.046083334571603567 -0.062371414069752995 0.064132544161163721 0.023260791096530953 0.060213125563842743 -0.037936268883054264 -0.0096349227182950109 -0.043953147654419586 0.015030062862875882 -0.060907836282946159 -0.033518188133471141 0.0112670172779901 0.032000934659479563 0.015359309334926383 -0.089246544433812136 -0.051037056980176181 0.002559174011611938 0.017327956000170661 0.037987634817886841 -0.072518444306512442 0.038001487918161186 -0.0026096654316188923 -0.088296026609608808 0.013316295188222483 -0.044231165357670715 0.051958923000214402 0.049946183686754145 0.0065276256284004077 -0.025958250893313703 0.067927460287099978 -0.065795630978881622 -0.035732685487671889 0.099168247691023004 -0.017531314143584848 -0.0054689174150520173 -0.050516901897111693 0.018059755064097668 0.045370359718949295 -0.0020991802302495061 -0.076254070320712852 0.07874324500654778 -0.0015682279113514823
leaf_weight=17.587062805891037 150.68432039394975 402.99226540327072 57.60689689218998 161.27483240142465 78.862046647816896 118.84614833816886 13.220442242920397 22.410443149507046 24.571677930653095 54.075970489531755 46.152883380651474 51.684167329221964 1680.3097175061703 54.672144636511803 63.25391648337245 53.600264061242342 23.46560050547123 84.626877203583717 14.321223642677067 6.9813947081565848 928.31935068964958 33.886407017707825 31.352172110229731 11.357314124703406 1020.9436583630741 14.055060517042874 22.975572891533375 291.46467525884509 135.55124093964696 3615.6622002907097 91.128570888191462 40.576589275151491 37.311198331415653 75.33021068572998 63.611920773983002 18.529267221689224 39.533160448074341 39.833841666579247 498.38685220479965 124.27848624438047 26.755605310201645 36.381719440221786 36.189059540629387 21.273660428822041 148.27232645452023 22.598536871373653 102.34981849044561 91.993606168776751 83.965362276881933 24.071808159351349 28.82997876778245 51.566161133348942 49.323738340288401 15.190584085881708 20.127587825059891 577.40665807202458 61.357866737991571 574.95052590221167 116.84426014870405 132.84483602643013 22.935977682471275 34.348224870860577 54.385805357247591
leaf_count=60 355 472 120 292 433 609 25 39 121 279 207 353 3198 95 263 334 30 304 37 12 1143 235 167 26 2157 24 88 1436 926 9859 471 168 82 146 143 96 167 100 1067 222 124 55 80 109 262 160 277 216 259 129 63 296 243 24 107 1681 320 1684 205 457 139 60 249
internal_value=0.0134217 0.0120477 0.00651198 0.015166 0.0140697 -0.0198524 0.00805876 -0.00574579 0.0189972 0.0065961 0.0107011 -0.0263366 0.0145878 0.0212903 -0.0129611 0.0121872 -0.014546 0.00954682 -0.0481251 -0.0152599 0.0279245 0.0116139 0.0192211 -0.0285434 0.02114 0.00761536 0.0156076 -0.00484417 -0.0381421 0.013066 0.0122722 0.00358969 -0.00514375 -0.0175034 -0.0339589 0.00637877 -0.0100653 -0.0266048 0.0134852 0.0092043 -0.0237041 0.0188994 -0.00633941 -0.0345173 0.00525432 0.00849514 0.0345002 0.00682817 0.00509838 0.0341519 0.00742218 -0.0209586 -0.0294093 -0.00713128 0.0326591 0.00636371 -0.0175413 0.008663 0.0161033 0.0114111 -0.0130912 -0.000797336 0.0295171
internal_weight=12649.3 11555.1 4164.26 7390.82 6987.82 230.529 3933.73 631.664 175.256 111.683 3302.06 79.2258 6908.96 1821.21 140.902 5087.75 161.693 108.092 66.0054 456.408 1094.18 3222.84 1109.81 42.7095 1067.1 2113.03 77.6477 313.875 142.533 4926.06 4764.78 1149.12 610.157 327.967 194.274 133.693 103.145 58.3631 538.963 282.19 64.0668 218.123 93.8444 57.4627 165.859 2079.15 124.948 1954.2 1838.13 116.065 1687.87 150.263 136.208 84.6419 35.3182 1659.04 145.323 1513.72 847.576 730.731 155.781 666.141 88.734
internal_count=33560 32095 13697 18398 17926 1008 12689 2889 476 399 9800 415 17493 3644 446 13849 668 334 390 2413 1465 9385 2557 193 2364 6828 183 1475 938 13181 12889 3030 1795 1123 781 342 310 196 1235 672 206 466 244 189 322 6593 437 6156 5811 345 5117 694 670 374 131 5054 579 4475 2485 2280 596 1990 309
is_linear=0
shrinkage=0.05


Tree=41
num_leaves=64
num_cat=0
split_feature=72 44 32 78 17 1 76 0 1 50 1 0 66 67 73 2 64 65 77 19 17 3 63 59 13 55 75 41 44 51 62 2 50 58 60 78 51 27 66 62 7 41 50 50 49 55 62 76 3 6 1 12 22 6 44 66 51 59 63 19 51 5 63
split_gain=89.139 73.4549 87.9597 80.0008 68.4296 64.5894 63.3809 60.0862 58.8949 55.5363 54.2504 59.4206 70.7989 58.6292 53.7099 51.3939 51.2746 51.2282 50.8553 50.3629 57.1388 64.2247 56.2984 53.8323 49.1936 47.9767 51.5804 46.7913 46.3549 45.2856 44.9547 43.9086 50.2058 44.1861 45.8892 53.821 43.8346 45.7159 65.2805 49.4351 43.3489 43.0992 42.7363 43.3944 40.8935 40.8099 40.4128 39.9229 43.9309 39.8455 39.6401 56.6025 39.2428 38.9605 38.7704 38.2394 48.1821 37.6585 64.3146 42.5444 40.1483 37.3068 37.1968
threshold=0.68265238404273998 0.44138355553150183 0.81391257047653209 0.31207105517387396 -1.8525771498680113 -0.69638016819953907 0.096723422408103957 -1.1087925434112547 -0.73100432753562916 0.051672341302037246 1.0106287598609927 -0.83173483610153187 1.1548233032226565 0.74696525931358349 -0.10278280079364775 -0.69169774651527394 0.57468667626380932 0.34791718423366552 0.51662407815456401 1.0547562241554262 1.3933854103088381 -1.5805121064186094 -0.2540061473846435 -0.83561107516288746 1.0555417239665987 0.1804020702838898 -0.48684416711330408 0.68010824918746959 0.19113949686288836 0.38108213245868688 4.281520128250123 0.12978545948863032 -0.29542893171310419 -0.91542100906372059 0.084768045693635954 -0.49208198487758631 0.38108213245868688 -0.065588315948843942 -0.73633313179016102 0.26233848929405218 1.0425351262092593 -0.35691210627555842 1.4423850178718569 1.3202407360076907 0.49063710868358618 0.53550171852111828 0.20130620151758197 -2.5145224332809444 -1.3651545047760008 1.0544890165328982 -0.080958168953657136 1.0000000180025095e-35 -0.3421389758586883 -0.68662533164024342 -2.5967739820480342 1.1452959775924685 -0.043082367628812783 -0.42054229974746699 -0.16015221178531644 1.3959572315216067 -1.598352253437042 -2.1534272432327266 -0.12795810401439664
decision_type=2 2 2 2 2 2 2 2 2 2 2 2 2 2 2 2 2 2 2 2 2 2 2 2 2 2 2 2 2 2 2 2 2 2 2 2 2 2 2 2 2 2 2 2 2 2 2 2 2 2 2 2 2 2 2 2 2 2 2 2 2 2 2
left_child=1 4 3 6 24 8 10 46 25 31 11 12 -3 14 47 -4 18 -17 -11 20 23 -22 -21 28 -1 30 -27 45 -7 55 -6 33 44 -9 57 -36 37 38 -24 -40 -31 52 43 61 53 -18 -2 -13 -49 -30 -5 -52 -23 -33 -25 56 -16 58 -35 60 -59 -8 -26
right_child=7 2 15 50 5 19 42 9 -10 16 -12 13 -14 -15 29 17 27 -19 -20 22 21 41 36 54 62 26 -28 -29 49 40 -32 32 -34 34 35 -37 -38 -39 39 -41 -42 -43 -44 -45 -46 -47 -48 48 -50 -51 51 -53 -54 -55 -56 -57 -58 59 -60 -61 -62 -63 -64
leaf_value=0.029216290062219836 0.0017087369556564322 -0.041808587634126773 0.020022744752001238 0.032482942643352886 -0.002055974846415514 0.033244858430827785 -0.051108133905343849 0.053257596056380557 -0.043815322529918294 0.0074956393622772248 -0.030954556162271475 0.068611272002555929 0.0057579416227409672 0.035345869356005186 0.0068101738766030975 -0.0085548178297727429 0.034461358990673312 -0.06133925232664135 0.030926044041580964 -0.056128340879143368 0.056971209043677223 -0.064444773003798264 -0.052381790467638495 0.046967972547220072 -0.07761965731258591 0.039945303044233903 -0.061447093720225887 -0.0081536266198736791 -0.054798302804780499 -0.064914541634953929 0.078597574252040669 -0.050712555489793601 -0.041834681881326496 0.014002319310229369 -0.074465181931185814 0.0052057788636173559 -0.052772860902440537 0.04422108265034165 -0.033700492299531926 0.044037485132973619 0.036469854023877112 -0.049641398649100506 0.039074664846616342 -0.040242719699821808 0.030757321810745222 -0.018307722820745716 -0.061556168586715858 -0.040542877845147228 0.014552303127057027 0.029129089335464965 0.018124184527504635 -0.058372844912806081 0.041827145344821681 0.0053851986769954171 0.0062699897259887033 0.018962748299878436 -0.084607660360398559 -0.039053484902300546 -0.085215314896681424 0.084880139664257157 0.024966623248812585 0.018048943213530341 0.011939500829224035
leaf_weight=402.46257820725441 108.09217142313719 121.59241326525807 87.560863856226206 867.03294434398413 859.54385273903608 376.30797955021262 19.676781680434942 77.145614624023438 101.62574514746666 646.77667735889554 99.729274321347475 31.846756242215633 218.5806357562542 226.38746574893594 34.350770771503448 143.86045092344284 1267.1413099095225 67.675126519054174 361.45034229755402 59.609269626438618 23.508597236126661 12.1684498116374 52.492673810571432 60.254760835319757 19.373675599694252 15.531226664781569 62.796714060008526 72.923815969377756 29.918209679424763 58.846443362534046 17.530654355883598 43.05665235221386 70.906492080539465 64.331914067268372 29.261304672807455 75.854930348694324 35.759417288005352 58.992431960999966 30.841417998075485 60.009463798254728 12.703940086066721 101.11602371931076 225.56586834043264 33.870704799890518 99.110899157822132 37.545954961329699 32.776075594127178 38.289924345910549 618.90766040980816 26.573675200343132 268.24146338924766 26.456081438809633 29.557172559201717 108.96320412307978 1977.3334232792258 104.78275131061673 24.605043165385723 25.96993974596262 21.761629998683929 27.759931445121765 393.04345650598407 1260.9279164001346 28.411997452378273
leaf_count=648 270 565 230 1354 3193 781 102 102 510 1475 434 44 591 396 118 562 1746 351 568 435 61 95 406 152 75 28 374 192 124 271 33 236 273 142 183 215 258 257 191 227 18 763 323 115 207 104 146 185 1441 45 557 92 120 343 6120 289 131 98 120 51 799 3204 61
internal_value=0.0122675 0.00962435 0.0140595 0.0158869 0.00503826 0.00295216 0.0117252 0.0189652 -0.00764264 0.0202828 0.00472035 0.00711199 -0.011237 0.0125411 0.00694715 -0.0121446 0.0244836 -0.0254864 0.0159027 0.00677039 0.00897258 -0.0193731 -0.0127138 0.010884 0.0235157 -0.00378555 -0.0412535 0.0307584 0.0269015 -0.0136637 -0.000429424 0.0106134 -0.00470399 0.0175179 0.0131807 -0.0169745 -0.00180458 0.00720011 -0.00802106 0.0175845 -0.0468179 -0.0320037 0.0189562 0.0154973 0.0057724 0.0329377 -0.013009 0.0139934 0.011329 -0.015249 0.0270955 0.0112223 0.0106355 -0.0104934 0.00747819 0.00081327 -0.0313368 0.0191407 -0.0110884 0.0249782 0.0209784 0.0169785 -0.0243522
internal_weight=12597.1 9033.21 4591.49 4292.39 4441.72 3991.47 3130.66 3563.87 1057.03 3423 1590.62 1490.89 340.173 1150.72 924.333 299.096 2385.84 211.536 1008.23 2934.44 2636.74 166.35 297.705 2470.39 450.248 955.402 78.3279 1377.61 432.8 235.289 877.075 1037.17 322.037 715.129 637.983 105.116 238.095 202.336 143.344 90.8509 71.5504 142.842 1540.04 1314.48 251.131 1304.69 140.868 689.044 657.198 56.4919 1161.73 294.698 41.7256 152.02 2037.59 163.739 58.9558 532.867 86.0935 446.773 419.013 1280.6 47.7857
internal_count=33600 26330 11373 10230 14957 14173 8227 7270 4138 6854 4483 4049 1156 2893 2497 1143 4085 913 2043 10035 8261 1039 1774 7222 784 3628 402 2042 950 827 3226 2769 1059 1710 1608 398 1339 1081 824 418 289 978 3744 3421 786 1850 416 1670 1626 169 2003 649 215 579 6272 538 249 1210 262 948 897 3306 136
is_linear=0
shrinkage=0.05


Tree=42
num_leaves=64
num_cat=0
split_feature=19 18 72 0 48 73 64 65 67 74 41 17 69 74 18 64 54 76 47 67 26 64 18 0 54 65 54 5 3 76 5 55 19 19 78 0 51 18 47 19 51 3 50 65 67 2 51 5 41 19 53 50 52 55 0 58 74 52 2 41 0 62 74
split_gain=93.6514 75.8964 61.0925 115.114 60.402 47.7379 53.6052 47.4979 46.2219 46.1709 44.9376 44.667 44.564 44.3353 49.6906 47.4519 45.4465 43.3663 49.1471 45.2667 68.0858 77.118 43.1036 42.0512 41.5731 57.2025 50.665 50.2044 46.0189 43.5094 42.7216 41.4725 45.797 46.6824 42.7628 40.3974 61.8974 44.4451 40.2469 50.8185 40.2407 41.8008 45.4674 39.1861 37.8167 37.6111 37.4277 47.8496 40.3894 36.5408 51.9946 86.0039 52.3692 37.4783 36.2746 62.4618 41.7907 39.2019 42.3019 35.736 35.7739 44.4683 35.6195
threshold=-1.1289294362068174 0.53842872381210338 1.4255876541137698 -1.1528909802436826 0.80271571874618541 -0.52929243445396412 -0.1740675866603851 -1.6776478886604307 -0.37346643209457392 -0.051919715479016297 -0.95983093976974476 0.011979553382843735 3.1265742778778081 -0.07644955068826674 1.361069440841675 0.98628637194633495 -0.51262006163597096 0.11043424159288408 -0.1137709394097328 -0.60271418094634999 0.055097693577408798 0.010925517883151771 -1.6373506188392637 1.4543384909629824 -0.27963176369667048 0.46023705601692205 -0.18580673635005948 1.3893269896507265 -0.12079012766480444 -0.11274761334061621 1.1098969578742983 -0.19857938587665555 1.1063627004623415 1.0000000180025095e-35 2.1978039741516118 -0.81673735380172718 -2.050396084785461 -0.16623383015394208 1.1136758327484133 0.017717069946229461 0.62403082847595226 -0.065007485449314104 0.34521204233169561 0.56113454699516307 0.016248984728008512 0.47672359645366674 0.78334140777587902 -0.92518171668052662 -1.0588365197181699 1.3268848657608034 -0.37036843597888941 -0.25616364181041712 -1.3816751837730405 2.655118584632874 1.85917603969574 0.21494255214929583 -0.13198003172874448 -0.94501078128814686 0.72995600104331981 -0.064972437918186174 0.7454848885536195 -0.60652261972427357 -0.16698092222213742
decision_type=2 2 2 2 2 2 2 2 2 2 2 2 2 2 2 2 2 2 2 2 2 2 2 2 2 2 2 2 2 2 2 2 2 2 2 2 2 2 2 2 2 2 2 2 2 2 2 2 2 2 2 2 2 2 2 2 2 2 2 2 2 2 2
left_child=1 22 4 -4 12 6 7 -6 31 10 -3 45 13 15 16 17 35 19 -19 20 21 -2 -1 -21 25 27 38 -10 -28 -30 -31 -7 33 -33 -35 36 37 -15 39 -26 41 42 -11 -37 -24 -12 48 -48 -20 53 51 -51 -52 -18 55 56 57 58 -50 60 -57 -62 -59
right_child=2 9 3 -5 5 8 -8 -9 24 40 11 -13 -14 14 -16 -17 49 18 46 23 -22 -23 44 -25 26 -27 28 -29 29 30 -32 32 -34 34 -36 43 -38 -39 -40 -41 -42 -43 -44 -45 -46 -47 47 -49 54 50 52 -53 -54 -55 -56 59 -58 62 -60 -61 61 -63 -64
leaf_value=0.035609758380406906 -0.082777762268875676 0.048495899766945023 -0.07168979506699473 0.02148163185579445 0.020653166416781402 -0.065705825230412448 0.04477203209083979 -0.055369740468947243 -0.036678927563748201 0.045042111943745577 0.0028704601733256243 -0.07826939217402426 -0.059425804553046774 0.056816934494541185 -0.059227275726645517 0.036799592525844811 0.0072753200750380166 0.015983075413386862 0.073302010174995672 0.031391352214397934 0.053518652393395531 0.0103202990207528 0.013635156168089944 -0.030373222600936268 -0.048595065830063851 0.012205063579418099 -0.066113348723209647 0.07780506049357773 0.063676091045007349 -0.070858434260487421 0.051847964148691875 0.010672144367150048 0.038243414907286638 -0.068935778888766605 0.055072874750629122 0.038455200066543974 -0.060611720314251473 -0.040276481416003977 0.10529681888744279 0.049791238999218584 0.029857156946388276 -0.024266761918225001 -0.033932025969754441 -0.0046469726059540223 0.028152590165591858 -0.048282276902847143 0.071717919811754058 -0.019205746828489731 -0.06141774835464147 -0.021699629306877459 0.082926266345162467 0.089155588827415769 -0.057392885226794747 -0.051632767364129001 0.036135364231484036 -0.070796621587699601 -0.039497703781717568 0.0053254907404132737 0.042502695378201345 -0.00059360901468641196 0.043081978963079789 -0.075735629511671246 0.051877019455294271
leaf_weight=605.10854656994343 36.928467936813831 26.131101533770561 33.815736081451178 1436.314698535949 50.939279459416866 58.432541012763977 94.347902491688728 34.246224105358124 175.82608589529991 64.597737699747086 127.72069803625345 29.109374836087227 23.087407939136028 36.673788174986839 27.932246882468462 234.44798963516951 4057.428934276104 862.42174482345581 15.394809834659098 594.22562953829765 36.69750552624464 55.469616666436195 997.83817169070244 28.738619346171618 17.284063216298819 135.90378215163946 25.543390396982431 10.009368941187857 24.956327218562365 19.025860041379932 11.143292386084793 42.861336451023817 30.759635258466005 63.062574252486229 7.6913757026195517 284.94159677624702 33.634034633636475 17.202271930873394 20.454247936606407 53.142402790486813 211.57730763405561 99.103194251656532 25.217743285000324 64.429783813655376 818.58911476284266 49.813627250492573 35.885899223387241 24.02395886182785 36.399750173091888 59.8116714656353 7.1743582487106314 24.598031010478735 75.626506712287664 27.06253532320261 41.916570633649826 81.492656331509352 57.66755473613739 198.06726717203856 13.244670234620569 45.29441524296999 18.116576664149765 13.75403682887554 51.869182072579861
leaf_count=639 204 29 152 2964 150 452 208 215 1007 123 291 146 116 68 268 326 12318 1916 18 1271 73 138 1709 124 77 487 192 14 44 124 24 170 157 460 13 801 210 116 19 130 399 309 86 271 1128 185 46 83 200 377 19 61 558 178 98 408 265 550 35 164 28 76 90
internal_value=0.012386 0.0200095 0.00995113 0.0193304 0.00824741 -0.00414997 0.0188217 -0.00987998 -0.0100837 0.00458759 -0.0131063 -0.0209401 0.00975133 0.00997471 0.00712594 0.0153855 0.00752356 0.0131481 0.00821689 0.0229452 -0.0039652 -0.0268831 0.0240402 0.0285296 -0.00180979 -0.012417 0.0180505 -0.0304472 -0.0107364 0.0149062 -0.0253488 -0.030173 -0.0157218 -0.0303968 -0.055326 0.0228826 -0.0074441 0.0257058 0.0436414 0.0255397 0.0148848 -0.00186384 0.0227996 0.0304931 0.0201815 -0.0114732 -0.00235485 0.0352028 -0.00629437 0.00594367 -0.0169506 0.0106131 -0.0450891 0.00688254 -0.00851278 -0.0121564 -0.000545377 0.00694671 -0.0335625 -0.0382524 -0.0532412 -0.00811489 0.0150232
internal_weight=12622.2 3054.81 9567.42 1470.13 8097.29 875.63 179.533 85.1855 696.096 633.271 232.775 206.644 7221.66 7198.57 4716.52 2482.06 4688.58 2247.61 1495.55 752.06 129.096 92.3981 2421.54 622.964 493.289 321.739 171.55 185.835 80.6689 55.1255 30.1692 202.807 144.375 113.615 70.7539 436.881 87.5101 53.8761 90.8807 70.4265 400.496 188.919 89.8155 349.371 1816.43 177.534 633.127 59.9099 573.217 4251.7 167.211 84.4097 82.8009 4084.49 557.823 515.906 357.248 299.581 49.6444 158.658 113.363 31.8706 249.936
internal_count=33577 5044 28533 3116 25417 3943 573 365 3370 1568 651 622 21474 21358 15245 6113 14977 5787 3977 1810 415 342 3476 1395 2118 1508 610 1021 384 192 148 1252 800 643 473 1466 394 184 226 207 917 518 209 1072 2837 476 2061 129 1932 13511 1015 438 577 12496 1914 1816 1140 875 235 676 512 104 640
is_linear=0
shrinkage=0.05


Tree=43
num_leaves=64
num_cat=0
split_feature=49 4 67 70 50 53 61 66 17 75 74 17 62 61 64 19 53 62 18 77 58 69 4 51 50 78 65 18 5 72 73 18 73 75 68 3 66 17 73 49 5 73 18 62 65 53 18 0 68 63 41 78 55 18 73 78 77 3 61 67 4 50 44
split_gain=116.525 80.2232 79.4248 83.8341 79.5127 74.1818 65.5798 65.0655 63.3304 60.6547 50.9 50.7056 51.2421 50.1891 48.6867 52.6696 101.978 46.9811 64.9011 48.9893 47.688 51.1449 45.2145 45.286 51.7385 44.893 49.1191 47.9142 46.4951 60.5848 56.5993 42.9697 55.3064 46.4858 42.989 42.7827 48.5413 42.575 41.9058 41.0236 40.9277 54.6262 39.2821 39.1685 49.4422 48.4523 41.1837 38.5001 38.456 54.4723 38.3687 38.173 39.483 37.9053 37.6529 48.1207 38.5943 37.5189 38.6737 56.442 41.0996 42.0556 37.3335
threshold=0.38520649075508123 -0.9672255516052245 -0.023423794656991955 0.70596449077129375 -0.85066324472427357 0.45053505897521978 -0.36529240012168879 -1.2841491699218748 -2.8734526634216304 -0.79360157251358021 1.1891049742698672 1.6354819536209109 0.29275192320346838 -0.17805133014917371 1.0318111181259157 1.0198512077331545 -0.53669509291648854 -0.030303432606160637 -0.54360279440879811 1.4781925678253176 -0.17066054046154019 1.6488126516342165 0.91877737641334545 -1.5306451916694639 -0.96239426732063282 1.7239086627960207 -0.3145796656608581 -0.4217728972434997 1.2328914999961855 2.2264165878295903 -0.21673831343650815 0.40776684880256658 -0.34101305902004236 2.5113589763641362 0.16517320275306704 1.4534691572189333 1.4108676910400393 0.96252864599227916 -0.52055701613426197 1.070280194282532 -0.20931920409202573 -0.14733219146728513 -1.1419257521629331 0.93233519792556774 0.7610258460044862 -0.020460885018110272 0.48011445999145513 0.46299500763416296 0.28898654878139501 1.3500738143920901 -0.94586861133575428 -0.46439172327518458 -0.33336551487445826 -0.4217728972434997 -0.20004042237997052 0.53717565536499035 3.2410682439804082 -1.3651545047760008 -0.078002732247114168 -0.745928794145584 0.48336566984653478 -2.2882223129272456 0.84104520082473766
decision_type=2 2 2 2 2 2 2 2 2 2 2 2 2 2 2 2 2 2 2 2 2 2 2 2 2 2 2 2 2 2 2 2 2 2 2 2 2 2 2 2 2 2 2 2 2 2 2 2 2 2 2 2 2 2 2 2 2 2 2 2 2 2 2
left_child=2 13 3 8 6 9 -4 -8 -1 -5 22 12 31 50 15 -3 -17 18 -11 20 -20 -22 23 57 53 28 27 -27 29 30 -26 33 34 -6 -33 -32 -37 -9 -19 -15 -31 62 -18 46 45 48 -14 -47 49 -45 -2 -30 -53 -25 -34 -56 -57 -10 60 -60 61 -59 -42
right_child=1 14 4 5 11 -7 7 37 10 17 -12 -13 43 39 -16 16 42 38 19 -21 21 -23 -24 24 25 26 -28 -29 51 40 35 32 54 -35 -36 36 -38 -39 -40 -41 41 -43 -44 44 -46 47 -48 -49 -50 -51 -52 52 -54 -55 55 56 -58 58 59 -61 -62 -63 -64
leaf_value=0.04589743181012531 0.062674321086518742 0.019783975901253185 -0.044043867555361937 0.03957454290453917 0.02059373251290646 0.025083289666364385 -0.055764275392508215 0.0051337848555236161 -0.041149078229105934 -0.055688267165442375 -0.074367392802158747 -0.017151199751427624 0.028204421495443666 -0.068202619257115141 0.031980948605607358 0.034689422155980712 0.0079866773232435094 0.0076053178875233069 0.033802648208178646 -0.07346051964166056 -0.06583441054984078 0.037123446875452604 0.020818144781202027 0.0050158556987315731 0.0029929930973480452 0.023873640997678119 0.033853486589467623 -0.042861068574078461 0.029679824739044472 0.059418995733852377 -0.010485065020601691 -0.056883355299416766 0.038653363760929899 -0.044529738428104565 0.0020417591423491457 -0.091731907927612016 0.011032106902435133 0.062766151506842977 -0.058882090975522411 -0.0034778497970670424 -0.096631091271052794 0.044025422971725597 -0.043036519927490323 -0.078430189690385801 -0.064441149996855088 -0.075087279221415559 0.060590016237124539 0.024666805483646304 0.051233850698791106 0.032233119005827766 0.0010605491417362877 0.039360294112228043 -0.03484613235862604 -0.041986268985221682 0.011696511933507228 -0.062875843769870432 0.033764712865088642 -0.00056694829549619149 0.032925040622946718 -0.069209581096586203 -0.0011438376714001371 0.068195059521444959 0.014158634905631896
leaf_weight=101.31494723260403 27.990535032004118 3298.4559456296265 92.925211563706398 35.519237853586674 1473.1707458458841 98.352581515908241 36.625091545283794 162.16366924718022 19.944941863417625 65.313992515206337 19.551681473851204 101.87060606107116 276.6986423060298 46.632224727421999 756.14514856040478 111.09695627912879 55.276321396231651 28.126674275845289 95.135478314012289 18.387767251580954 31.197638008743525 19.477694619446993 472.64686710759997 70.790505241602659 1651.2610589209944 58.481593951582909 239.56520395725965 49.580990985035896 246.25872434303164 68.560811042785645 643.19911228865385 59.489220634102821 99.023379497230053 27.783265672624111 64.066806867718697 34.600337453186512 17.029316067695618 39.921195309609175 145.48856472969055 51.801560435444117 16.283631063997749 38.96592616289854 117.49041864648461 15.879194438457487 18.459424786269665 20.823869906365871 153.28856727853417 17.816361553966999 102.58582875132561 36.456401646137238 253.35524424165487 26.810557391494513 53.439459472894669 107.99992214515805 299.80303915962577 41.695431314408779 13.578239984810351 27.600613374263048 35.498419344425201 21.703252296894789 43.349004283547401 111.29409873485565 14.019474074244497
leaf_count=105 35 6537 536 69 2719 238 243 619 135 256 136 540 501 265 1119 295 123 93 313 111 236 63 1052 208 5256 91 386 207 596 79 2628 323 247 98 219 172 35 118 898 185 75 56 649 88 88 93 305 44 165 98 741 41 208 805 963 184 31 122 103 155 152 257 27
internal_value=0.0122984 0.0185138 0.00857643 0.00447442 0.0147217 -0.0141205 -0.0084258 0.00543133 0.0068592 -0.0229258 0.00588948 0.0174435 0.0187413 -0.00351008 0.0204429 0.0180053 -0.00264489 -0.0284535 -0.0135679 0.0031797 0.0129226 -0.0261676 0.00627818 0.0043653 0.00279888 0.00428188 0.0212312 -0.00671049 0.00218292 -0.000147053 -0.00204232 0.0149218 0.00332246 0.0193821 -0.0263119 -0.0140147 -0.0577842 0.016569 -0.0480838 -0.0342295 0.0320554 0.00485286 -0.0266877 0.0310955 0.0134635 0.0209483 0.0397728 -0.0290183 0.0334539 -0.00133353 0.00722824 0.0199182 -0.00997431 -0.0233558 0.0114007 0.00377766 -0.0390272 0.0244879 0.029991 -0.00579241 0.041247 0.0545044 -0.0453327
internal_weight=12599.1 4718.24 7880.87 4726.75 3154.12 537 331.635 238.71 4189.75 438.647 4088.44 2822.49 2720.62 379.78 4338.46 3582.32 283.864 403.128 229.513 164.199 145.811 50.6753 4068.88 3596.24 3336.85 3158.06 347.628 108.063 2810.43 2483.92 2346.09 2078.61 577.656 1500.95 123.556 694.829 51.6297 202.085 173.615 98.4338 137.83 69.269 172.767 642.008 212.021 193.562 429.987 38.6402 154.921 52.3356 281.346 326.509 80.25 178.79 454.1 355.077 55.2737 259.39 239.445 57.2017 182.244 138.895 30.3031
internal_count=33535 9949 23586 15364 8222 2277 1516 980 13087 2039 12982 6706 6166 1226 8723 7604 1067 1970 979 723 612 299 12846 11794 10870 9857 684 298 9173 8328 8091 4784 1967 2817 542 2835 207 737 991 450 237 158 772 1382 576 488 806 137 351 186 776 845 249 1013 1425 1178 215 924 789 258 531 379 102
is_linear=0
shrinkage=0.05


Tree=44
num_leaves=64
num_cat=0
split_feature=72 18 18 17 3 48 60 0 67 21 44 52 62 78 5 0 65 48 61 74 63 64 77 27 27 66 54 0 65 54 79 27 79 48 17 52 19 2 1 26 53 64 78 65 2 63 6 73 76 6 28 67 67 19 64 1 68 19 6 48 65 6 54
split_gain=91.5394 63.3143 59.2025 57.8888 52.4823 55.5443 63.0211 62.5545 73.0165 66.5115 58.0218 54.9143 58.7434 60.4436 54.7656 53.317 52.7194 50.6645 48.0815 47.5628 46.1556 67.0219 52.0824 45.4571 47.7937 42.669 41.9031 53.9052 48.2293 45.397 63.7581 59.8778 79.6736 74.4785 54.0713 44.9427 46.1755 51.3197 44.0722 43.2842 43.7956 41.6719 41.2034 52.4654 60.3287 58.6105 51.4964 47.6789 59.8453 50.1729 41.7821 41.0399 41.0192 40.6475 48.5226 63.0977 65.5685 42.2413 40.4165 40.8715 39.913 42.8198 39.7826
threshold=0.70908862352371227 -0.31747478246688837 -1.7811850905418394 -1.8525771498680113 1.4342653155326845 -0.68583902716636647 0.33772195875644689 -0.53676110506057728 -0.1725194230675697 0.83571916818618786 -1.0953093767166135 -0.96247735619544972 -0.29922537505626673 -0.50505074858665455 0.21776107698678973 0.050166688859462745 0.61443892121315014 -0.9759572148323058 -0.10614330694079398 1.0000000180025095e-35 1.1490550041198733 -2.1649068593978877 1.15766978263855 0.5004376769065858 -0.15981916338205335 1.456122159957886 -0.35015794634819025 1.8065469264984133 0.87144199013710033 -0.44953575730323786 -0.82378327846527089 -0.065588315948843942 0.32167409360408789 0.37011615931987768 -0.89477166533470143 -1.1571049094200132 0.7650544047355653 -0.35989084839820856 1.0228937864303591 0.12939859926700595 -0.29867517948150629 1.0318111181259157 0.61647191643714916 0.27557557821273809 -0.81188315153121937 -0.12859255820512769 1.4351509213447573 -0.4276862889528274 0.17434003204107287 -0.75878557562828053 0.26105133257806307 2.843570470809937 2.3602924346923833 -0.22975001484155652 1.1764512062072756 -0.38758370280265803 -0.22002387791872022 0.49452488124370581 -1.3949874639511106 1.5605849623680117 0.24892339855432513 1.1902032494544985 0.66399952769279491
decision_type=2 2 2 2 2 2 2 2 2 2 2 2 2 2 2 2 2 2 2 2 2 2 2 2 2 2 2 2 2 2 2 2 2 2 2 2 2 2 2 2 2 2 2 2 2 2 2 2 2 2 2 2 2 2 2 2 2 2 2 2 2 2 2
left_child=2 -2 19 -4 5 6 41 8 9 10 -7 -10 13 25 16 -8 -6 -16 60 53 26 -22 -23 24 58 -13 27 28 29 31 -31 32 33 -9 -32 -36 37 -37 -33 40 -39 42 43 46 45 -45 47 48 -5 -49 -51 -28 -14 -1 55 56 57 -55 -12 -60 -19 -62 -20
right_child=1 -3 3 4 14 7 15 20 11 -11 23 12 52 -15 17 -17 -18 18 62 -21 21 22 -24 -25 -26 -27 51 -29 -30 30 34 38 -34 -35 35 36 -38 39 -40 -41 -42 -43 -44 44 -46 -47 -48 49 -50 50 -52 -53 -54 54 -56 -57 -58 -59 59 -61 61 -63 -64
leaf_value=0.031473245241381113 0.025517305468131787 0.012063724774358311 0.020103208794393049 0.038580554419433859 0.019590490733156874 -0.05350124841108609 -0.053249413391679878 0.027743712223320866 -0.023756819305828448 -0.067404446046902031 0.054136358864166713 -0.058276249558544324 0.032150482411092106 0.013063653059280912 0.036937252600565171 0.0087716904687035451 -0.065088302535471307 -0.095651254812275377 -0.030630049528237824 -0.023426453868568911 0.056940127961777755 -0.031069045019740935 0.026529295370199681 0.043686070358670434 -0.055958271931559112 0.028073101234341782 0.014382664978516514 -0.044037743165407685 -0.073001146704246039 -0.075332888372676945 -0.071549325084086124 0.029962323086966822 -0.050141733782504021 -0.046144056269045705 -0.03843008230245222 -0.010741279194278957 -0.024713279605301092 0.061912684607367 0.09966984609705537 -0.03804175218305432 0.017857955604113237 0.03552779739320349 0.028307249056131023 -0.064749739942353932 0.026739225062189332 0.021185068213938611 -0.067495236637332118 -0.06566582951837778 -0.029669185322220345 -0.019833241795802526 0.044399579807550354 -0.056121934237967935 -0.038403181591877354 0.012571173798405277 0.047557497413696539 0.020879881063373424 -0.065568850582513133 -0.051867741034235776 -0.005530677538625654 -0.070123365320661407 -0.078397572583405933 -0.0056270031261418862 0.045910203424927271
leaf_weight=523.61298331618309 1586.571959849447 1954.1596895046532 763.01839245855808 113.3874823153019 151.32204289734364 70.667365860193968 59.079897709190845 242.01649883389473 114.48469191044569 54.070808935910463 27.060547601431608 64.686659276485443 317.69623089581728 164.95416593924165 26.3738077506423 83.29353129118681 20.804828405380249 41.639957912266254 51.120985466986895 62.90252547711134 31.704204734414816 204.85896737128496 48.368997033685446 43.033584985882044 50.602948449552059 18.208510085940361 2085.215307995677 60.86826729029417 19.672707311809063 29.216551385819912 24.83925586566329 86.849925566464663 51.676111850887537 39.562036085873842 56.000013353303075 119.46590716764331 83.330328367650509 92.587726641446352 30.84453396499157 22.010940987616777 145.65009284764528 272.28377397358418 347.44731827452779 38.89649872481823 396.09290385246277 40.201468698680401 31.43835236504674 42.704767268151045 44.633403211832047 98.827862225472927 33.910385943949223 20.722170855849981 21.883143298327923 138.88533028960228 85.944485858082771 331.68886232376099 47.587073586881161 31.025157265365124 612.13445163145661 25.433592669665813 34.308612026274204 49.443128861486912 25.273966833949089
leaf_count=616 2381 4840 1339 220 313 508 284 698 572 406 70 373 805 414 42 259 87 191 185 161 68 1148 129 117 311 36 6136 421 121 182 115 298 313 256 325 412 489 201 58 113 399 451 583 172 933 90 151 218 156 345 76 100 85 229 87 544 169 121 2324 187 153 117 36
internal_value=0.0112751 0.0180941 0.00861159 0.00701618 0.00560538 0.00665929 0.0147774 0.00409784 -0.00413941 -0.0137092 -0.0101929 0.00789241 0.0140721 -0.00441758 -0.0119738 -0.0169491 0.00929456 -0.0280378 -0.036569 0.0188524 0.00783422 -0.0114411 -0.0200413 -0.00614363 -0.00915443 -0.0392378 0.00954676 0.00165411 0.00432755 0.00582495 -0.00350617 0.0176929 0.00684226 0.017332 0.000356192 0.00382003 0.00894769 0.0163525 0.0483423 0.0288083 0.035019 0.017876 0.0138219 0.00782244 0.0187731 -0.0210387 -0.00642546 -0.000634414 0.019265 -0.018587 -0.0033651 0.0136839 0.0275792 0.0211536 0.0126345 0.00715245 -0.0137592 0.000751819 -0.00557551 -0.00812582 -0.0556117 -0.0355548 -0.00521573
internal_weight=12608.3 3540.73 9067.53 7845.88 7082.86 6682.57 1602.2 5080.38 1584.92 883.003 828.932 701.913 587.429 247.849 400.287 142.373 172.127 228.16 201.787 1221.65 3495.46 284.932 253.228 758.265 715.232 82.8952 3210.53 1104.59 1043.72 1024.05 573.101 450.949 333.255 281.579 543.884 519.045 463.045 379.715 117.694 260.249 238.238 1459.82 1187.54 840.093 475.191 79.098 364.902 333.464 158.021 175.443 132.738 2105.94 339.579 1158.74 635.131 549.186 217.498 169.91 664.629 637.568 125.392 83.7517 76.395
internal_count=33739 7221 26518 24591 23252 22128 3938 18190 6208 3923 3517 2285 1713 823 1124 543 400 724 682 1927 11982 1345 1277 3009 2892 409 10637 4401 3980 3859 2236 1623 1267 954 2054 1939 1614 1125 356 713 600 3395 2944 2361 1195 262 1166 1015 376 639 421 6236 890 1766 1150 1063 519 350 2581 2511 461 270 221
is_linear=0
shrinkage=0.05


Tree=45
num_leaves=64
num_cat=0
split_feature=19 7 59 53 19 68 73 5 76 2 19 66 19 6 69 69 5 19 49 74 67 66 73 3 17 52 9 69 55 66 3 61 48 44 74 13 59 79 65 22 75 70 53 6 4 15 55 58 75 2 64 59 3 0 1 55 66 0 63 79 61 52 26
split_gain=89.6113 61.6644 76.5646 52.4667 62.1692 46.0403 45.8871 47.5613 45.56 56.1925 46.4248 45.0963 48.346 44.2372 52.3594 47.7729 45.1405 52.0046 43.1694 43.1471 40.8632 40.4078 49.2196 45.2556 55.9157 41.5723 40.0369 48.9727 43.5902 90.494 58.6779 44.7085 40.1546 43.3796 43.3137 39.8425 51.8766 43.7888 43.5345 39.6595 61.7131 43.6469 39.6803 39.5825 38.9259 41.4617 38.7248 64.6923 43.2871 38.2645 44.4989 43.1057 37.9482 53.068 66.2316 36.0936 43.6472 38.7997 35.5632 35.4017 43.3732 35.2899 52.0232
threshold=-1.9692807793617246 -0.21709776669740674 1.4713056683540346 -0.25900551676750178 1.2555624246597292 0.055116897448897369 0.17824174463748935 -1.0314558148384092 0.52562895417213451 -0.77974724769592274 -0.77336823940277089 0.92855137586593639 0.86724126338958751 -0.81439533829689015 1.4025190472602846 0.41734452545642858 -0.92518171668052662 -0.32219666242599482 -0.28925213217735285 -0.28626295924186701 1.7565209269523623 -1.1376679539680479 -0.44194813072681421 1.3661373257637026 -1.1736623048782346 -0.65805989503860463 1.0000000180025095e-35 -0.56782993674278248 -0.31764936447143549 1.1845958232879641 1.1905591487884524 -0.033627213910222047 0.54681175947189342 0.77058812975883495 -0.096746534109115587 1.0555417239665987 2.0032002925872807 -0.54378259181976307 0.40122152864933019 1.6244237422943117 -0.099755626171827302 -0.26119840145111078 -0.97206529974937428 -0.7852664291858672 0.073731832206249251 1.0000000180025095e-35 -0.34542459249496454 -0.42783865332603449 -0.28927820920944208 0.12978545948863032 -2.1649068593978877 -0.19871518760919568 -0.31923000514507288 0.83726388216018688 -0.92079937458038319 0.6384284794330598 -1.5532935857772825 0.4779756516218186 -0.21338955312967298 2.5107703208923344 -0.27645772695541376 -0.97620108723640431 -0.28544816374778742
decision_type=2 2 2 2 2 2 2 2 2 2 2 2 2 2 2 2 2 2 2 2 2 2 2 2 2 2 2 2 2 2 2 2 2 2 2 2 2 2 2 2 2 2 2 2 2 2 2 2 2 2 2 2 2 2 2 2 2 2 2 2 2 2 2
left_child=-1 2 6 18 5 26 8 -8 9 10 -2 12 35 16 15 43 -11 -18 21 -12 58 25 46 24 -24 -3 27 -5 29 30 -28 -32 52 34 -34 -7 37 -37 -39 42 -41 -42 -20 -15 -4 -46 47 48 -23 51 -51 -45 53 54 -30 56 -29 -57 -9 -44 -61 -6 -63
right_child=1 3 44 4 61 11 7 20 -10 13 19 -13 -14 14 -16 -17 17 -19 39 -21 -22 22 23 -25 -26 -27 28 55 32 -31 31 -33 33 -35 -36 36 -38 38 -40 40 41 -43 59 49 45 -47 -48 -49 -50 50 -52 -53 -54 -55 -56 57 -58 -59 -60 60 -62 62 -64
leaf_value=0.024020258910375205 0.0045011131089100313 -0.0086620015332817043 -0.070744282013517915 0.014316528257761182 0.018243138089326323 0.017313460574897157 -0.049092605521314621 -0.00050453562593094073 0.024627762973710152 0.028999141738943975 0.013831687852041284 0.035503802776778379 0.049000076621108841 0.073435789255217376 -0.084145495356483288 0.042610029116245333 -0.0010037175058894752 -0.070060080666310462 0.065147671697889639 -0.067839817900286786 -0.029957907977597533 0.038197389825984404 0.035524596497224385 -0.082278692258226899 -0.010506001410667038 -0.060455008540808111 -0.088774134299577132 -0.061692574637693488 0.035771429723982659 0.034697703613591861 -0.05088898571166537 0.047190051080707472 0.017602014933989003 0.036714815912987198 -0.067137885291899818 0.041503868701421087 0.055019286072490584 -0.0016141188507748966 -0.05764895351556381 -0.040992650362420363 -0.0062320387354433196 0.074150486637136678 0.0082733298384903339 0.021952565858006354 -0.00091185572198810314 -0.090252600629721791 0.028804304471126359 0.071008205304888369 -0.077513724682358703 0.047583700031944912 -0.025355223719257566 -0.04567084840178838 0.03052783911766678 0.054670042535567724 -0.064970672355239401 -0.062782061632610728 0.004982467198989469 0.0063756535632223726 0.042165675299084021 0.010915664397506226 -0.074119440523565047 0.020807069529473733 -0.05933933473027745
leaf_weight=1165.579374410212 54.426286555826664 132.0834822524339 49.494762975722551 1708.4983777813613 42.77293660864234 1507.4504287019372 22.867570172995329 64.224733166396618 140.46798190847039 30.419139966368675 19.816130504012108 384.77023811265826 108.52222400531173 18.701655454933643 15.323212940245865 89.258880961686373 48.973629213869572 61.831074982881546 29.782868228852749 84.861955780535936 29.634040962904692 10.648126289248465 76.657494679093361 19.033829402178526 468.64159847050905 54.929719902575016 36.189786542207003 24.831650104373693 26.294254321604967 74.889428466558456 24.11689542979002 22.222020916640759 25.429601542651653 35.78388274461031 36.558344177901745 26.240963280200958 28.815733686089516 71.862237080931664 67.213096857070923 20.061660885810852 21.896966349333525 71.90284863114357 1872.4803184792399 192.44721811451018 78.139729965478182 15.50384648516774 217.17435024306178 15.222561836242674 32.189086433500051 23.616219073534012 174.82782227918506 26.718593027442694 762.72063776105642 28.453343085944653 42.491521712392569 42.975348629057407 1549.6576855182648 38.068130388855934 200.58441944792867 30.386171326041222 29.298246283084154 28.363313846290112 69.616002984344959
leaf_count=1623 115 640 331 4047 183 3184 130 202 340 102 51 525 255 26 84 200 142 428 47 479 107 15 152 101 2331 368 189 133 49 106 79 25 75 77 221 35 53 209 271 98 95 122 5601 474 266 77 591 15 185 49 777 112 1357 49 193 217 4091 117 475 82 175 104 497
internal_value=0.0108149 0.00945929 -0.000197845 0.0108641 0.0133184 0.0140124 0.00362392 0.0201513 -0.00171462 -0.00612164 -0.0328691 0.019948 0.0166367 0.000113792 0.00662809 0.00929964 -0.0247879 -0.039612 0.00547102 -0.0523328 0.0255608 -0.00291206 0.00176503 -0.00668304 -0.00402058 -0.0239256 0.0111024 0.00837771 0.0193161 -0.00503834 -0.0411551 -0.00374677 0.0233245 -0.00699201 -0.0323218 0.014567 -0.00673169 -0.0175523 -0.0287528 0.00961918 0.0383066 0.0553458 0.00794989 0.00246548 -0.0348941 -0.0158371 0.019101 -0.0170955 -0.0486128 -0.000717606 -0.0166302 0.0136687 0.0267775 -0.00258917 -0.0263921 0.00224537 0.00392389 -0.0302675 0.0318016 0.00706232 -0.0307974 -0.0195419 -0.0360898
internal_weight=12524.9 11359.3 1442.14 9917.2 6814.81 6674.06 1299 317.311 981.69 841.222 159.104 2194.87 1810.1 682.117 540.894 525.57 141.224 110.805 3102.39 104.678 294.443 1026.58 839.567 564.333 545.299 187.013 4479.18 3364.03 1115.15 157.418 82.5287 46.3389 957.732 97.7718 61.9879 1701.58 194.132 165.316 139.075 2075.81 113.861 93.7998 1961.95 436.312 143.138 93.6436 275.234 58.0598 42.8372 417.61 198.444 219.166 859.96 97.2391 68.7858 1655.53 1574.49 81.0435 264.809 1932.16 59.6844 140.752 97.9793
internal_count=33549 31926 4967 26959 16341 15557 4293 914 3379 3039 645 4532 4007 2394 1722 1638 672 570 10618 530 784 4398 3390 2584 2483 1008 11025 8605 2420 399 293 104 2021 373 296 3752 568 515 480 6220 315 217 5905 1438 674 343 806 215 200 1412 826 586 1648 291 242 4558 4224 334 677 5858 257 784 601
is_linear=0
shrinkage=0.05


Tree=46
num_leaves=64
num_cat=0
split_feature=18 7 49 66 64 3 17 3 41 76 70 18 6 55 63 61 67 49 74 50 73 68 6 56 12 74 69 58 5 50 44 73 17 3 57 78 49 63 62 2 6 18 2 18 73 55 0 73 74 55 1 44 68 76 0 49 6 20 65 64 79 44 58
split_gain=76.8542 52.7583 64.3376 52.9887 51.5681 52.399 50.4201 56.5742 48.6276 50.843 44.1408 56.6082 53.4341 41.1184 45.9651 40.7584 39.2437 59.6039 49.6211 42.955 53.0454 45.9234 41.2462 36.6062 35.7686 42.2312 48.9161 55.3691 45.4518 38.922 37.8381 45.6301 39.3839 52.2845 42.1743 35.535 35.4613 35.1338 54.4162 47.3931 52.1534 43.5641 38.8342 41.7707 35.0384 42.2399 34.557 33.3728 33.2561 36.9678 45.438 51.2864 68.5768 59.8393 54.9681 48.0923 60.5593 61.1924 65.0575 57.4113 55.3864 47.4711 43.2484
threshold=-0.95223531126976002 -0.21709776669740674 -0.54220718145370472 1.1750686168670657 0.96299380064010631 -0.025913914665579792 -1.632750868797302 0.74909901618957531 -0.66027545928955067 -0.17088277637958524 1.673127353191376 -2.1991032361984248 -0.17488336563110349 1.5893585681915285 0.83597487211227428 1.8882164955139162 0.3146247416734696 0.39577491581439977 -0.49980252981185908 0.11159448325634004 -0.47851778566837305 -0.64649206399917591 1.72246789932251 0.009685633238404991 -1.0549764856696127 -0.20575617998838422 1.0000000180025095e-35 -0.82288309931755055 -1.2544897794723509 0.68240445852279674 0.78395068645477306 -0.63899815082550038 -0.30085094273090357 -0.1073017008602619 -0.33018272090703243 -0.42014388740062708 0.78572213649749767 0.031569618731737144 -0.55513390898704518 -0.068001747131347642 -1.0262419581413267 0.37059545516967779 -0.72822892665863026 1.0000000180025095e-35 -0.16806164383888242 -0.35167761147022242 0.992170810699463 -0.28656905889511103 -0.95828300714492787 -0.15898227691650388 -0.2339520528912544 0.35027529299259191 0.2202013581991196 1.0000000180025095e-35 -0.85475128889083851 -0.61069780588150013 -1.3698306679725645 -0.76438882946968068 0.45071841776371008 -0.24098843336105344 -0.060145037248730653 0.6758355200290681 -1.0277394652366636
decision_type=2 2 2 2 2 2 2 2 2 2 2 2 2 2 2 2 2 2 2 2 2 2 2 2 2 2 2 2 2 2 2 2 2 2 2 2 2 2 2 2 2 2 2 2 2 2 2 2 2 2 2 2 2 2 2 2 2 2 2 2 2 2 2
left_child=4 2 3 8 5 16 7 -3 -2 -10 44 -12 -13 23 -15 -4 17 18 -1 20 -20 -22 47 24 25 -8 27 -27 29 46 31 -26 34 37 -32 36 -36 38 39 -34 -41 -39 43 -40 -7 -46 -29 -21 -33 50 51 55 53 54 -53 56 -50 -58 -59 -60 -57 -52 -51
right_child=1 6 15 -5 -6 10 13 -9 9 -11 11 12 -14 14 -16 -17 -18 -19 19 22 21 -23 -24 -25 30 26 -28 28 -30 -31 32 48 33 -35 35 -37 -38 41 42 40 -42 -43 -44 -45 45 -47 -48 -49 49 62 61 52 -54 -55 -56 60 57 58 59 -61 -62 -63 -64
leaf_value=-0.085676941297144912 0.035216459753459606 0.039053529008236387 0.0085586768193171084 -0.065268400827652132 0.027560252199398418 0.024739981173455643 -0.029701635333407386 0.012311618895170347 -0.061321875282336527 -0.0083824745933348144 0.034212185677536117 -0.010962841062552338 -0.11346726516174613 -0.044177906801068867 0.030250373294015129 -0.071092573555995575 0.015790655949770048 0.014382179187533269 0.033890588376293405 -0.094031812270828977 0.022973905484543682 -0.041122661483778265 0.026954771282193098 0.039954809825019637 0.032272319987761137 0.036879218198432588 0.02401145231857825 -0.061971245329684004 -0.032259684623981377 0.063487588848802387 -0.051573332871734892 0.024494601294975677 0.0074971311937377565 0.027756295514638391 -0.051437098474700842 0.029949116740359907 0.025190162876383416 -0.05528559791861215 0.026626169335913899 0.027108551848023549 -0.079218134643830887 0.0097735029804704495 0.033562185782685029 -0.039136448234927387 -0.050702838483964924 0.01255206730430504 0.041024652496248676 -0.026382168665049402 0.068570202709745454 -0.046685480106604053 -0.0044827983101867509 -0.057473585813526164 0.049483243310567582 0.022817325351331751 0.0038906668062289778 0.018452913638920546 0.027327220697522154 -0.067364910459863814 0.055156617251179256 -0.032734023177534308 -0.012294699752155497 -0.057965901332437057 0.013038486282754719
leaf_weight=25.280923269689083 49.533522088080645 296.54951072484255 790.20783253386617 50.752496924251318 890.81865883618593 1292.6684122085571 119.39594047516584 596.53294027596712 55.599823631346226 246.30406741425395 35.801228299736977 37.525789253413677 19.247739121317863 72.755079243332148 28.839124746620655 16.283547341823578 431.15155175328255 241.74432571232319 73.959422789514065 33.801633723080158 41.970168992877007 82.79277391731739 17.85483106970787 94.340613216161728 174.87454007193446 53.155226640403271 180.47433577291667 18.900454148650169 176.76092666946352 26.34439755231142 39.405944354832172 233.88673234730959 138.83913291990757 779.92602314427495 37.708445928990841 76.035120368003845 24.958126835525036 44.484003789722919 53.644512794911861 16.326260831207037 38.366757620126009 60.555248580873013 291.1930922344327 43.724021464586258 27.951985359191895 440.30355865508318 14.110889073461292 40.273031771183014 18.067405518144369 30.886423852294683 954.37864105403423 51.243886794894934 135.41147078573704 297.84857977181673 125.69852560386062 382.14848008751869 43.307773619890213 95.857171673327684 25.467059124261141 67.754645545035601 237.1613954231143 43.302535161375999 1333.8465797156096
leaf_count=102 140 406 2484 267 1223 1912 505 1132 388 1094 42 91 86 417 89 105 794 447 140 162 91 336 27 135 379 139 595 160 978 51 161 506 402 1569 144 119 45 226 113 55 213 244 762 230 86 772 52 129 38 150 3617 273 194 650 338 1115 117 632 83 312 921 205 4073
internal_value=0.0110466 0.00849091 -0.00120617 -0.0175427 0.0170576 0.0137633 0.010039 0.0212003 -0.0106196 -0.0181656 0.0187226 -0.0148861 -0.0459409 0.00854601 -0.0229921 0.00693566 0.0044615 -0.0042896 -0.0185927 -0.012713 0.000340314 -0.0195194 -0.0409542 0.00903407 0.00858291 -0.00315733 0.00358371 -0.00914761 -0.0195417 0.0182389 0.00975684 0.00726271 0.0161978 0.0188941 -0.00598073 0.00696419 -0.0208477 0.00882519 0.0136329 -0.00800656 -0.047396 -0.0177578 0.0244231 -0.00286355 0.020493 0.00875544 -0.0178031 -0.0574045 0.00618779 0.00507153 0.00142922 0.00699012 0.0181016 0.00913244 -0.0138751 -0.000800829 -0.0192899 -0.0261688 -0.0384562 -0.00863639 0.00667012 -0.00681472 0.0116798
internal_weight=12516.3 8783.15 1208.68 402.19 3733.15 2842.33 7574.47 893.082 351.437 301.904 1853.5 92.5748 56.7735 6681.39 101.594 806.491 988.829 557.677 315.933 290.652 198.722 124.763 91.9295 6579.79 6485.45 589.142 469.746 289.272 236.117 59.3557 5896.31 4251.14 1645.17 1467.06 178.108 138.702 62.6666 687.133 582.094 193.532 54.693 105.039 388.562 97.3685 1760.92 468.256 33.0113 74.0747 4076.27 3842.38 2477.65 1479.97 610.202 474.791 176.942 869.764 250.454 232.387 189.079 93.2217 619.31 997.681 1364.73
internal_count=33463 27023 4478 1889 6440 5217 22545 1538 1622 1482 2989 219 177 21007 506 2589 2228 1434 987 885 567 427 318 20501 20366 2480 1975 1380 1241 263 17886 13603 4283 3814 469 308 189 2245 1775 670 268 470 1105 343 2770 858 212 291 13224 12718 8495 4673 1455 1261 611 3218 1182 1144 1027 395 2036 3822 4223
is_linear=0
shrinkage=0.05


Tree=47
num_leaves=64
num_cat=0
split_feature=53 12 5 3 54 49 44 76 55 13 52 38 79 34 70 24 79 54 65 60 4 65 17 67 53 75 58 68 58 32 60 59 55 3 64 58 58 79 60 6 54 6 62 66 47 54 4 43 75 66 50 3 79 33 17 17 66 37 38 7 38 76 13
split_gain=62.3508 53.235 60.096 55.8939 60.6217 53.1002 59.9727 63.7307 52.3253 53.8458 71.4713 50.8085 48.9385 48.5099 45.7382 46.7719 45.9495 44.2127 77.804 66.8234 55.5434 43.8986 43.7011 44.446 51.9371 44.2068 43.5798 41.753 41.4161 40.695 42.8445 39.6344 46.9626 41.456 37.7433 41.329 39.0792 45.7668 37.6285 36.9107 51.7213 36.3523 39.0417 36.0655 64.6782 35.8754 49.588 35.8709 35.857 50.7628 36.2447 93.4616 51.0722 58.9279 45.8191 52.8025 48.2113 43.5809 49.0009 42.9015 39.9745 70.158 37.3428
threshold=-0.030616402626037594 -1.0549764856696127 -1.2992666363716123 -0.66855737566947926 3.1099760532379155 0.078690234571695342 0.45717565715312963 -0.13134746998548505 -0.38121655583381647 1.3625727295875552 0.3637347966432572 -0.42793616652488703 0.44894711673259741 0.016962373629212383 1.1895459294319155 -0.46435694396495814 2.0016781687736516 -0.34031176567077631 -0.43641816079616541 0.093468397855758681 0.58975797891616832 0.7553146779537202 1.552695691585541 0.32226622104644781 -0.38816113770008082 -0.69393622875213612 -1.0567577481269834 -0.054939413443207734 -1.0359179377555845 -0.87477016448974598 1.3724173903465273 1.2866191864013674 -0.2907904833555221 0.1066841669380665 -0.47378848493099207 0.29331356287002569 -0.37984520196914667 -0.82378327846527089 -0.21755432337522504 -1.0050572752952573 -0.34248708188533777 -1.1586460471153257 0.30664618313312536 0.57247096300125133 0.45617224276065832 -0.28798957169055933 0.62209749221801769 1.0000000180025095e-35 0.65100315213203441 -1.5949752330780027 0.59538060426712047 -0.71542394161224354 0.24531026184558871 2.0508378744125371 0.011670858133584263 -1.0282276868820188 0.85233348608016979 -1.5443474650382993 -1.2662578225135801 -0.21709776669740674 -0.23655980080366132 -0.64313909411430348 -2.0147681832313533
decision_type=2 2 2 2 2 2 2 2 2 2 2 2 2 2 2 2 2 2 2 2 2 2 2 2 2 2 2 2 2 2 2 2 2 2 2 2 2 2 2 2 2 2 2 2 2 2 2 2 2 2 2 2 2 2 2 2 2 2 2 2 2 2 2
left_child=5 2 -2 4 11 8 7 12 43 22 29 -3 17 45 -8 -16 21 19 -19 20 27 -17 23 25 -25 -10 -27 -7 -28 -11 34 33 -33 47 -31 36 37 -36 -29 40 -35 42 -5 44 -1 -4 -47 -9 49 -30 52 -52 57 -54 55 56 -53 -51 -59 -56 61 -60 -62
right_child=1 3 13 41 -6 6 14 31 9 10 -12 -13 -14 -15 15 16 -18 18 -20 -21 -22 -23 -24 24 -26 26 28 38 48 30 -32 32 -34 39 35 -37 -38 -39 -40 -41 -42 -43 -44 -45 -46 46 -48 -49 -50 50 51 54 53 -55 59 -57 -58 58 60 -61 62 -63 -64
leaf_value=-0.078841757604520224 0.043883628265857823 -0.05147045809353698 0.033362455003180511 0.0075499078785530643 -0.049758213734126165 -0.047822324112322026 0.019533970424016792 0.001120424659800604 0.029156774703532614 0.043904341911287309 -0.059787829595172461 0.012969599880957619 -0.065540354972574419 -0.047546050789573635 0.053427123907983078 -0.087511534989400452 0.02193694410724592 -0.063972194719923089 0.031529074982718439 -0.071109195901741001 0.023533971094889583 0.001432102177245655 -0.020240431687282814 -0.0075940204015366225 0.018671794350884424 0.022778480243408561 -0.084888896481303405 -0.034939399864026055 -0.068963767909634571 -0.061651396428910543 0.066652442065805798 -0.039782162276123308 0.035817729884092986 -0.047618183110773843 0.039864020530999071 -0.0551789364562979 0.026517144660258007 -0.060414042895122567 0.043514066420965593 0.019623239587913177 0.019055266705330122 0.02193936553867577 -0.063012653932204316 0.0511978590183517 0.047553006939439917 0.0027664144970254495 -0.06928053970689306 -0.048757774318045913 -0.04166598775571851 -0.030542497091530996 -0.074884842464625068 -0.046968534344373161 -0.020837616735390828 0.073429182745154559 -0.052906855940976986 -0.077906924874529562 0.017921890817978677 0.058174881468583378 0.05093500030856845 0.014099214484379577 0.053534643127428873 -0.04304096921376404 0.0091806707835843677
leaf_weight=17.093017339706421 54.824512369930744 32.916610270738602 56.246347457170486 122.5770520158112 50.116905458271503 86.402522448450327 2055.4464469328523 623.653096832335 144.93043052777648 38.086401548236609 72.700185656547546 412.58489524200559 36.456917889416218 75.106637753546238 20.854563526809216 37.521826878190041 28.868569687008858 25.334023296833038 131.39828713238239 47.471218205988407 94.913741610944271 21.797749113291502 166.04497529938817 231.07446685433388 1007.5327439419925 206.48433129116893 14.58530795201659 29.041995152831078 26.049023807048798 39.878898097202182 16.011942856013775 22.429112382233143 228.28564647585154 52.438880451023579 16.510554991662502 35.964887920767069 82.485987100750208 35.818251604214311 31.998733092099428 681.49637519940734 64.956679053604603 2587.5285458937287 23.220856487751007 96.879607245326042 24.492170836776495 100.39431281760335 31.187364738434553 38.149336781352758 51.985392745584249 68.59274510294199 50.926885955035686 48.987049333751202 264.61836671456695 17.569795098155737 26.106685925275087 36.599131837487221 68.449297733604908 51.283932466059923 25.959705829620361 267.81623518839478 49.422489982098341 83.056472666561604 1173.1806933563203
leaf_count=106 136 148 123 303 235 418 4028 1909 285 73 375 1085 192 386 34 167 53 129 295 273 186 54 1162 920 2223 471 82 123 181 281 49 98 434 225 37 195 244 187 69 1366 142 5143 113 142 63 339 134 159 314 325 317 165 1179 31 120 171 116 82 63 657 107 429 3901
internal_value=0.0102383 0.0158471 -0.00366589 0.017769 0.00230832 0.0080065 0.0119525 0.00612387 0.00423092 0.00328084 -0.0159077 0.00818664 -0.00990839 -0.0136124 0.0178588 -0.0136606 -0.0296246 -0.00534178 0.0160295 -0.0169177 -0.00625743 -0.0547965 0.00486901 0.00593568 0.0137674 0.00230928 0.000769275 -0.0254719 -0.00118396 -0.00382164 -0.0118787 0.010652 0.0290214 0.00749381 -0.0179003 -0.00762455 0.00505609 -0.0286637 0.00610955 0.0151603 -0.0106994 0.0205704 -0.00368963 0.0344897 -0.00434437 0 -0.0143118 -0.00175416 -0.00064977 0.000293867 0.00110724 -0.0107646 0.00452679 -0.0149267 -0.00344874 -0.0255368 -0.0091207 0.00831298 0.0102459 0.00811466 0.00839207 -0.0205908 0.010982
internal_weight=12462.8 3546.7 317.759 3228.94 495.618 8916.09 4358.92 2194.43 4557.18 4418.71 337.457 445.502 483.017 262.935 2164.49 109.043 88.1881 446.561 156.732 289.828 242.357 59.3196 4081.26 3915.21 1238.61 2676.6 2531.67 147.443 2325.19 264.757 226.671 1711.41 250.715 1460.69 210.659 170.78 134.815 52.3288 61.0407 798.892 117.396 2733.33 145.798 138.465 41.5852 187.828 131.582 661.802 2310.6 2258.62 2232.57 498.885 1733.68 282.188 447.958 154.035 117.436 1451.5 1382.9 293.923 1331.62 109.016 1222.6
internal_count=33552 8145 1118 7027 1468 25407 10354 6018 15053 14742 1441 1233 1685 982 4336 308 274 1493 424 1069 796 221 13301 12139 3143 8996 8711 610 8240 1066 993 4333 532 3801 944 663 468 224 192 1733 367 5559 416 311 169 596 473 2068 8158 7844 7663 1546 6117 1210 1229 452 281 4907 4582 777 4500 492 4008
is_linear=0
shrinkage=0.05


Tree=48
num_leaves=64
num_cat=0
split_feature=19 13 18 78 3 66 20 58 59 55 61 61 0 31 77 73 54 55 76 49 60 5 55 54 40 67 44 52 62 58 6 6 67 17 55 66 70 61 52 75 68 44 47 49 41 41 18 73 18 4 68 67 51 79 6 59 60 59 61 0 59 64 60
split_gain=65.6024 56.0528 53.6779 47.4537 64.6653 66.802 51.0925 53.1089 50.0831 48.7906 45.953 51.5979 49.4668 45.5871 44.6584 40.7361 38.69 57.9446 38.0177 37.8727 37.1306 46.0772 44.6814 38.0111 58.714 68.0965 46.6976 61.3806 44.5583 37.1108 36.9571 47.4501 36.2693 42.0853 35.9353 50.4787 59.2529 35.5295 55.5724 35.2452 35.1225 60.1299 33.5549 35.0221 32.4101 38.8042 36.203 31.9193 100.999 57.9963 31.3115 31.129 39.4154 29.9076 35.4166 29.9054 53.6952 37.3833 61.5672 54.2232 44.7042 50.5452 40.2453
threshold=-2.020808100700378 1.3625727295875552 0.93785163760185253 -0.31342741847038263 -0.87591335177421559 1.2358047962188723 1.582243084907532 -0.22040748596191403 -1.0363285541534422 -0.11158356443047522 2.8711409568786626 0.53331679105758678 1.4076701998710635 0.255242370069027 0.35636264085769659 0.64939296245574962 -0.36206497251987452 -0.37517450749874109 0.53688207268714916 0.9121840000152589 -0.22665039449930188 -1.6125627160072324 1.5893585681915285 -0.3476391583681106 -0.2862029075622558 -0.35887140035629267 -0.81226631999015797 -0.39356602728366846 -0.95015937089920033 -0.72363081574439991 -0.27418646216392512 0.14950676262378695 0.036904830485582359 0.43915422260761267 -0.3442434668540954 -0.90067797899246205 1.673127353191376 -0.22519958019256589 0.15039305388927462 -0.25569166243076319 0.31650063395500189 0.013782054651528599 -1.402715742588043 -0.3524604439735412 -0.1106673553586006 1.1675206422805788 0.4166493713855744 -0.48153075575828547 0.051629278808832176 0.86065998673439037 -0.49516466259956354 1.6246947646141054 -1.5306451916694639 -0.16196346282958982 0.017102631740272049 -0.96690818667411793 -0.11440087854862212 -0.81505927443504322 0.53331679105758678 -0.75862544775009144 -0.63724112510681141 -2.5295252799987789 4.0806660652160653
decision_type=2 2 2 2 2 2 2 2 2 2 2 2 2 2 2 2 2 2 2 2 2 2 2 2 2 2 2 2 2 2 2 2 2 2 2 2 2 2 2 2 2 2 2 2 2 2 2 2 2 2 2 2 2 2 2 2 2 2 2 2 2 2 2
left_child=32 3 10 8 6 20 7 13 -2 40 11 12 16 19 15 -11 17 -3 -4 51 23 -22 29 24 25 28 27 39 -6 -23 -19 -32 33 53 -28 36 -36 38 -31 -26 41 -9 43 -25 46 -46 -18 48 -44 -50 -33 52 -5 -1 -55 56 -10 58 59 -57 -59 -62 -63
right_child=1 2 18 4 5 -7 -8 9 55 14 -12 -13 -14 -15 -16 -17 44 30 -20 -21 21 22 -24 42 26 -27 34 -29 -30 37 31 50 -34 -35 35 -37 -38 -39 -40 -41 -42 -43 47 -45 45 -47 -48 -49 49 -51 -52 -53 -54 54 -56 57 -58 60 -60 -61 61 62 -64
leaf_value=0.022583864787671853 0.026873805997230622 0.04337656317332983 -0.051616350822834056 0.019193804332230863 0.059092966275214043 0.035586194140264177 -0.07239423790250557 -0.043552762475193976 -0.0041255827599411534 0.033963654641630786 0.074217949953793758 -0.055803923407305993 -0.053123546231550835 0.044331192098515854 -0.049191933409059585 -0.053666762490004863 0.0078360661494507947 -0.065493342526777437 0.022687053803907953 0.015380264211458404 -0.064268065092782031 0.024600737285660881 -0.043072026650670392 0.016782566427058956 0.048623601534439294 -0.078991694844852856 0.037317146143017441 -0.083123327094234686 -0.045725110986066818 -0.078264073163931636 0.039784298754145957 -0.084123231792208195 0.031253534368086741 -0.034990776775462848 -0.068544494807127432 0.019614009690268799 0.047052972873746018 0.0090045302340695139 0.0092824642310586607 -0.035702446403302383 0.032005666540422882 0.022498782026301761 0.032934517107219952 -0.052942373586061853 -0.048027517844718384 0.016965597205463999 0.040057928231547205 0.031099002970130102 -0.059925182935779836 0.028633779880859807 -0.010513855098515998 0.032417903050333555 -0.041907194883124776 0.016975925288841339 -0.0450150088951057 -0.0093983633306209697 -0.085028681520534763 -0.0076854908296054708 0.088568518648002428 0.022722978751838107 0.054279700590310509 0.0061180517587819706 -0.072623117301716542
leaf_weight=410.22853533923626 284.34570970758796 34.654705047607422 85.787842750549316 30.525329660624266 23.210327655076981 387.57942807674408 22.976979840546846 49.439829401671886 164.71806149557233 51.512750163674355 20.774165764451027 40.490766618400812 38.032953713089228 31.515663135796785 53.911661889404058 17.724236074835062 243.82700990512967 45.91065900400281 21.364730130881071 63.844003781676292 21.162962779402733 387.70655377581716 39.110551651567221 52.110786244273186 27.728229030966759 38.431628357619047 191.50918814539909 26.317905649542809 17.810564078390598 30.437891248613596 31.064484916627407 21.696087177842855 510.52958479523659 42.500113643705845 37.623939968645573 220.24237913265824 15.564632952213286 1388.0670882742852 44.348544217646122 22.192896880209446 260.67279357463121 113.00673207268119 175.63567925989628 27.361174374818802 43.329012934118509 48.515104178339243 136.09263392910361 847.96014684066176 60.473686892539263 26.450065806508064 43.5263358540833 19.458029821515083 187.87136758863926 55.74948987364769 39.061761364340782 181.78028673492372 23.356130599975586 655.08880005776882 28.665541537106037 471.61645720899105 54.420099832117558 3630.9866060707718 16.191518813371658
leaf_count=572 590 59 679 99 33 512 146 274 486 118 31 220 200 67 236 85 519 279 76 148 111 784 194 85 38 188 278 147 69 153 71 111 617 123 165 432 28 3493 99 108 542 277 238 81 195 137 309 1432 277 42 152 36 844 89 106 616 129 2226 40 1082 116 11780 117
internal_value=0.00974895 0.00864062 -0.00366607 0.00964116 0.0131632 0.015825 0.00103784 0.00296999 0.00643732 0.01257 0.00107103 -0.0010218 0.002209 -0.0127521 -0.0150959 0.0114137 0.00546894 -0.0144572 -0.0367473 -0.0187444 0.0137647 0.00889737 0.00972277 0.0188979 0.00885164 -0.0312393 0.0147515 -0.0214667 0.0134606 0.0108435 -0.0286075 -0.0109183 0.0216604 0.0127025 0.0207045 0.00904138 -0.0345984 0.00719255 -0.0263389 0.0110393 0.0206356 0.00235113 0.024132 -0.00719636 0.0129508 -0.0136605 0.0193991 0.0263789 0.0111099 -0.0329181 -0.0351677 -0.0279276 -0.0333393 0.0167321 -0.00853187 0.0053241 -0.014239 0.00605556 0.0169419 0.0137788 0.00434975 0.00648118 0.00576513
internal_weight=12435.8 11377.7 855.066 10522.7 5011.5 4109.04 902.459 879.482 5511.17 546.268 747.914 727.14 686.649 333.214 123.149 69.237 648.616 176.852 107.153 301.699 3721.46 1910.83 1889.67 1810.62 620.632 79.4525 541.179 76.239 41.0209 1850.56 142.198 96.2869 1058.07 547.54 464.94 273.431 53.1886 1462.85 74.7864 49.9211 423.119 162.447 1189.99 79.472 471.764 91.8441 379.92 1110.52 262.559 86.9238 65.2224 237.855 218.397 505.04 94.8113 5226.82 188.074 5038.75 682.062 653.397 4356.69 3701.6 3647.18
internal_count=33586 32079 3038 29041 11859 8987 2872 2726 17182 1532 2283 2252 2032 1194 439 203 1832 672 755 1127 8475 4834 4723 3641 1486 290 1196 293 102 4529 613 334 1507 890 903 625 193 3745 252 146 1093 551 2155 166 1160 332 828 1989 557 319 263 979 943 767 195 16592 615 15977 1738 1698 14239 12013 11897
is_linear=0
shrinkage=0.05


Tree=49
num_leaves=64
num_cat=0
split_feature=18 17 25 19 1 1 55 58 15 69 3 64 54 3 65 68 67 18 44 53 26 5 5 59 66 2 59 78 58 58 51 50 47 0 17 50 31 55 49 54 0 50 59 51 23 61 76 52 2 51 47 19 61 2 6 74 64 4 53 19 53 18 73
split_gain=91.7215 68.5469 57.8374 56.7828 50.7524 81.7047 74.8167 56.6859 62.6968 47.4134 44.066 49.4528 45.0756 46.43 64.6995 45.7127 45.2594 55.5037 47.5317 47.7448 43.9774 43.5516 55.3785 43.1565 41.9773 40.9983 53.8533 53.4306 45.9087 54.1015 53.514 51.4712 47.6887 45.5842 40.9745 51.9733 44.0669 39.658 56.6581 74.2389 52.2444 46.572 38.0204 37.4089 37.4055 37.1114 95.9702 69.0889 36.9294 37.445 36.425 41.4668 36.7699 36.3609 45.0692 35.4958 35.4662 45.0862 37.1716 44.9018 65.1699 46.0155 42.4546
threshold=-2.1372841596603389 -2.7295937538146968 -1.1186330914497373 -2.1172688007354732 -0.46117383241653437 -0.2339520528912544 0.38649366796016699 0.96885791420936596 1.0000000180025095e-35 1.156225383281708 1.1391202211380007 -1.2637994289398191 -0.29085183143615717 -0.97421881556510914 0.49831157922744757 -0.55019280314445485 -0.30831311643123621 0.086966816335916533 -1.6030861139297483 0.75639337301254284 2.5916482210159306 -2.0264650583267207 -0.73898944258689869 -0.81022146344184864 -1.617602467536926 0.47672359645366674 -0.38095374405384058 -0.45306414365768427 0.44141012430191046 1.2608795166015627 -1.2518516182899473 -1.9204534292221067 0.098157405853271498 -0.15237577259540555 -0.70862254500389088 0.53078770637512218 1.0688766837120058 -0.12715405225753781 -0.28926262259483332 -0.34363198280334467 1.2046946883201601 1.4920600056648257 2.5091353654861455 0.43883222341537481 1.0000000180025095e-35 0.028065581806004051 -0.17088277637958524 1.7648037075996401 0.95580807328224193 0.39303043484687811 1.1278501152992251 0.45484061539173132 -0.47306981682777399 0.95580807328224193 -0.49000519514083857 -0.19806181639432904 1.2380933761596682 -3.5555582046508785 -0.71656176447868336 -0.57582488656043995 0.81123235821723949 -1.2177126407623289 -0.54305341839790333
decision_type=2 2 2 2 2 2 2 2 2 2 2 2 2 2 2 2 2 2 2 2 2 2 2 2 2 2 2 2 2 2 2 2 2 2 2 2 2 2 2 2 2 2 2 2 2 2 2 2 2 2 2 2 2 2 2 2 2 2 2 2 2 2 2
left_child=-1 -2 -3 -4 6 7 24 53 9 -9 12 -12 15 14 50 21 17 -15 -19 -20 25 -7 23 -23 -5 27 48 28 30 43 31 -17 -31 55 35 -8 -36 38 41 -40 -39 -13 -28 -30 45 46 47 -24 49 -27 52 -52 -14 -6 -55 -29 57 -26 -59 -60 62 -62 -61
right_child=1 2 3 4 5 10 34 8 -10 -11 11 37 13 16 -16 20 -18 18 19 -21 -22 22 44 -25 56 26 42 33 29 32 -32 -33 -34 -35 36 -37 -38 40 39 -41 -42 -43 -44 -45 -46 -47 -48 -49 -50 -51 51 -53 -54 54 -56 -57 -58 58 59 60 61 -63 -64
leaf_value=0.023642186142526184 0.031698540945686686 -0.084366105496968408 0.02022388599902095 -0.072910460033858773 0.023534611398358385 0.055060513365131514 -0.047013154032418202 0.013970946889316903 -0.092213701504068976 -0.072327648585648871 -0.090337759930461545 -0.067389497970797144 0.019338774126932193 0.021603353167047021 -0.052966803090488283 -0.066643304158629374 0.023862320095868059 0.034444002928411696 -0.048714248743903975 0.0068771395412142097 -0.069774101578598077 0.010899426224393452 -0.060718230054135819 -0.044405809576271653 -0.070626836769780779 0.015488023535288506 0.022493148132804286 -0.0039612269162973357 0.035994860342274393 0.010422383796575426 -0.035089186271865171 0.047066416687320776 -0.076812349626511414 0.0064287261651658368 -0.053296253061796119 0.036885026626597123 0.028640845809347559 0.023340422260117687 0.011923218303427087 -0.080679683749624254 -0.049356256005465032 0.018713939154190767 -0.050172455460313216 -0.038268923733138296 -0.039913090153587849 0.041388510741745092 0.024173011580081706 0.057194137574132081 -0.070539088556940382 -0.075916070340761851 0.03860005766856061 -0.041794003627259629 -0.07535286071674209 -0.064746419362429405 0.01130332360858291 -0.07967219858740493 0.02118127832236897 0.027832079261301934 0.010476725078711399 0.014245544644444828 0.013714188270566792 -0.063066221126384783 -0.0037770003214188108
leaf_weight=950.7628171145916 284.70503795146942 17.243274793028831 755.78241401910782 17.906050302088261 1383.7887447699904 58.362026151269674 30.977408304810524 114.25686572492123 20.291054148226976 18.38586101680994 17.885948307812214 74.483472764492035 19.16598853468895 213.06787340342999 57.566240295767784 13.081690222024916 888.00539395958185 38.952820878475904 98.587556626647711 63.187740568071604 22.747332934290171 67.483291309326887 63.051737204194069 73.474454920738935 20.992971926927567 57.068286206573248 416.95021360181272 34.94974622875452 99.544614858925343 30.57860929146409 307.98065206035972 40.319595512002707 31.793660936877131 806.3306974619627 124.62041226215661 45.340435206890106 18.747142501175404 157.49877658858895 151.48542316257954 25.146146893501282 29.182983741164207 19.739199485629797 18.680850941687822 20.287946868687868 27.275585416704416 147.19244069978595 318.42321237921715 15.339278507977722 27.578525500372052 13.831869641318915 90.294389829039574 19.357446476817131 21.703607067465782 25.357232943177223 82.702832292765379 27.919788062572479 266.35174218192697 140.88870734721422 993.50591304898262 400.18107518926263 26.67034924775362 71.329939786344767 1778.5904511660337
leaf_count=1325 364 98 1107 121 2844 113 123 318 100 77 89 347 45 450 278 96 2136 129 557 221 165 197 346 417 152 165 1371 113 270 97 1433 110 201 2320 680 67 60 336 325 100 125 38 123 86 159 384 759 17 187 81 204 128 131 143 222 166 542 413 2035 1046 48 377 6258
internal_value=0.00872202 0.00747311 0.00684987 0.00699327 0.00602238 0.00878053 0.00155711 0.0183796 -0.0105839 0.00192579 0.00543809 -0.00899228 0.00705363 0.0139912 -0.00791957 0.0032288 0.0174977 0.00382469 -0.0150234 -0.0269791 -0.00080833 0.0135529 0.0101374 -0.0179041 0.00323459 0 0.0118003 -0.0044603 -0.0167559 0.00368277 -0.0270729 0.019045 -0.0340164 0.00322453 -0.0267866 0.00274837 -0.0425346 -0.00578236 -0.018008 -0.00127009 0.011929 -0.0492975 0.0193548 0.0233587 0.0170671 0.0199399 0.0119629 -0.0375384 -0.0215528 -0.00235533 0.00929908 0.0243369 -0.0308859 0.0213526 -0.00653954 -0.0377363 0.00360655 0.00224063 0.0026926 0.0016072 -0.00226125 -0.0421271 -0.000463952
internal_weight=12314.9 11364.2 11079.5 11062.2 10306.4 6370.34 3936.1 1644.78 152.934 132.643 4725.56 475.422 4250.14 1509.89 208.088 2740.25 1301.8 413.796 200.728 161.775 1969.64 770.602 712.24 140.958 3716.42 1946.9 534.11 1412.79 543.587 182.205 361.382 53.4013 62.3723 869.2 219.685 76.3178 143.368 457.536 270.854 176.632 186.682 94.2227 435.631 119.833 571.282 544.007 396.814 78.391 98.4787 70.9002 150.521 109.652 40.8696 1491.85 108.06 62.8695 3698.51 3432.16 3411.17 3270.28 2276.77 98.0003 2178.77
internal_count=33535 32210 31846 31748 30641 18719 11922 3704 495 395 15015 1360 13655 4279 786 9376 3493 1357 907 778 6984 2392 2279 614 10992 6819 1927 4892 2293 654 1639 206 298 2599 930 190 740 1271 810 425 461 385 1494 356 1665 1506 1122 363 433 246 508 332 176 3209 365 279 10871 10329 10177 9764 7729 425 7304
is_linear=0
shrinkage=0.05


Tree=50
num_leaves=64
num_cat=0
split_feature=18 2 54 19 66 63 58 78 19 79 7 79 19 28 75 55 63 64 58 75 0 6 4 73 17 65 47 76 47 27 6 68 54 61 51 17 79 76 62 18 12 66 40 66 28 67 73 55 78 69 62 65 5 47 61 74 64 53 75 54 0 66 19
split_gain=81.372 51.0257 50.7939 49.7176 47.9999 46.5608 57.414 65.797 52.3703 54.4117 49.0074 46.7308 43.8969 41.6231 41.4381 52.3789 41.9669 41.0342 45.0714 42.6584 40.7169 49.8928 39.9125 39.7319 39.562 57.8157 51.7364 40.9776 40.491 38.3147 54.2199 38.306 39.7495 38.2352 37.87 41.4578 52.0227 46.8741 39.6367 42.7881 37.4947 35.7372 35.473 35.1048 40.9111 40.3731 42.2135 63.7075 63.1031 60.9696 49.2089 45.4412 45.0385 45.0776 60.3552 41.0645 47.0466 41.0083 36.1399 35.2987 35.0899 34.6164 34.4509
threshold=-1.0614153146743772 0.63390856981277477 3.1113498210906987 0.32444526255130773 -1.3151127099990843 -0.12859255820512769 -0.26718315482139582 -0.57047924399375904 0.99341532588005077 0.067128002643585219 -0.357056975364685 0.24531026184558871 -0.30168883502483362 0.67110306024551403 -0.22181293368339536 -0.339456096291542 0.77839753031730663 1.1404044628143313 0.0517841074615717 0.033186297863721854 0.91643527150154125 -0.88589355349540699 0.95017951726913463 -0.65098619461059559 -2.5299543142318721 -0.20797096937894818 -1.3780251145362852 0.51129063963890087 1.7810102105140688 -0.79251188039779652 -0.25962200760841364 -0.2475379481911659 -0.37511688470840449 -0.04218745790421962 0.82316905260086071 -0.084911793470382677 -0.77287405729293812 -0.32908862829208368 0.25625912845134741 -0.23722641170024869 -1.0549764856696127 -1.4270577430725095 -0.10935278981924056 1.2024594545364382 3.9540640115737919 -0.38020157814025873 -0.44194813072681421 0.36538955569267279 -0.30764317512512201 0.17105090431869033 4.281520128250123 0.78767803311347973 1.1529733538627627 -0.22945131361484525 -0.28445419669151301 -0.16313629597425458 0.15243644267320636 -0.25075808167457575 0.3447588980197907 -0.50597962737083424 -1.1717461943626402 0.99643296003341686 0.69874048233032238
decision_type=2 2 2 2 2 2 2 2 2 2 2 2 2 2 2 2 2 2 2 2 2 2 2 2 2 2 2 2 2 2 2 2 2 2 2 2 2 2 2 2 2 2 2 2 2 2 2 2 2 2 2 2 2 2 2 2 2 2 2 2 2 2 2
left_child=3 24 5 4 -1 8 10 11 9 17 -7 29 -12 -9 -14 16 -16 19 42 31 22 -22 -11 -10 25 -2 27 34 43 -8 -31 32 40 -34 35 37 -37 -26 39 -38 -3 -4 -19 44 45 46 50 48 49 62 52 -50 53 -28 57 56 -56 59 -45 -55 -6 -42 -48
right_child=1 2 41 -5 60 6 7 13 23 20 12 -13 14 -15 15 -17 -18 18 -20 -21 21 -23 -24 -25 26 -27 28 -29 -30 30 -32 -33 33 -35 -36 36 38 -39 -40 -41 61 -43 -44 58 -46 -47 47 -49 51 -51 -52 -53 -54 54 55 -57 -58 -59 -60 -61 -62 -63 -64
leaf_value=-0.0051049687849851234 -0.033355922206676041 -0.069842845649175964 0.035315184978308795 0.0030012353167778172 -0.018328574905181538 -0.074352728617962591 0.079338860696778701 0.010070479547603369 0.064412235561512571 -0.057004333635815335 0.019984351222903145 0.081708676713259001 0.022481525038987947 -0.052366882366038897 -0.044239416393766287 -0.057246021630212598 0.068834753272499494 -0.031340121770926412 -0.083851527395390341 -0.043933524572509 0.065312069526847871 -0.031669497019390681 0.027746852555794066 -0.056535457747045909 -0.089495556558882 0.035240024908893657 0.012882845791456505 -0.0761071033878611 -0.029106398422394122 -0.032643638615869101 0.036194081419942674 0.029448350853003263 0.014418079539826198 -0.05564450723000515 0.034571269361941999 -0.060615060543538039 0.022788803408457636 -0.017622428516988177 0.04212561909112688 -0.029428884554680779 -0.043872226606121917 -0.07910234925916429 0.053067733857517833 0.019234615297661226 0.047609594535018326 0.0098891964186339845 -0.018217516944083353 -0.046190177967729437 0.014889749833665967 -0.058469155761184777 0.075313427289195906 -0.046784426331296147 0.034625563234244289 0.0233520535846071 -0.039636200237463684 -0.063673526957689255 0.074398209995481995 0.025639919468373573 -0.032224590502492732 -0.073843730346272687 0.020934434075935357 0.026169254320630567 0.018193327578483218
leaf_weight=204.56921654939651 35.006276711821556 32.363331444561481 8.451362054795025 671.28659883141518 58.020543932914734 25.390281707048416 28.984088558703661 242.81927731446922 7.3507511988282195 102.27849101275206 125.92387904971838 51.459714356809855 42.158160839229822 29.877234265208244 14.878770552575586 80.311485014855862 17.992192992940545 40.963617190718651 26.914013858884573 39.429658196866512 21.725130077451468 33.658253323286772 15.926446147263048 74.391096092760563 26.671474784612656 242.99771893024445 341.30446419492364 21.082372076809406 70.381381072103977 40.248296122997999 97.850179117172956 174.61707746237516 316.52594527043402 20.627969991415739 53.550327308475971 28.470264572650194 79.200451657176018 151.60358037799597 70.328555021435022 77.498295567929745 31.645757932215929 33.239498527720571 17.745735041797161 988.65822792425752 62.223955027759075 3496.7410888653249 222.00050086341798 91.834886437281966 415.29605602473021 72.405812058597803 27.147059768438339 32.051539286971092 120.68676863610744 15.308044128119944 26.551967393606901 74.448253117501736 13.589475430548189 94.010413140058517 35.18043015897274 23.468635559082031 2502.8740622848272 39.553800296038389 91.617995401844382
leaf_count=425 93 239 22 1745 143 174 42 751 15 521 292 110 106 190 85 538 44 138 144 180 40 150 30 624 122 297 879 83 469 254 287 374 909 108 79 112 133 416 132 278 154 198 27 2282 128 10054 973 552 1192 470 34 138 264 47 128 486 18 227 151 148 3644 88 472
internal_value=0.00867751 0.00616195 -0.00126743 0.0152169 0.0181801 0 0.00900097 0.0195995 -0.00720888 -0.0037713 -0.00796159 0.0400356 -0.00192627 0.00319469 -0.0197213 -0.0354911 0.0175221 0.00213068 -0.0303893 0.00639494 -0.0289599 0.0063323 -0.0455292 -0.0455326 0.00808274 0.0265756 0.00732817 -0.00800993 0.00856392 0.0271296 0.0160863 0.00963465 0.001768 0.0101014 -0.00503867 -0.00994698 0.00294834 -0.0284474 0.0109647 -0.00300684 -0.0252972 -0.0557596 -0.00569478 0.00898976 0.00732767 0.00683988 0.000420034 -0.00668681 -0.00232265 -0.0171365 0.00935411 0.0104503 0.00681258 0.00109718 -0.0151419 -0.0417183 -0.00081782 0.00776898 0.0174586 -0.0353833 0.0200422 -0.00490952 -0.0075624
internal_weight=12373.4 8936.62 1835.3 3436.75 2765.46 1793.61 797.894 491.239 995.717 913.975 306.655 218.542 281.264 272.697 155.341 113.182 32.871 740.387 85.6234 654.764 173.588 55.3834 118.205 81.7418 7101.32 278.004 6823.31 508.405 6314.91 167.083 138.098 615.334 440.717 337.154 487.323 433.773 255.498 178.275 227.027 156.699 103.563 41.6909 58.7094 6244.53 5220.69 5158.46 1661.72 925.207 833.372 386.024 736.515 447.348 709.368 588.681 247.377 114.59 40.1414 132.787 1023.84 38.7767 2560.89 71.1996 313.618
internal_count=33648 27691 6834 5957 4212 6614 2873 1634 3741 3102 1239 693 1065 941 773 667 129 2361 309 2052 741 190 551 639 20857 390 20467 1355 19112 583 541 1872 1498 1017 1272 1193 655 538 543 411 481 220 165 18643 16210 16082 6028 3797 3245 1915 2231 1330 2197 1933 1054 632 146 422 2433 195 3787 242 1445
is_linear=0
shrinkage=0.05


Tree=51
num_leaves=64
num_cat=0
split_feature=49 18 33 31 43 52 38 60 2 66 17 72 63 59 3 19 18 78 64 52 18 17 60 64 25 52 55 49 61 53 74 32 49 50 59 3 7 6 66 67 18 6 66 64 53 68 53 18 63 62 66 4 50 51 66 70 78 54 1 4 2 68 4
split_gain=65.1547 54.7618 48.0758 49.4239 47.3029 89.5969 66.9016 43.5686 41.8107 59.1228 55.7607 50.3323 58.7794 49.8541 43.8461 41.3341 41.2984 37.8252 48.7905 47.9401 39.7038 54.2547 44.3198 42.8807 41.217 48.1822 39.1595 56.7707 52.9101 40.1744 44.7791 49.071 39.3587 47.1722 39.8372 52.3507 37.8519 36.962 45.6888 44.9441 38.0684 45.8454 39.1348 61.4398 39.622 50.6422 59.6234 35.2847 37.1414 34.4811 80.1521 38.0318 39.0519 37.348 33.9658 40.6138 45.7987 51.2971 36.6359 33.703 37.0687 33.6604 33.1586
threshold=0.12175295501947404 -1.9756107330322263 0.45173625648021704 -0.57434570789337147 1.0000000180025095e-35 -1.0186198949813841 0.10698402300477029 -0.19589021056890485 -0.69169774651527394 -1.5211392641067503 1.6234607696533205 0.70908862352371227 0.75768798589706432 -0.77765852212905873 -1.6723020076751707 -1.6341625452041624 0.051629278808832176 0.77401238679885875 0.63520765304565441 0.71805676817893993 0.69565606117248546 -1.632750868797302 1.0876474380493166 0.34177130460739141 -0.14735536277294156 -1.0348389148712156 -0.29583917558193201 0.70142602920532238 0.31390886008739477 -0.15838175266981122 -0.11496027186512946 -0.27818442881107325 0.27981537580490118 -0.23019798099994657 0.28889948129653936 0.92833504080772411 1.7423311471939089 -1.112304627895355 0.5593709945678712 2.4953687191009526 0.52159187197685253 -1.03352415561676 -1.1698223352432249 0.043914793059229858 -0.50013637542724598 -0.55019280314445485 0.99845924973487865 -0.77902016043663014 -0.12844917178153989 -0.26375439763069147 1.456122159957886 0.22933644801378253 -1.7833913564682005 0.32134065032005316 1.2203229665756228 2.6402901411056523 -0.042577518150210374 -0.36206497251987452 -0.66967919468879689 0.69146341085433971 -0.35989084839820856 1.1969511508941653 -0.036878675222396844
decision_type=2 2 2 2 2 2 2 2 2 2 2 2 2 2 2 2 2 2 2 2 2 2 2 2 2 2 2 2 2 2 2 2 2 2 2 2 2 2 2 2 2 2 2 2 2 2 2 2 2 2 2 2 2 2 2 2 2 2 2 2 2 2 2
left_child=2 -2 4 -4 8 7 -7 -6 9 -1 -10 12 14 -14 -11 -3 -16 20 19 -19 26 -22 24 -24 36 -26 27 29 -29 30 -17 -32 33 -28 35 -35 -23 38 -34 40 41 -39 43 44 -43 -46 -47 48 -5 50 -18 52 -51 -53 55 56 57 -49 -59 60 -21 -33 -31
right_child=1 15 3 47 5 6 -8 -9 10 11 -12 -13 13 -15 16 17 49 18 -20 59 21 22 23 -25 25 -27 32 28 -30 62 31 61 37 34 -36 -37 -38 39 -40 -41 -42 42 -44 -45 45 46 -48 54 -50 51 -52 53 -54 -55 -56 -57 -58 58 -60 -61 -62 -63 -64
leaf_value=-0.075877374713704593 0.026403682766900596 0.021353236007394059 -0.072921593272768648 -0.018493237072161172 -0.083104717001294237 0.029116802167602207 -0.05140521693970939 -0.00089758386056121471 0.0087637965916738184 -0.071220150163301979 -0.02427447677702568 0.013257791828881075 0.0040495889120541733 -0.069561236577725533 0.0075437603546848952 -0.060189066826214034 -0.047740294884060147 0.016499941129779108 0.035179831935010307 -0.0021636137576521667 0.033572765743393879 -0.027058727008533907 0.066120557456912629 -0.032615116580710653 0.046424157390736479 -0.010799697876377244 0.054004924056958149 0.017005966504121426 -0.061926946120210248 0.0024908433703130983 -0.054019795731505338 0.0028598531130406427 -0.03595307694307754 -0.041110793043147319 0.039563580081987328 0.035343863079376314 0.033076458721205571 0.045898223418906432 0.016556227070717053 -0.032223409533612905 0.032540229739555941 0.039529811902868223 0.011614817796653389 0.040695436700702102 0.012793620357474035 -0.075998725565712702 0.038349016018928525 -0.061660847739266479 -0.10386949273233211 0.064677966125468916 0.046175436230676895 -0.029584245847130486 -0.054764963618852018 0.027642228980360652 0.030419008590711852 0.056528262945822139 -0.047640046285836783 -0.041056074277602259 0.025893609027175135 0.017903819288704919 -0.069206487140344483 0.061354894377404323 -0.065190210912312863
leaf_weight=26.752205774188042 628.484639570117 795.85395543277264 29.816711958497763 58.613865468651056 28.094559866935015 554.63149010390043 26.9216153845191 37.923299750313163 3589.9594598785043 22.930034760385752 132.25436162017286 433.47033678740263 35.467896861955523 64.641921356320381 529.53616827353835 33.011075168848038 132.78334012255073 623.10512056574225 282.68286942690611 41.051992028951645 83.516238436102867 354.79028362035751 34.992887981235981 15.865149237215517 53.025828432291746 119.28912712447345 118.18092143535614 368.1452209725976 22.409801796078682 25.651566058397293 33.663849662989378 177.41583277285099 92.725316122174263 53.847714729607105 75.680459190160036 38.133218444883823 28.094684842973948 86.357299298048019 74.585714615881443 55.343766443431377 227.58676976710558 18.278324939310551 1207.2714832499623 40.796931967139244 33.87931002676487 75.82682641595602 13.28828554600477 27.369656125083566 16.282514452934265 7.9377116970717898 27.267769619822502 38.533274430781603 45.220200181007385 108.22961810603738 74.580198682844639 22.170381437987089 70.75844694301486 25.006105769425631 108.95913417637348 44.321482867002487 41.659144643694162 28.4968376532197 60.172906063497066
leaf_count=175 813 1158 172 167 165 1076 125 147 10656 154 931 968 112 413 1259 141 760 1309 374 98 136 1782 90 90 185 576 209 774 104 68 155 503 354 206 118 60 75 131 158 165 531 33 2520 66 69 351 18 268 82 26 62 213 331 266 204 45 376 147 403 73 175 31 218
internal_value=0.00874258 0.0124196 0.00516337 -0.0108951 0.00635604 0.0191003 0.0253724 -0.0360301 0.00476613 -0.00236224 0.00758795 -0.000993552 -0.00710018 -0.0434538 -0.00310177 0.0108142 -0.00133237 0.0090217 0.0174722 0.0107887 0.00662894 -0.00417075 -0.00938483 0.0352183 -0.0134852 0.0067973 0.00914599 -0.000729272 0.0124494 -0.0151032 -0.00568275 0.00182875 0.0124922 0.0298115 0.0127063 -0.00935616 -0.0226257 0.00991766 -0.0125191 0.0120557 0.0134991 0.0105572 0.00835373 -0.013237 -0.0288649 -0.0390935 -0.058868 -0.0062851 -0.0372345 -0.0144019 -0.0316899 -0.000527747 -0.0367475 0.0125732 0.000757813 -0.00793124 -0.0141319 0.000553624 0.0133381 -0.0171768 -0.0360343 0.0110053 -0.0449239
internal_weight=12383.6 6107.48 6276.11 433.557 5842.56 647.571 581.553 66.0179 5194.98 1472.77 3722.21 1446.02 1012.55 100.11 912.438 5479 889.508 4683.14 1032.82 750.138 3650.32 689.574 606.058 50.858 555.2 172.315 2960.75 748.967 390.555 358.412 272.588 239.577 2211.78 285.842 167.661 91.9809 382.885 1925.94 167.311 1758.63 1703.29 1475.7 1389.34 182.07 141.273 122.994 89.1151 403.74 74.8964 359.972 160.051 199.921 53.1579 146.763 328.844 254.264 232.093 161.335 133.965 127.033 82.7111 205.913 85.8245
internal_count=33620 13917 19703 1864 17839 1513 1201 312 16326 4739 11587 4564 3596 525 3071 13104 2917 11946 2029 1655 9917 2934 2798 180 2618 761 6983 1994 878 1116 830 689 4989 593 384 266 1857 4396 512 3884 3719 3188 3057 537 471 438 369 1692 249 1658 822 836 357 479 1443 1239 1194 818 550 346 273 534 286
is_linear=0
shrinkage=0.05


Tree=52
num_leaves=64
num_cat=0
split_feature=19 7 18 5 78 55 2 18 69 64 43 40 44 4 79 58 22 2 79 52 17 52 51 59 13 32 2 7 44 32 4 43 55 79 74 55 69 70 56 15 20 79 71 58 39 52 0 19 51 74 4 64 54 55 51 67 67 19 58 79 44 53 59
split_gain=53.8365 40.2615 39.5328 54.8803 45.3621 39.905 69.4966 39.024 49.6026 38.9754 36.7694 34.5923 32.0066 31.0284 34.8929 33.6203 30.8995 53.078 40.2703 52.7778 29.5414 29.3314 28.9704 28.5242 28.2669 53.0939 65.5289 38.7614 36.7725 58.5338 51.4662 44.3308 44.3151 37.9503 35.622 39.397 33.8734 27.8312 27.8083 27.6516 27.643 54.367 47.7236 41.2703 40.5817 37.8649 35.4399 34.9504 40.8764 42.1605 49.4148 32.5964 32.5081 31.6175 32.5864 30.7865 37.0656 31.5758 28.8733 32.7093 52.2897 49.0169 31.1662
threshold=-1.8466831445693968 -0.63697540760040272 -0.62560907006263722 1.2822027206420901 2.1978039741516118 0.59668883681297313 -0.13947886973619458 -1.2744106650352476 1.6488126516342165 -1.2637994289398191 6.7303278446197519 11.590196132659914 1.0645641684532168 -2.3894609212875362 2.3834972381591801 1.862500846385956 -0.048468103632330888 -0.89251115918159474 -0.51832798123359669 0.55960997939109813 -0.70862254500389088 -0.06793914362788199 0.54636687040328991 -0.36651763319969172 1.3625727295875552 -0.89942246675491322 -0.15806867182254788 -0.077138562221080051 0.64182177186012279 0.047225976362824447 0.16043923050165179 1.0000000180025095e-35 -0.17280244827270505 -0.84923788905143727 -0.11000163108110426 -0.041931373998522752 -0.81412357091903675 -0.74477985501289357 0.045524626970291145 1.0000000180025095e-35 -0.084187038242816911 -0.84923788905143727 4.8773009777069101 2.8487308025360112 -0.24773525446653363 -0.94501078128814686 1.3209410309791567 -0.30168883502483362 0.85104840993881237 0.032572792842984206 0.99283018708229076 0.45024637877941137 -0.33813643455505366 0.74920055270195018 -1.0626702904701231 -1.1782692670822141 1.4661796092987063 -1.5673248171806333 -1.1226334571838377 -0.84923788905143727 -0.45998097956180567 -0.102315966039896 0.64761418104171764
decision_type=2 2 2 2 2 2 2 2 2 2 2 2 2 2 2 2 2 2 2 2 2 2 2 2 2 2 2 2 2 2 2 2 2 2 2 2 2 2 2 2 2 2 2 2 2 2 2 2 2 2 2 2 2 2 2 2 2 2 2 2 2 2 2
left_child=1 7 3 4 5 13 20 -1 12 -3 11 24 -9 14 -2 16 -15 -18 -19 23 -7 -17 -6 -20 38 -26 27 36 30 32 33 34 37 -28 -32 -36 -27 -30 40 -8 42 -42 43 58 51 -45 47 48 49 50 55 52 -43 -49 -55 -46 57 -57 59 -4 -61 -62 -60
right_child=2 9 10 -5 22 6 39 8 -10 -11 -12 -13 -14 15 -16 21 17 18 19 -21 -22 -23 -24 -25 25 26 28 -29 29 -31 31 -33 -34 -35 35 -37 -38 -39 -40 -41 41 44 -44 45 46 -47 -48 53 -50 -51 -52 -53 -54 54 -56 56 -58 -59 62 60 61 -63 -64
leaf_value=0.033881584990863252 -0.050148881613224963 -0.018751886593118803 0.062191742611963689 0.029047124177429481 0.03560800755498221 -0.0096405289233067303 -0.025960630805011112 -0.082659330780241097 0.036767069704656999 0.021643653380871423 0.051773475501235316 0.075615543289194953 0.0018012871433920109 0.011072171163560678 0.04237406039745599 -0.0058195901617389958 -0.07395965684061423 0.021395019298044438 -0.049975910215901691 -0.073676746641497495 -0.097210074772590319 -0.083952877866139197 -0.0052245710215353177 0.009898150012626292 0.037670687724753682 -0.007483045373846484 0.057073542350045151 0.0022147653929274719 0.037719843867251156 -0.049248038314426555 -0.05921153744284452 0.067911288659881705 0.069078949297651349 -0.06659556811032058 -0.022376397924822159 0.04426689623558977 -0.063475159108270438 -0.036768989288181134 0.047179158778883012 0.040025414136048737 -0.046715750211249477 0.06475768656216338 -0.07270604604003808 0.018034320227783597 0.033582098910927581 -0.064153577916329335 0.030482394802407109 0.014292427836584937 0.040080727414001802 0.027356991989715463 0.060375731760249345 -0.0035238022651835617 0.0096099532443172687 0.051569512658057176 -0.063879375053810014 -0.0036154104031923561 0.012853323822116625 -0.060193070255109095 0.00073818508673952239 0.041865163423505249 -0.054622025254934398 0.025402007553683492 0.010799459264289287
leaf_weight=31.006970301270485 43.575860358774662 62.675304897129536 41.050654217600822 363.28686571493745 229.21000841259956 14.152689129114149 28.328611213713884 37.592076286673546 18.672491490840912 1184.3751251846552 40.402346938848495 16.72013520821929 15.799852505326269 2780.462658688426 13.150508895516394 40.745721682906151 25.84715861082077 129.43139622360468 24.575059533119202 31.789481416344643 31.122967030853033 17.038449540734291 53.307617425918579 102.39200245961547 59.997480012476444 36.899501956999302 6.9428209252655497 50.489843893796206 27.815780628472567 23.223065841943026 26.19945814833045 22.930264931172132 55.306710109114647 50.822075679898262 50.223380936309695 39.502063140273094 103.20669179782271 22.642414644360542 38.35343062877655 35.744795866310596 39.632216036319733 88.407682005316019 20.743957996368408 20.751921486109495 16.126104794442654 42.315194537863135 167.4200338087976 641.45909998007119 37.152645763009787 45.937178872525692 15.415271356701849 40.134504593908787 38.661227829754353 7.9483929499983779 25.011594753712416 31.422908917069435 29.455789461731911 118.06512739881873 3682.7215723115951 73.650835871696472 40.693451799452305 35.864678651094437 973.42007184959948
leaf_count=33 202 156 55 542 277 32 87 145 22 1688 65 35 30 5395 18 100 100 228 96 125 148 67 109 228 128 144 12 159 58 145 141 35 96 412 254 121 617 106 55 48 231 164 89 76 30 243 579 2474 63 97 16 129 115 21 196 77 67 598 12466 143 164 67 2980
internal_value=0.00770353 0.0171242 0.00653704 0.0105218 0.0086507 0.0070107 -0.0226673 -0.0128698 -0.0330738 0.0196081 0.00426176 0.00398228 -0.0576155 0.00802423 -0.0285751 0.00868532 0.00939248 -0.00546232 0.000687286 -0.0161667 -0.0700285 -0.0290499 0.0278866 -0.00168161 0.00380657 -0.00679015 -0.0119737 -0.035251 0.00164303 0.0223924 -0.0119481 0.00452511 0.0382015 -0.0515723 -0.00801748 0.00692459 -0.0487801 0.00418851 0.00477483 0.0107783 0.00451404 0.0108767 0.00278095 0.00310234 0.0126362 -0.0370452 0.0092418 0.00556018 -0.00882811 -0.0159468 -0.0254298 0.0356375 0.0480388 0.0118312 -0.0358155 -0.0322636 -0.0382409 -0.048344 0.00362646 0.0226651 0.0117953 -0.0170842 0.00284287
internal_weight=12259.4 1350.12 10909.3 3964.16 3600.87 3318.36 109.349 103.071 72.0644 1247.05 6945.14 6904.74 53.3919 3209.01 56.7264 3152.28 3094.5 314.035 288.188 158.757 45.2757 57.7842 282.518 126.967 6888.02 576.202 516.204 190.596 325.608 128.988 196.62 138.855 105.765 57.7649 115.925 89.7254 140.106 50.4582 6311.82 64.0734 6273.46 1342.25 4931.21 4910.47 1302.62 63.0671 1135.41 967.994 293.575 256.422 210.485 167.203 127.069 674.419 32.96 195.07 178.944 149.488 4847.4 191.26 150.209 76.5581 4656.14
internal_count=33599 2074 31525 7802 7260 6874 315 230 197 1844 23723 23658 175 6559 220 6339 6172 777 677 449 180 167 386 324 23623 2428 2300 920 1380 405 975 551 260 424 516 375 761 164 21195 135 21140 4857 16283 16194 4626 319 4218 3639 948 885 788 408 279 2691 217 772 742 675 15875 429 374 231 15446
is_linear=0
shrinkage=0.05


Tree=53
num_leaves=64
num_cat=0
split_feature=19 78 64 27 79 52 64 63 76 52 54 1 3 19 76 49 19 76 26 78 4 25 44 63 51 61 73 73 58 32 65 2 46 55 50 39 4 0 44 33 41 67 13 76 2 72 52 64 0 1 51 32 27 58 65 50 64 70 50 75 1 5 75
split_gain=62.7335 43.8983 52.1363 46.003 43.1191 52.3761 58.675 53.2547 45.8616 40.7849 51.8811 41.7244 40.5245 39.0906 38.9272 37.4008 43.5509 36.8161 41.6294 40.5312 40.4743 38.2135 36.6153 43.5463 35.3909 36.1413 33.9802 50.2583 40.9617 39.1839 46.5677 64.4086 47.0662 40.3522 37.3144 40.4657 34.724 34.4785 39.0827 36.159 33.6815 41.9411 32.7953 32.4854 31.7835 55.4525 44.7341 43.4405 56.9073 55.0999 49.9179 48.2199 45.0385 45.019 42.932 44.8093 42.0434 46.7949 49.0929 40.8022 38.2906 37.8729 49.0528
threshold=-0.82176959514617909 2.0779098272323613 0.34177130460739141 -0.7521272301673888 -0.56923720240592945 0.82784667611122142 0.82283058762550365 -0.18984545767307279 0.96369764208793651 -1.1246669888496397 -0.2839823961257934 -0.57155904173851002 -0.025913914665579792 0.54380232095718395 -1.2723467946052549 0.17444138228893283 0.23310405015945437 -0.15770491957664487 1.0375208854675295 -0.054839128628373139 0.58460241556167614 2.2004226446151738 0.84104520082473766 1.4761598706245425 0.63199633359909069 -0.20335619151592252 -0.41870702803134913 -0.37410426139831537 -0.65307772159576405 0.86075198650360119 0.079491738229990019 -1.0195416808128355 1.0000000180025095e-35 0.2000047713518143 0.51893034577369701 -0.95547944307327259 0.69146341085433971 -0.70917353034019459 0.58594202995300304 -0.23617917299270627 1.6701645851135256 0.79560869932174694 1.0555417239665987 -0.21821618080139157 -0.20119279623031613 1.4255876541137698 -0.70047870278358448 0.87002345919609081 0.012287683784961702 -0.10548821464180945 -0.2999707162380218 -0.32748904824256891 -1.1828967332839964 -0.073381770402193056 -1.4453932046890257 -1.7833913564682005 0.90021073818206798 1.1895459294319155 -0.79695543646812428 -0.23543687164783475 -1.2461352348327634 -0.82712611556053151 -0.11924249306321143
decision_type=2 2 2 2 2 2 2 2 2 2 2 2 2 2 2 2 2 2 2 2 2 2 2 2 2 2 2 2 2 2 2 2 2 2 2 2 2 2 2 2 2 2 2 2 2 2 2 2 2 2 2 2 2 2 2 2 2 2 2 2 2 2 2
left_child=17 4 3 -3 5 9 7 14 44 10 12 -12 -2 -14 -7 16 -9 21 22 20 -20 -1 40 -24 -5 -26 -11 28 -28 30 37 43 33 34 35 -33 -37 38 -29 -39 -19 -42 -30 -32 45 47 54 48 50 -50 -6 -49 -52 -54 55 -46 57 61 -59 -47 -48 62 -56
right_child=1 2 -4 24 8 6 -8 15 -10 26 11 -13 13 -15 -16 -17 -18 18 19 -21 -22 -23 23 -25 25 -27 27 29 42 -31 31 32 -34 -35 -36 36 -38 39 -40 -41 41 -43 -44 -45 46 59 60 51 49 -51 52 -53 53 -55 56 -57 -58 58 -60 -61 -62 -63 -64
leaf_value=0.0011337153037780901 -0.057544792796110404 -0.057704259997190838 0.035930645819585737 0.01637628154445071 -0.045134520559583821 0.017103077827992853 0.009736042700797122 0.0315971946278737 -0.057225122061491364 0.023709584872439522 -0.04147432241025114 0.031544382910767763 -0.047840876010818448 0.024634552016770644 -0.060676831560933356 -0.034701360227190808 -0.038571365323119777 0.014305102098889522 -0.03590233152777314 -0.058981002955156452 0.042357413769961549 0.048603351723025656 0.028332816806196683 -0.029423856756078268 -0.092111334650566298 0.004312343559698042 0.011254214519192843 -0.047165064982981751 -0.082826252947364107 0.041232034512516967 -0.01634074558043987 0.054284467685310395 -0.06281386280491276 -0.042987029485224287 0.050702394650354192 0.011592872896825182 -0.025651101345453699 0.034592804676977049 0.028284791192522075 -0.017839815557560101 -0.061696089659680625 0.027620645951986218 0.0089935769353887852 -0.0920012060113687 0.040513184372344906 0.043534471714936664 -0.079093580124383236 -0.041532712655542293 0.049277207647863308 -0.0035338939791736378 0.055355641061500815 0.020728665610806756 -0.0064405357661272596 -0.036057532458919142 0.030820001305354672 -0.069659285337954499 -0.028782355790421335 -0.043749605370560829 0.013713904181389194 0.0044905983284216295 0.0014665386379553713 0.029843692425595394 -0.030781360782229428
leaf_weight=778.77617679536343 59.887364123016596 25.808521658182144 245.18902726471424 342.06018453836441 149.6558511890471 19.323690347373486 384.55787178874016 86.367189038544893 32.984824575483799 756.68095955625176 24.017262063920498 102.76889163255692 29.942564703524113 48.731669643893838 92.147526176646352 60.938834868371487 29.568508803844452 1909.0297000221908 29.802389658987522 35.187316834926605 36.764364518225193 44.755719315260649 769.26746682077646 33.918198421597481 15.687039062380789 25.018878065049648 39.583945535123348 34.641574524343014 34.734017249196768 110.58099015057087 32.628227442502975 41.54698684066534 23.437823314219713 33.591342553496361 59.046048894524574 241.18473831564188 84.375775020569563 305.41280714794993 33.761316623538733 36.653513561934233 32.377908427268267 21.911429166793823 13.335320290178059 25.348184362053871 13.321943517774342 95.172736600041389 14.758475150912998 35.90999161452055 53.508138656616211 627.26231552660465 23.100176773965359 226.39182544872165 415.74589818529785 185.89329620637 64.265137769281864 29.252925369888544 49.002396069467068 54.78844347782433 114.89722028374672 226.08909116312861 1995.9678820688277 578.82914703711867 64.80170332454145
leaf_count=1691 430 103 346 727 855 48 932 197 152 1673 126 277 144 156 429 231 171 3474 109 128 49 63 1071 96 74 64 115 193 192 304 120 56 133 184 93 709 266 700 87 157 135 38 40 132 39 126 87 138 73 2302 32 497 1428 809 170 194 211 369 383 562 6485 1740 422
internal_value=0.0076041 0.00525108 0.0177037 0.00674726 0.00421925 0.00914302 -0.00303921 -0.020092 0.00144532 0.0129196 -0.00543078 0.0176512 -0.0265847 -0.00291106 -0.0471455 -0.00299684 0.0136403 0.013052 0.015728 -0.0156436 0.0072437 0.00372516 0.0168842 0.0258842 0.01112 -0.0328591 0.0154764 0.0100525 -0.0262979 0.013059 0.009776 0.00013313 0.0061209 0.00965897 0.0138296 0.00787313 0.00192006 0.0224738 -0.00986569 0.0289563 0.0131987 -0.025571 -0.0572841 -0.0496082 0.00183306 -0.0029759 0.00512484 -0.00654456 -0.00992259 0.00061631 -0.0191927 0.0121732 -0.0129641 -0.0156043 0.0139486 -0.0350543 0.0162092 0.0187301 -0.00482542 0.0160827 0.000868847 0.0243834 -6.99027e-05
internal_weight=12241.9 8550.16 653.764 408.575 7896.39 2844.79 672.904 288.346 5051.6 2171.89 265.348 126.786 138.562 78.6742 111.471 176.875 115.936 3691.79 2868.26 101.754 66.5668 823.532 2766.5 803.186 382.766 40.7059 1906.54 1149.86 87.6533 1062.21 951.628 541.159 483.183 459.745 426.154 367.108 325.561 410.469 68.4029 342.066 1963.32 54.2893 48.0693 57.9764 5018.61 2038.73 2979.89 1717.47 1455.17 680.77 774.395 262.302 624.739 601.639 969.159 42.5749 926.584 877.582 169.686 321.262 2010.73 707.896 129.067
internal_count=33537 26683 1314 968 25369 8295 2008 1076 17074 6287 1133 403 730 300 477 599 368 6854 5100 286 158 1754 4814 1167 865 138 5154 3481 347 3134 2830 1693 1441 1308 1124 1031 975 1137 280 857 3647 173 232 252 16922 6822 10100 6134 5499 2375 3124 635 2269 2237 3528 233 3295 3084 752 688 6572 2332 592
is_linear=0
shrinkage=0.05


Tree=54
num_leaves=64
num_cat=0
split_feature=19 26 79 40 13 40 44 63 74 55 78 66 51 65 0 23 11 78 5 76 44 62 40 66 78 76 55 69 56 44 4 3 52 79 78 62 62 53 53 51 68 42 5 2 2 18 55 18 1 18 18 76 27 59 44 27 58 74 74 52 3 66 18
split_gain=53.6516 43.1475 59.5487 51.9437 57.4593 64.8822 56.7553 49.4997 49.3703 47.8857 45.5381 45.231 59.518 55.4135 51.8685 44.1572 49.0779 54.14 43.525 40.5824 64.4605 42.0844 41.2 57.2559 44.9042 41.7196 41.3007 41.0598 39.9341 39.6905 38.7833 67.712 84.7429 54.3884 63.9686 49.1229 51.5774 49.7097 54.8693 43.7591 39.2857 49.5458 41.1878 50.2055 68.1064 49.6607 38.475 50.4467 37.4843 44.08 38.6503 38.2777 36.0334 36.7451 49.7064 36.3782 37.8672 36.9476 36.5802 38.2773 35.9434 35.7138 35.6597
threshold=-2.020808100700378 -0.20908332616090772 -0.41650955379009241 -0.12154934555292128 -0.17258223891258237 -0.10732003301382063 -0.76246044039726246 -0.17404606193304059 1.1891049742698672 -0.2580613493919372 2.1978039741516118 -1.4985120296478269 0.89286744594573986 0.47546686232090002 -0.0062863004859536878 -2.2574533224105831 -1.083481431007385 1.4377605319023135 1.2413934469223025 0.42116253077983862 -1.9019212722778318 1.0732466578483584 -0.25774426758289332 -1.2746219635009763 -0.59020939469337452 0.34683832526206976 -0.15898227691650388 0.66363814473152172 0.033218644559383399 -2.5967739820480342 0.36010056734085089 0.89175626635551464 1.5439763069152834 0.37258328497409826 0.46481300890445715 -0.11924829334020613 0.42004755139350897 -0.47551758587360377 -0.24818337708711621 -2.8539189100265498 0.50909915566444408 1.0000000180025095e-35 1.0277115702629092 0.63390856981277477 -0.74299991130828846 -0.25342804193496699 -0.369779422879219 -0.97667732834815968 -0.53940013051033009 0.36191967129707342 0.27151557803153997 -1.517469525337219 -0.77905035018920887 -0.85866042971611012 0.38185949623584753 0.028642486780881885 0.81585064530372631 -0.61527472734451283 1.0202124714851382 -1.1171813011169431 0.15446519851684573 0.39383527636528021 0.85009101033210765
decision_type=2 2 2 2 2 2 2 2 2 2 2 2 2 2 2 2 2 2 2 2 2 2 2 2 2 2 2 2 2 2 2 2 2 2 2 2 2 2 2 2 2 2 2 2 2 2 2 2 2 2 2 2 2 2 2 2 2 2 2 2 2 2 2
left_child=-1 11 48 8 6 -6 9 46 10 -5 -4 12 13 14 -2 -9 -17 -18 61 21 29 22 23 26 25 27 -13 -25 30 -21 31 39 35 40 -35 37 -37 -33 -39 -24 41 42 62 44 45 -44 -7 -48 49 50 -3 -50 -23 54 -54 56 58 -58 59 -55 -16 -8 -32
right_child=1 2 3 4 5 7 18 15 -10 -11 -12 19 -14 -15 60 16 17 -19 -20 20 -22 52 28 24 -26 -27 -28 -29 -30 -31 33 32 -34 34 -36 36 -38 38 -40 -41 -42 -43 43 -45 -46 -47 47 -49 51 -51 -52 -53 53 55 -56 -57 57 -59 -60 -61 -62 -63 -64
leaf_value=0.018900957693466218 -0.055067950196362674 0 -0.058349750028242789 -0.036277901127208759 0.060902804215750263 0.0671986845561377 -0.002551587084711033 0.063919743221237849 0.044230519134891136 0.046724248747762383 0.033265337773539176 -0.07962881593133686 0.092499522607294868 0.0096001527261005241 -0.03691330277856715 -0.0037127968920471197 -0.066313171040741331 0.01173191452090302 0.0362232967039108 0.020055332801736422 0.017739246767826674 0.026537332382280284 -0.039508913297364848 9.4824114535665442e-05 0.011695305023712074 -0.073950310388249785 -0.0069553007730120313 -0.046865254672333267 0.053597239784032503 -0.061125512333393001 0.01766835834219585 0.04405243544506552 0.032135567190789818 0.0026460475114366598 -0.073026916741961143 -0.079889807218301703 -0.0068933498204874367 -0.088253571663404029 -0.0096921956765366329 0.010495122532177811 0.036271361302650011 0.033425471126811698 -0.0065933517903309551 -0.058184771203006774 0.019269640873587214 -0.08584467784966604 0.028306140885465847 -0.030465140243353547 -0.054841237479993914 -0.033947511185056796 0.06542891131028182 0.018468296586359272 -0.011632355375720858 -0.07197841940389603 -0.093120160829197995 0.027348138205231378 0.026087977764200149 -0.076228336133792707 0.052643267942349983 -0.0042140634452739389 0.020127925239545919 -0.050725586393877066 -0.01352979530488547
leaf_weight=1034.8007315099239 100.0810950435698 219.02877828478813 109.86831014603376 20.059974178671837 25.684573877602816 18.692986320704222 163.75256709754467 10.630919333547352 16.654354758560658 124.04822123423219 15.333563361316918 35.882838618010283 14.034376263618467 166.20266451314092 49.961184192448854 67.921703336760402 142.15874031931162 26.177514109760523 54.134391274303198 23.035041034221649 1725.0076084230095 77.767211738973856 44.514468673616648 560.6187438480556 777.45083890855312 21.866486478596926 43.219675179570913 50.642089553177357 53.848304085433483 42.744462631642818 1217.0071119330823 34.237874459475279 81.748531047254801 167.42160381749272 33.391588360071182 65.745588576421142 38.541077807545662 26.233881499618292 144.15123499184847 2174.7724218312651 241.26404020935297 303.28893433883786 57.945203527808189 38.460311345756054 193.12201442569494 30.040121454745531 58.077459059655666 97.785281844437122 18.213210914283991 91.44587485678494 25.052605867385864 611.18869238160551 52.905432395637035 22.507751682773232 29.032738339155912 75.608300486579537 11.444817550480364 36.905538875609636 25.681835569441319 270.00435984879732 61.421989794820547 50.294191800057888 98.790243692696095
leaf_count=1515 545 549 576 108 46 30 583 21 46 291 23 221 9 511 250 360 868 72 100 68 3731 199 252 1881 2023 115 157 223 55 228 2364 57 130 428 133 309 123 137 386 6584 329 445 124 166 358 154 88 485 98 542 39 1722 188 159 144 235 23 227 51 898 159 223 418
internal_value=0.00800212 0.00700211 0.000268736 -0.00827031 -0.00363518 -0.0160523 0.00981975 -0.0207675 -0.0362941 0.0351185 -0.0470721 0.00842229 -0.00819912 -0.0119779 -0.0289575 -0.0351715 -0.0396767 -0.0541471 -0.003764 0.00915226 0.0158844 0.00746194 0.00862756 0.00131752 0.00364321 -0.00623678 -0.0400438 -0.0037946 0.0107852 -0.032634 0.0103212 0.00610789 -0.0130797 0.0149376 -0.00994219 -0.025068 -0.052993 -0.0107926 -0.0218621 0.00948815 0.0172322 0.0148584 0.0114102 -0.00467794 0.00264302 -0.033775 -0.000357535 -0.00852966 0.00913453 -0.00435021 0.00672739 0.0163306 -0.00518393 -0.0099046 -0.0406448 -0.00418873 -0.0107133 -0.0519024 -0.00442442 -0.00946819 -0.00542336 -0.0139127 0.0153213
internal_weight=12319.6 11284.8 1966.2 1001.27 859.419 447.129 412.289 421.445 141.856 144.108 125.202 9318.55 391.701 377.667 211.464 246.889 236.258 168.336 268.181 8926.85 1790.79 7136.06 6534.21 1489.68 1410.58 633.127 79.1025 611.261 5044.52 65.7795 4990.68 2609.95 390.658 2380.73 200.813 308.91 104.287 204.623 170.385 2219.29 2179.92 1938.65 1635.37 319.568 281.107 87.9853 174.556 155.863 964.929 335.527 244.081 629.402 601.858 524.091 81.9382 442.153 366.544 48.3504 318.194 292.512 111.383 214.047 1315.8
internal_count=33582 32067 6870 3920 3275 1970 1305 1924 645 399 599 25197 1474 1465 954 1321 1300 940 906 23723 4027 19696 17572 4620 4242 2219 378 2104 12952 296 12897 7978 1142 4919 561 1012 432 580 523 6836 4358 4029 3584 802 636 278 603 573 2950 1130 588 1820 2124 1925 332 1593 1358 250 1108 1057 409 806 2782
is_linear=0
shrinkage=0.05


Tree=55
num_leaves=64
num_cat=0
split_feature=18 17 8 58 1 3 31 5 72 42 79 7 53 19 63 13 75 6 79 68 0 62 0 58 18 3 5 62 61 61 66 52 41 75 61 3 49 47 67 78 2 73 66 67 5 66 54 20 7 66 65 44 76 19 58 47 62 53 63 52 2 49 76
split_gain=62.912 48.7953 57.7907 60.6004 69.6387 53.7998 49.1704 47.7996 46.849 45.91 48.875 44.7606 70.8035 54.1089 50.0595 66.5055 44.2658 44.2311 42.68 51.1728 52.4184 52.204 42.6408 42.0172 58.101 56.4367 46.8955 42.0062 41.775 49.7482 40.9083 58.2119 38.1367 39.0474 50.0249 36.7416 36.4383 36.2961 36.251 53.6641 47.3509 63.9259 38.8559 38.4405 36.177 36.177 66.4694 36.036 34.6051 34.5967 34.5847 56.5286 34.3586 47.7244 36.6331 33.6532 37.6326 33.6499 40.0871 59.2194 33.5163 33.7268 33.3144
threshold=-2.3423089981079097 0.20051464438438418 1.0000000180025095e-35 1.0286601185798647 0.9370386302471162 -0.26321874558925623 -1.3401193022727964 1.1529733538627627 0.70908862352371227 1.0000000180025095e-35 0.88167545199394237 -0.21709776669740674 -0.19393736869096753 -0.4750856459140777 -0.012594494502991436 1.0000000180025095e-35 -0.10298417508602141 1.4497153759002688 2.4598610401153569 0.86678215861320507 -0.90651440620422352 0.61967903375625621 0.39590822160243994 1.3708961606025698 0.48886795341968542 -1.4010474681854246 -1.3837191462516782 0.27573132514953619 -0.20335619151592252 -0.37896911799907679 1.0928962230682375 -0.84021133184432972 0.40593887865543371 -0.03838482312858104 -0.17580598592758176 -0.050833208486437791 1.7552981376647951 1.8541675209999087 -0.72596940398216236 0.34217764437198644 -0.92716893553733815 -0.46772381663322443 -1.0459682941436765 2.2303565740585332 -1.2363523244857786 0.81422454118728649 -0.27241885662078852 -1.175210118293762 -0.21709776669740674 -1.5532935857772825 -0.0080796831753104908 0.53127706050872814 0.050519835203886039 -0.013207052834331988 -1.1049916744232176 -0.61284267902374256 0.36982128024101263 0.81123235821723949 0.6858622431755067 1.3481011390686037 -0.10925242677330969 0.12175295501947404 -0.13646647334098813
decision_type=2 2 2 2 2 2 2 2 2 2 2 2 2 2 2 2 2 2 2 2 2 2 2 2 2 2 2 2 2 2 2 2 2 2 2 2 2 2 2 2 2 2 2 2 2 2 2 2 2 2 2 2 2 2 2 2 2 2 2 2 2 2 2
left_child=-1 2 18 6 44 7 -4 17 9 11 -11 12 14 22 -8 -16 35 23 19 21 -21 27 57 25 -25 -3 -27 37 29 50 31 -22 33 -13 62 -7 -12 38 39 -2 41 -40 -42 -44 -5 46 -31 -30 -46 -28 51 -18 53 -29 -55 56 -6 58 59 -14 -23 -62 -35
right_child=1 5 3 4 55 16 8 -9 -10 10 36 32 13 -15 15 -17 28 -19 -20 20 30 60 -24 24 -26 26 49 52 47 45 -32 -33 -34 34 -36 -37 -38 -39 40 -41 42 -43 43 -45 48 -47 -48 -49 -50 -51 -52 -53 -54 54 -56 -57 -58 -59 -60 -61 61 -63 -64
leaf_value=0.023490589271442586 -0.067600475333185195 0.020715260446303743 0.037336581785514925 -0.060339321271921112 -0.054898424974024945 -0.05350851414729163 0.019338502480269498 0.038085996834522406 0.016922502644649354 0.023013156055716945 -0.043192463048558359 0.0076043763403125936 -0.10017700394935203 -0.051735483985776154 -0.075286161336637333 0.0096159634188054417 -0.049499766245319904 0.049368869588089115 -0.050894845551941285 0.052850097143101731 -0.055576189072786025 -0.075328831741583793 -0.057854804740675628 0.051409894527343951 -0.024908830401845578 0.014812189022708564 0.034486052638612874 0.037890539281894536 0.045315963816904496 -0.046776262897989355 0.071802688854499724 0.01308467435393814 0.020446089810523191 -0.085312019354906898 0.0087521163372038871 0.0090725603806379521 0.041100113503360111 -0.054932510052134703 0.021771603198678911 0.015974024493839233 -0.033960158013685918 -0.064618031027049203 0.012217891857264802 -0.063340308619658336 -0.038012349972590911 0.042667422666953281 0.027432046273970518 -0.04507605278965722 -0.0040661584678165401 -0.032682728575296575 -0.053989809466028937 0.067347568881711825 0.039252694913821162 0.038527260402555087 -0.069503225403477961 0.022945726257037787 0.034249654343348035 0.040388264330844477 0.041970609578977726 0.0041264533838618646 0.011368385307129948 -0.078987595036837124 -0.021834682042415728
leaf_weight=597.88345919549465 50.047200404107571 132.34981907904148 173.0862440764904 38.643523748964071 31.586555775254965 25.422840144485235 270.61478236317635 112.72509884461761 2026.0447873882949 726.17409795150161 49.876084078103304 3520.9261953737587 21.807000752538443 113.41435174271464 36.875604853034019 61.041594434529543 23.030748054385185 47.235079523175955 42.2075578533113 81.74142749235034 40.079531345516443 40.019992899149656 32.190830700099468 76.570875711739063 36.785846207290888 85.426420606672764 20.593579603359103 34.65736922621727 11.662908613681791 55.821017146110535 20.441355735063553 133.0206315331161 547.49539136141539 27.995768528431654 116.95591268315911 287.72874924913049 17.101914409548044 36.775462415069342 33.401955373585224 30.946096256375313 56.726748961955309 59.019521687179804 491.06406001001596 17.314194966107607 91.541337601840496 53.262840203940868 65.390228219330311 168.74675656296313 418.20307787507772 252.46680554188788 75.242960218340158 18.627583328634501 102.53884387016296 10.427601888775824 30.403381645679474 263.73980488814414 18.744185645133257 46.381805092096329 23.414851397275925 35.677668906748295 36.528381232172251 14.254403397440909 80.021328400820494
leaf_count=805 300 512 294 192 131 130 735 293 3778 1434 198 8843 101 612 229 218 171 120 199 134 184 255 131 133 226 364 63 64 24 377 16 302 1415 149 335 930 24 266 69 78 291 303 1430 78 379 122 187 1125 1155 1438 428 47 248 17 207 654 38 61 36 68 158 82 264
internal_value=0.00766829 0.00685915 0.00812058 0.00960549 -0.00297636 -0.00140374 0.010975 0.00803585 0.0103855 0.00807212 0.0192401 0.00627577 -0.00603909 -0.0253441 0.00824509 -0.0223513 -0.0105996 0.00282316 -0.00146125 0.000120064 0.019297 -0.0049325 -0.00652288 -0.000815015 0.0265992 -0.00716053 -0.0174688 -0.00147472 -0.0202735 -0.00853881 0.00508021 -0.00280707 0.00811683 0.00631297 -0.0138704 0.00396057 -0.0215658 -0.00650943 -0.00408426 -0.0356262 -0.000186538 -0.0333522 0.00523372 0.00962277 -0.0137326 0.00834952 -0.00671203 -0.0391829 -0.0101784 -0.0275879 -0.0337728 0.00266511 0.0204143 -0.00512656 -0.041765 0.0157872 -0.0215967 0.00645549 -0.0129632 -0.0354598 -0.0411385 -0.0140011 -0.0383966
internal_weight=12298.1 11700.3 10151.2 8789.55 862.458 1549.09 7927.1 764.154 7754.01 5727.97 793.152 4934.81 641.418 272.887 368.532 97.9172 784.937 651.428 1361.62 1319.41 275.283 1044.13 159.472 604.193 113.357 490.837 358.487 953.322 471.785 291.375 193.542 173.1 4293.39 3745.9 224.973 313.152 66.978 775.295 738.52 80.9933 657.526 92.4215 565.105 508.378 548.388 174.474 121.211 180.41 509.744 273.06 116.901 41.6583 178.027 75.4884 40.831 314.071 50.3307 127.281 80.8995 57.4847 90.8028 50.7828 108.017
internal_count=33650 32845 26155 21474 2549 6690 18925 3149 18631 14853 1656 13197 2191 1009 1182 447 3541 2856 4681 4482 636 3846 397 2736 359 2377 1865 3351 2481 1332 502 486 11006 9591 748 1060 222 2815 2549 378 2171 372 1799 1508 1726 686 564 1149 1534 1501 646 218 536 288 224 823 169 266 205 169 495 240 413
is_linear=0
shrinkage=0.05


Tree=56
num_leaves=64
num_cat=0
split_feature=17 72 52 56 0 1 67 59 75 45 58 67 79 44 66 2 62 18 78 1 45 41 17 44 11 5 51 2 68 78 6 6 52 18 64 77 4 3 40 76 51 6 66 1 6 51 53 4 48 1 44 17 5 18 44 1 44 60 20 73 59 51 0
split_gain=62.2282 58.5013 51.8487 45.044 41.8981 107.322 58.7909 54.9348 47.9203 45.4128 44.734 44.7023 44.8372 43.7197 43.3126 43.0171 47.8115 52.6409 54.6727 54.1361 47.863 46.6956 63.8341 47.5001 42.5315 50.248 47.3309 43.0416 41.1042 40.8857 40.3062 39.5618 39.2376 55.1778 57.1923 38.821 38.7122 39.0124 38.6663 40.9223 38.4687 36.3845 35.5504 40.6833 36.8689 41.1365 35.094 34.8129 34.7362 35.4462 34.4556 33.836 52.4094 46.6303 36.6781 36.2211 34.2398 41.7921 33.4696 32.7475 54.4769 57.1081 39.216
threshold=-2.8734526634216304 1.4976699948310854 -1.2357045412063596 0.023409080691635612 -0.46515874564647669 -0.2339520528912544 0.003780378727242351 -0.52510783076286305 3.624740839004517 1.0000000180025095e-35 0.54635766148567211 -0.1907873451709747 -0.69651022553443898 0.66854685544967662 1.6180851459503176 -0.92716893553733815 0.61967903375625621 0.66456446051597606 0.75372758507728588 0.017162001691758636 1.0000000180025095e-35 2.8023825883865361 -1.797680079936981 -2.2687839269638057 1.0000000180025095e-35 -0.77356395125389088 0.15605589747428897 -1.1478331089019773 -0.41262240707874293 2.0121514797210698 -1.1884369850158689 -1.1030363440513609 1.0474264621734621 0.31632648408412939 0.32216933369636541 0.19610120728611949 -0.65507894754409779 -1.7483172416687009 0.79725810885429393 -1.2723467946052549 0.79927247762680065 -1.0573568940162656 -1.2341312170028684 -0.85365453362464894 -0.67206087708473194 0.55831518769264232 -0.34718337655067438 -2.0520051717758174 0.33777664601802831 2.2248657941818242 0.69527196884155285 0.011670858133584263 0.29342825710773474 -0.34756061434745783 0.79852798581123363 -0.5616856813430785 0.29196599125862127 -0.0085502676665782911 0.97147586941719066 -0.59489601850509632 -0.38721463084220881 -0.0092288623563945276 0.992170810699463
decision_type=2 2 2 2 2 2 2 2 2 2 2 2 2 2 2 2 2 2 2 2 2 2 2 2 2 2 2 2 2 2 2 2 2 2 2 2 2 2 2 2 2 2 2 2 2 2 2 2 2 2 2 2 2 2 2 2 2 2 2 2 2 2 2
left_child=-1 2 31 4 6 9 7 29 15 10 13 12 14 -6 -9 24 21 18 19 -18 -20 23 -23 -17 25 41 50 -28 -8 38 -19 -2 -25 34 -34 46 -14 -38 39 -4 48 -7 43 -33 -45 -46 -21 -41 49 -35 -26 52 54 -54 56 -53 57 -39 -49 -44 61 -61 -62
right_child=1 -3 3 -5 5 8 28 11 -10 -11 -12 -13 36 -15 -16 16 17 30 20 35 -22 22 -24 32 26 -27 27 -29 -30 -31 -32 42 33 40 -36 -37 37 51 -40 47 -42 -43 59 44 45 -47 -48 58 -50 -51 -52 55 53 -55 -56 -57 -58 -59 -60 60 62 -63 -64
leaf_value=0.034003354825675576 -0.036880947829630306 0.014555169792977453 0.035752917952078939 0.038973684061887157 0.023357613130256468 0.0136804876390875 -0.015469141208859387 -0.04700450839831187 -0.056816895053063782 0.023630159590769761 -0.068781470194004032 -0.048989262552673503 -0.047255166797376139 -0.021911826638294211 0.050762255206527489 0.045144053171751686 -0.039028828558290291 0.037154049839041269 0.0089786115442075029 -0.039999667832993503 -0.094701709488872216 0.065706138290084093 -0.064748588323509979 0.011972150995408992 -0.080102554258424885 -0.0083943867093812345 -0.017014561059951902 0.035928251466341897 0.013847090357752223 0.02806661257182564 -0.054035431793414912 -0.069838189028965367 -0.01941082298730212 -0.063526805581418183 0.021957624330500049 0.057629177819913849 -0.067013275697295038 -0.062625901783316187 -0.049426553047355937 -0.073178076929008865 0.031252714575654074 -0.072617524265078545 0.025817078515157989 0.045138983479559296 0.019092661279962238 -0.064370861015949618 0.01751703172570249 0.0018895395043460343 0.0080172775531270821 0.035764323184825308 0.0061527612032828173 0.010990404465529589 -0.11580869531946576 -0.025314023350112597 -0.054891291384129709 -0.052408755490706921 0.048298648981220646 0.030211136738219541 -0.058922502185000385 -0.0012415417576166793 -0.012906444100428294 -0.062960987402151364 0.025046456647669843
leaf_weight=216.49862588942051 95.714938826858997 2093.5203062668443 82.944202683866024 105.12128220126033 146.16172924637794 15.393756967037914 134.44814607128501 110.71827519871294 31.562642645090818 1303.6261003501713 21.271996449679136 76.566013053059578 49.128958437591791 83.767776817083359 12.488145902752875 94.849833883345127 49.162214532494545 14.053437884896992 19.36643873155117 31.415183484554291 25.770529970526695 11.879274398088453 42.783780697733164 2291.898732572794 22.085367951542139 352.71235552802682 52.960046257823706 137.97165285795927 1064.9220380876213 150.44729863107204 82.767638077959418 12.536553472280501 129.49483031406999 88.92308010160923 234.73313884437084 50.092852152884007 21.794067833572626 22.175671644508839 37.673318531364202 16.237100549042225 22.5842619612813 56.861271694302559 59.75431776791811 88.955135894939303 58.538717489689589 19.625565659254789 166.32968883030117 941.02901547402143 29.632245140150189 9.8668102324008924 23.981116998940706 455.02795445360243 20.035752303898335 49.604539074003696 21.812199667096138 23.581925433129072 45.094093158841133 26.436895430088043 23.082347877323627 63.576631486415863 233.39563674107194 91.810543738305569 95.941452294588089
leaf_count=256 509 4101 179 133 350 54 412 527 192 2463 120 354 316 262 29 247 218 50 46 157 122 10 294 6551 130 1194 169 236 2629 242 617 89 386 474 396 78 188 96 185 120 55 317 120 216 200 105 426 2644 119 35 63 1385 93 165 80 124 63 57 127 273 985 508 296
internal_value=0.00743466 0.00695652 0.00535777 0.00643916 0.0060594 0.00869739 0.00165967 -0.00321941 0.00444404 0.0198793 0.000392482 -0.0123927 -0.00911539 0.00684099 -0.0370212 0.0049232 0.00719698 -0.00819356 0.00100656 0.00881752 -0.0501847 0.00948383 -0.0362389 0.010348 -0.00673215 -0.0161999 0.0102234 0.0212157 0.0105556 0.003627 -0.0407231 -0.00668365 0.00916896 -0.00329057 0.00723479 0.0183406 -0.00442443 -0.00134134 0.000280536 0.00205088 -0.0286988 -0.0541693 -0.00268078 0.0165901 0.0231413 -0.00185503 0.00833864 -0.000798797 -0.0392969 -0.0535332 -0.0351757 0.000817154 -0.0173185 -0.0515501 0.00330137 0.00784588 0.0169443 -0.0120775 0.000422458 -0.00905043 -0.0133635 -0.0377577 -0.0018307
internal_weight=12264.2 12047.7 9954.18 9134.33 9029.21 5643.96 3385.25 2185.88 4089.13 1554.83 251.202 934.464 857.898 229.93 123.206 4057.57 3395.6 438.958 342.137 297 45.137 2956.65 54.6631 2901.98 661.966 424.967 236.998 190.932 1199.37 1251.41 96.8211 819.849 2807.13 515.234 364.228 247.838 734.692 685.563 1100.97 1063.29 151.006 72.255 724.135 179.656 167.119 78.1643 197.745 980.348 128.422 98.7899 46.0665 663.769 185.159 69.6403 115.519 478.61 93.7067 48.6126 964.111 544.479 484.724 155.387 329.337
internal_count=33637 33381 29280 25979 25846 15831 10015 6974 12636 3195 732 3477 3123 612 556 12444 10281 1714 1047 879 168 8567 304 8263 2163 1565 598 405 3041 3497 667 3301 8016 1465 782 661 2567 2251 3255 3070 683 371 2792 610 521 305 583 2891 628 509 193 2063 554 258 296 1509 216 153 2771 2182 2062 781 1281
is_linear=0
shrinkage=0.05


Tree=57
num_leaves=64
num_cat=0
split_feature=0 18 17 3 19 0 67 17 52 64 58 64 59 78 5 60 17 5 55 2 50 50 5 6 49 5 17 3 55 3 13 58 17 5 41 18 73 55 64 43 67 30 5 62 52 59 4 60 38 58 20 78 49 32 73 71 40 42 76 19 47 47 60
split_gain=54.1195 50.6702 55.5965 77.5762 47.1723 45.356 42.5584 42.0184 41.1959 61.33 58.3585 40.1928 52.1417 66.7369 53.3067 40.3878 37.8867 50.9841 34.6698 33.1534 31.7033 75.1878 38.6723 71.6942 31.3104 42.455 34.4398 53.7658 44.0055 43.0788 43.0216 46.0443 42.8286 52.3076 40.786 55.2272 42.678 39.7581 43.0326 41.8715 39.399 53.8423 50.3572 39.1924 38.0303 70.3189 52.9589 58.5136 44.5688 41.4121 37.7194 36.4465 36.2815 36.0983 34.9074 44.2909 34.785 48.417 36.748 39.9856 38.456 37.4577 34.5592
threshold=-1.1717461943626402 -1.6040982604026792 -1.632750868797302 0.74909901618957531 -0.4750856459140777 -1.0864115357398985 -0.48336385190486902 2.1837607622146611 1.1222832202911379 0.20292723178863528 -0.88762211799621571 1.0991699099540713 -0.29552423954010004 1.4377605319023135 0.35180817544460302 -0.21733476966619489 2.6334259510040288 -0.19401572644710538 -0.37880577147006983 -0.20119279623031613 0.14958807826042178 0.51022958755493175 0.25998733937740331 -0.50920382142066944 2.3876619338989262 0.63435563445091259 -0.30085094273090357 0.89175626635551464 -0.35573899745941157 -0.091527104377746568 -0.78664422035217274 -0.65956413745880116 0.011979553382843735 0.42520816624164587 1.74949586391449 0.71047577261924755 0.27999077737331396 -0.13716911524534223 0.69564390182495128 1.0000000180025095e-35 0.058109574019908912 1.5245724916458132 1.3618374466896059 1.5154667496681216 -1.1508668661117551 -0.29552423954010004 -0.24357035011053083 1.264663100242615 0.79407173395156871 -0.42158165574073786 3.3502532243728642 0.52101591229438793 0.70138651132583629 -0.17217952013015744 -0.07415102049708365 0.95367476344108593 -0.25367873907089228 1.0000000180025095e-35 -0.32908862829208368 -0.69506159424781788 -1.3901417851448057 -1.0081221461296079 0.18199359625577929
decision_type=2 2 2 2 2 2 2 2 2 2 2 2 2 2 2 2 2 2 2 2 2 2 2 2 2 2 2 2 2 2 2 2 2 2 2 2 2 2 2 2 2 2 2 2 2 2 2 2 2 2 2 2 2 2 2 2 2 2 2 2 2 2 2
left_child=11 4 3 -3 -2 -6 8 18 9 19 -11 12 13 -1 15 -14 -9 -18 -4 -5 -7 -22 23 -23 26 -26 27 28 -20 44 31 -29 34 37 36 -36 -31 38 39 -34 41 42 -38 62 45 -28 47 -47 -46 -50 -37 -42 -53 -33 -39 -56 57 -32 -58 -60 -61 -62 -30
right_child=1 2 7 6 5 20 -8 16 -10 10 -12 -13 14 -15 -16 -17 17 -19 24 -21 21 22 -24 -25 25 -27 29 30 43 32 56 53 33 -35 35 50 40 54 -40 -41 51 -43 -44 -45 48 46 -48 -49 49 -51 -52 52 -54 -55 55 -57 58 -59 59 60 61 -63 -64
leaf_value=-0.065068142086530431 0.024041886508069588 0.033946787085198535 0.023308238267899448 -0.04280424253391063 -0.050580494326351901 0.014946699508544915 0.014943892905799984 -0.040968839378314532 0.013494250688430361 0.00072884475029803624 -0.10413615468298348 0.023129315692592665 0.04454769557835455 0.011600630351328568 -0.050856964587798925 -0.033888559204793132 0.046086366520865049 -0.063034055772953831 -0.065507939831968606 0.017855895136583887 -0.061392398676160531 0.016752892075869105 0.020501205465116471 -0.073738951552773602 -0.0094977751648709016 -0.10201820216519152 -0.042224771898717525 0.043963162916737818 0.0073710413423975565 0.015339146684101485 -0.090292662394395207 -0.049274563113919964 -0.035469634141506133 -0.01651665229206141 -0.052800969793100089 -0.0384265799569799 -0.046691985723997187 0.039639688338884975 0.024039779205734222 0.051443779012115602 0.016635349452455178 0.04158022730511024 0.057827529976101535 0.044774935338783378 0.0016654188492063095 -0.05608301057966808 0.012030034971165371 0.06679187669223563 -0.024670166063549992 0.035016462220158133 0.059610559017797785 -0.077396009033850022 0.020079238278405614 0.02863145539368386 -0.033136663495153811 0.051088318942586058 -0.061550170773216797 0.0085353618012584936 0.010417630584359251 -0.077679644568364542 -0.0013214597923261958 -0.082522718575534171 -0.034027779454245836
leaf_weight=100.05666098743677 750.9780340641737 385.5494437739253 236.50666164234281 33.680462844669819 32.136540248990059 781.98868010938168 526.04925549775362 96.082138879224658 114.17836906760931 20.433007150888443 37.233354113996029 58.52749265730381 60.838011279702187 39.427161201834679 33.911917828023434 22.306424615904689 34.791419696062803 15.322620797902344 21.210645575076342 67.44528990983963 48.014977306127548 53.955172196030617 172.2545532733202 36.626682601869106 66.374956902116537 15.202434074133633 135.85271918401122 52.734736770391464 533.0377686470747 2502.9309586286545 41.20654284209013 38.636953335255384 106.17399694956839 328.40430133417249 55.368096936494112 15.457842420786617 112.40477006696165 141.32348574697971 74.569691758602858 15.803326047956942 242.59050996229053 27.090098243206739 12.713063873350618 63.528254140168428 2618.2949641570449 61.12035982683301 242.21525239758193 11.388784702867268 34.484231654554605 179.8088740631938 26.326336104422808 22.098212361335754 16.575301751494408 23.964447237551212 44.743247751146555 23.83074476569891 42.36758840829134 17.555187582969666 115.18615951389074 31.792732376605272 86.343046464025974 16.930972579866648 55.552035950124264
leaf_count=561 966 549 575 112 109 1341 923 745 192 40 167 109 123 89 144 107 143 135 101 126 161 97 253 125 188 75 824 70 1381 5795 209 138 615 1480 235 101 527 385 223 50 534 59 19 125 8806 406 812 32 163 519 69 95 26 44 247 34 190 38 224 145 237 94 232
internal_value=0.00625253 0.00680276 0.00536619 0.0155265 0.0143351 0.00784931 0.00662875 0.003975 -0.00937689 -0.0258518 -0.0669557 -0.0141889 -0.0227279 -0.043368 0.00184014 0.0234289 -0.0225884 0.0125636 0.00443221 -0.00232022 0.00957657 -0.00391709 0.00658284 -0.0198232 0.00389172 -0.0269045 0.00419934 -0.00386083 0.00517352 0.0055032 -0.0169036 0.00955538 0.00915111 -0.00167292 0.0117747 -0.0200645 0.0128305 0.0103095 -0.00582938 -0.0241353 -0.00164341 -0.0221364 -0.0359943 0.00748985 0.00131446 -0.0121741 0.000790906 -0.0366492 0.00346219 0.0253813 0.0232177 0.00943268 -0.0355455 -0.0193735 0.0254413 -0.00376233 -0.0256029 -0.0607183 -0.0185158 -0.0111885 -0.0296455 -0.0147491 0.00345015
internal_weight=12031.5 11716.4 9840.47 1184.57 1875.95 1124.98 799.02 8655.9 272.97 158.792 57.6664 315.068 256.54 139.484 117.056 83.1444 146.196 50.114 8509.7 101.126 1092.84 310.851 262.836 90.5819 8273.19 81.5774 8191.62 1140.05 673.329 7051.57 466.718 115.336 3768.4 734.849 3033.56 97.1523 2936.4 406.444 196.547 121.977 433.472 152.208 125.118 652.118 3283.17 450.577 314.724 72.5091 2832.59 214.293 41.7842 281.264 38.6735 62.6014 209.897 68.574 351.382 58.7617 292.62 250.253 135.067 103.274 588.59
internal_count=33439 32306 29254 2109 3052 2086 1560 27145 637 445 207 1133 1024 650 374 230 1023 278 26122 238 1977 636 475 222 25547 263 25284 3228 1839 22056 1389 252 10494 3034 7460 405 7055 1554 888 665 1260 605 546 1738 11562 2074 1250 438 9488 682 170 655 121 182 666 281 1137 247 890 700 476 331 1613
is_linear=0
shrinkage=0.05


Tree=58
num_leaves=64
num_cat=0
split_feature=18 76 66 47 51 73 2 76 26 67 6 59 62 19 6 68 44 58 44 18 5 47 67 47 20 1 7 1 58 5 5 61 59 79 59 47 52 47 13 54 64 5 51 58 47 1 59 2 47 76 76 19 65 5 1 73 44 48 4 67 73 65 53
split_gain=50.7165 42.2331 47.9391 43.5292 49.9042 50.874 62.337 53.5686 58.6833 49.9896 45.8316 43.4628 59.2631 43.2395 43.23 41.9114 40.1883 40.0714 38.9178 37.814 43.0034 37.4332 41.2452 63.1018 36.6777 38.4961 77.8893 53.408 40.8147 59.2505 46.371 36.4462 36.3091 34.8092 54.3019 34.5955 33.7975 32.2238 31.6115 37.8225 31.4939 49.0821 33.9306 32.3737 31.0011 49.9661 44.4701 41.4953 47.2547 40.7887 90.5767 37.6046 30.5743 30.1627 30.0204 38.7529 29.5666 29.1817 30.483 32.9039 57.4663 29.1353 58.0936
threshold=0.78957450389862072 -0.18607343733310697 0.7487248182296754 -0.57946458458900441 -0.80777329206466664 -0.3109667301177978 -0.35989084839820856 -0.8607875108718871 0.19544386118650439 -0.052473152056336396 0.11640572920441629 1.2866191864013674 -0.3216360062360763 0.67962110042572033 1.8826768994331362 -0.10996756702661513 0.45717565715312963 -0.17918919026851651 -0.29841564595699305 0.52980691194534313 -0.43858791887760157 1.2556473016738894 0.74696525931358349 1.5594797730445864 2.2733743190765385 -0.68194422125816334 0.90257591009140026 0.75306329131126415 -0.12363457679748534 -0.22292228788137433 1.0081571936607363 -0.12307684868574141 0.2012882009148598 -0.59469181299209584 0.1154024861752987 1.8541675209999087 -1.4053797721862791 -1.0325842499732969 0.44147975742816931 -0.34420444071292872 0.70279550552368175 1.1183988451957705 -0.14663426578044889 -0.25222818553447718 -1.2013038992881773 0.77625644207000744 -0.46097911894321436 0.12978545948863032 -0.76670220494270314 -0.24254913628101346 -0.51184946298599232 0.22291071712970736 0.61824634671211254 0.85738959908485424 -0.57155904173851002 -0.54885029792785633 0.77058812975883495 0.97050616145133983 -0.077185895293951021 0.41091933846473699 -0.48387649655342096 -0.26889021694660181 -0.25900551676750178
decision_type=2 2 2 2 2 2 2 2 2 2 2 2 2 2 2 2 2 2 2 2 2 2 2 2 2 2 2 2 2 2 2 2 2 2 2 2 2 2 2 2 2 2 2 2 2 2 2 2 2 2 2 2 2 2 2 2 2 2 2 2 2 2 2
left_child=1 3 35 44 10 7 9 40 19 14 -5 12 13 -8 -7 24 31 -12 -14 38 -21 36 52 -24 25 26 28 -27 57 -30 37 32 -11 -29 -35 61 -2 -31 39 -9 42 -42 -6 -44 45 46 -1 -46 56 50 51 -48 -23 -13 -41 -56 -49 58 -4 -60 -61 -3 -63
right_child=21 2 15 4 5 6 11 8 -10 16 17 53 18 -15 -16 -17 -18 -19 -20 20 -22 22 23 -25 -26 27 -28 33 29 30 -32 -33 -34 34 -36 -37 -38 -39 -40 54 41 -43 43 -45 47 -47 49 48 -50 -51 -52 -53 -54 -55 55 -57 -58 -59 59 60 -62 62 -64
leaf_value=0.014065552895422748 -0.065591556065962814 0.013120031659169569 -0.04098737957951723 -0.060473774658131967 0.074063249058185537 -0.049819952433485727 0.0087957242836971868 -0.070751963869970125 0.031684860073691132 -0.056259483704800176 0.026133857206840711 -0.06919768515653052 0.058536056098670568 -0.068624655134667492 0.052270850404005621 0.025673426300874214 0.029982775699867459 -0.073070554468416066 0.020317384568233648 0.040447753821676251 -0.05527094525686941 -0.060424980040790867 -0.051780080241788817 0.042865665293274451 -0.042842973883583241 0.022144969119135792 -0.082182452229336331 0.0075332990641421363 -0.08060967613822248 -0.035013306586694722 -0.062152622196493118 -0.078536798480715639 0.026653085839098076 -0.093888373089588695 0.0021669312698950755 -0.04586328423385147 0.0018329860443021169 0.030104423611226103 -0.082762285591337317 0.004093105791694549 -0.051520448454592298 0.05095968017882474 -0.0047022156304071232 0.05971188518725129 0.024640458235301501 -0.064898321921875154 -0.025420437366818451 0.023110813998784854 -0.066110302592768608 0.030782330749695996 -0.093587264195289621 0.048430984025447509 -0.0026206100885332504 0.018545277335427608 0.0067221365757300297 -0.077140855938166802 -0.039820084025951448 0.053514541435779522 0.016613087126089582 0.025892615840129446 -0.085003762966124261 -0.00445408360911547 0.0089586626846178165
leaf_weight=349.4867723044008 18.705809462815523 1426.9007251448929 28.296963814646006 70.688538443297148 23.697765201330185 94.701856076717377 156.23522154986858 50.479171618819237 37.825553860515356 19.483892880380154 39.868944860994816 22.960688337683678 118.91993037797511 20.286266524344683 11.514157168567179 681.82804811745882 82.16639631986618 13.555909287184475 152.97073218226433 31.125507354736328 18.686260618269444 74.462951522320509 28.795080356299877 44.954894907772541 30.659460473805666 1031.4472810290754 25.762777559459209 142.97253854945302 29.128659769892693 25.265371516346931 25.136104583740234 19.747959855943918 40.429510436952114 25.029101699590683 35.24975361302495 30.964444823563099 1574.570015380159 75.149039093405008 42.095158886164427 64.737434137612581 43.165954925119877 15.873765438795088 94.269546829164028 24.458492882549763 448.885263774544 27.429227087646723 51.464554779231548 77.989765875041485 27.06212667003274 32.636515717953444 39.698100432753563 25.789502643048763 33.279682900756598 16.840837568044662 22.041671089828014 36.111275516450405 24.394148021936417 40.285988334566355 431.94686166197062 24.075586531311274 22.444509483873844 1180.2162726968527 2551.8667000941932
leaf_count=663 154 3473 98 451 44 473 382 260 89 92 110 123 213 142 19 1038 150 92 368 74 110 733 180 131 118 1790 104 353 138 73 102 111 85 124 92 191 6786 128 213 154 165 16 286 28 862 116 141 175 116 49 184 41 209 40 46 169 84 71 780 42 92 3872 5792
internal_value=0.00639283 0.00773145 0.00952831 0.00205343 -0.00384884 -0.00086574 0.00733351 -0.0131639 -0.0264462 -0.012026 -0.0340877 0.017973 0.0224253 -0.000107116 -0.0386672 0.0149676 0.00544216 0.000779037 0.0370673 -0.0347628 0.00440111 -0.00141418 -0.022924 0.00582422 0.0113011 0.0121518 0.00301912 0.0175281 0.00616554 -0.0164906 -0.00152237 -0.0198133 -0.000275658 -0.00587614 -0.037724 0.00672394 0.00103419 0.0136518 -0.0438378 -0.0343156 0.00679761 -0.0238429 0.0195419 0.00856438 0.00945626 0.000667867 0.00429369 0.017447 -0.00745941 -0.0184972 -0.0323064 -0.000671451 -0.0426356 -0.0319931 -0.0192628 -0.0453115 0.00804379 0.0125826 0.00930884 0.0123018 -0.0275718 0.00704142 0.00471573
internal_weight=12129.2 10354.4 7864.63 2489.77 1384.94 1260.83 756.257 504.568 303.102 268.044 124.113 488.214 448.412 176.521 106.216 2674.68 161.828 53.4249 271.891 265.276 49.8118 1774.77 181.493 73.75 1992.85 1962.19 727.492 1234.7 701.729 154.679 125.551 79.6614 59.9134 203.251 60.2789 5189.95 1593.28 100.414 215.465 173.37 201.466 59.0397 142.426 118.728 1104.84 526.505 499.075 578.331 129.446 149.589 116.952 77.2541 107.743 39.8015 122.89 58.1529 102.384 547.05 506.764 478.467 46.5201 5158.98 3732.08
internal_count=33600 25407 18471 6936 4505 3852 2198 1654 1115 930 653 1268 1105 524 492 5143 438 202 581 1026 184 8193 1253 311 4105 3987 1628 2359 1524 441 303 288 177 569 216 13328 6940 201 842 629 539 181 358 314 2431 1194 1078 1237 375 415 366 182 942 163 369 215 259 1083 1012 914 134 13137 9664
is_linear=0
shrinkage=0.05


Tree=59
num_leaves=64
num_cat=0
split_feature=17 27 32 31 40 18 4 78 24 1 64 47 65 54 68 79 33 51 50 0 47 40 51 13 51 40 24 65 73 33 17 3 1 52 48 76 74 47 59 51 18 65 3 4 60 4 52 73 79 74 52 65 19 55 1 17 6 19 6 33 79 13 68
split_gain=44.8319 42.8332 63.001 42.6636 42.5776 38.387 64.5077 52.9019 50.6727 46.6582 43.2833 50.0236 48.6394 63.6628 48.0577 57.9181 44.8793 72.3492 42.0016 60.5172 48.2196 45.8832 44.9495 45.4462 41.3596 38.8491 51.9816 38.5488 46.5511 37.351 36.9329 44.4368 36.0965 40.1962 35.8396 36.6389 36.2832 34.9847 37.9423 35.3272 34.9276 34.7208 34.9462 34.479 33.6112 31.6196 40.5084 37.9795 30.907 33.4732 30.595 30.3664 37.1388 54.7272 30.1428 33.5015 32.7305 36.596 34.528 30.7309 50.7628 41.8964 46.4213
threshold=-2.7295937538146968 2.1972337961196904 3.0227589607238774 0.92263522744178783 1.9376364350318911 0.29796622693538671 -2.9891480207443233 -0.48491501808166498 0.69917795062065136 1.6238798499107363 -0.022884298115968701 -1.2150208950042722 -0.11468837037682532 -0.2839823961257934 1.1694370508193972 0.72894781827926647 -0.25227074325084681 0.41095286607742315 -0.5586634874343871 -0.83173483610153187 -1.0977401733398435 -0.026009642519056794 0.35718554258346563 -1.4007062315940855 0.56229794025421154 -0.28417015075683588 -0.89652708172798146 0.29080538451671606 -0.52630034089088429 0.17013347148895266 0.99502959847450267 -1.5299876928329466 -0.79650565981864918 0.22899264097213748 -0.32682360708713526 0.29752263426780706 -0.12082387134432791 -1.402715742588043 0.2012882009148598 0.63597911596298229 -0.012592978775501249 -0.34884673357009882 1.795023560523987 0.19652824848890307 0.75448164343833934 0.65724915266036998 -1.2494282722473142 -0.19532589614391324 -0.64560100436210621 -0.072074547410011278 -1.3542276620864866 0.7153364121913911 1.0806733369827273 -0.3442434668540954 -0.84138950705528248 1.0561950206756594 -0.28808888792991633 0.91282114386558544 1.3345237374305727 -0.25629365444183344 0.47440172731876379 -1.4007062315940855 0.55037027597427379
decision_type=2 2 2 2 2 2 2 2 2 2 2 2 2 2 2 2 2 2 2 2 2 2 2 2 2 2 2 2 2 2 2 2 2 2 2 2 2 2 2 2 2 2 2 2 2 2 2 2 2 2 2 2 2 2 2 2 2 2 2 2 2 2 2
left_child=-1 3 -3 5 30 6 -2 9 10 18 12 16 24 14 15 34 17 -12 20 21 -8 25 23 -22 44 26 -20 28 -27 -18 -5 -32 -4 -34 -14 36 -36 38 39 41 -38 -7 -43 -28 -9 46 47 -13 -21 -50 -51 52 -25 -54 -52 56 -56 59 -59 -58 61 -61 -63
right_child=1 2 32 4 -6 37 7 8 -10 -11 11 45 13 -15 -16 -17 29 -19 19 48 22 -23 -24 51 -26 27 43 -29 -30 -31 31 -33 33 -35 35 -37 40 -39 -40 -41 -42 42 -44 -45 -46 -47 -48 -49 49 50 54 -53 53 -55 55 -57 57 58 -60 60 -62 62 -64
leaf_value=0.025839765397641525 -0.041279150936764292 -0.048333962197768261 -0.051763867976693592 0.026998134167391413 -0.040559028129542159 0.019970900123892247 -0.089413190027332543 0.021889529462453344 -0.054387108870595474 -0.038807017081893942 -0.0043511990037720253 0.0030317724024824908 0.0056977450076011564 0.014853842202006032 0.013399145318851708 -0.06011762974651829 0.011347374318330203 -0.13093394904646477 0.019847028417830023 0.015781984662152099 -0.076872754599650997 -0.061535718925314453 -0.04509050920888643 0.023447586768514262 -0.0072480898842211278 0.021783495032993302 -0.0013396025202209812 0.011000779061051107 -0.040799114184822599 -0.04509212776168435 0.065364150086200529 -0.06602976493193724 0.025622798928300744 -0.031782948709348689 0.012504848869411535 -0.066456256720725179 -0.083162141467653369 0.0022673740156610137 -0.085186256424381407 0.017388302588630469 0.026572346676432674 -0.059187123494464193 0.019223607659794344 -0.095619787441055148 -0.033042752323185279 0.028712341528397325 0.017196209429574939 -0.07268084522420909 0.037112703024090608 0.05453300240253537 0.031634939599223491 -0.046510932601605007 0.029236109248135047 -0.067195337014863785 0.0097448328873563483 -0.05006364835882763 0.0091453452564270472 -0.014093376144777596 0.07321630729131777 0.028985924352362049 -0.099132993136398589 -0.041792045076801544 0.013015522221732898
leaf_weight=273.55196085572243 67.473537459969521 90.219882125034928 26.30567560531199 454.04699144884944 27.386733416467905 28.014584995806217 19.123631093651056 637.04833729565144 28.909146141260862 66.090875007212162 38.29984050989151 54.893666550517082 133.490084849298 285.81896556913853 112.5059711560607 84.800135184079409 354.16529937833548 15.962388619780539 24.878790676593781 1060.3098932467401 17.477044321596622 38.354267861694098 65.719428561627865 173.98612369224429 184.39520759508014 43.228293970227242 13.64997938275337 295.56622906401753 94.039122693240643 31.835264220833778 8.8505765758454817 22.643220167607069 121.85377688333392 40.507167972624302 56.90813771635294 46.957150287926197 25.283130876719952 3645.5015584360808 19.535220950841904 65.498868532478809 10.01088625192642 71.558660672977567 17.56240302324295 34.35770620405674 28.96218304336071 619.12190236151218 1381.2660118490458 23.545967437326908 67.876505836844444 25.498458459973335 65.358778215944767 24.554364822804928 27.300354346632957 31.588576719164848 350.13435566797853 36.995441861450672 85.89834563434124 21.721201404929161 23.317266937345266 38.544156953692436 21.297811456024647 150.88540740311146 51.699423849582672
leaf_count=368 326 505 144 1108 144 74 94 1202 108 293 79 135 278 564 235 359 596 72 45 2000 103 165 282 428 444 84 41 624 350 96 16 190 373 192 127 201 136 13984 98 138 36 334 39 166 98 871 2568 110 101 38 97 122 75 216 767 198 176 78 28 59 98 473 89
internal_value=0.00582695 0.00536357 -0.0139906 0.00583137 0.0199299 0.00517564 0.00733251 0.00779423 0.0114375 0.00269554 0.0119013 0.0159918 0.00548206 -0.00374219 -0.0150634 -0.0240371 0.000669345 -0.0418525 0.00364331 0.00590638 -0.012341 -0.00887254 -0.00797436 0.000893657 0.0136852 -0.00485725 -0.0386031 0.000821391 -0.0210527 0.00666912 0.0233597 -0.0288564 0.00242268 0.0112592 -0.0127789 -0.0305302 -0.0121272 0.00114318 -0.0190946 -0.0119551 -0.0519084 -0.0284066 -0.0436751 -0.0689756 0.0194886 0.0192343 0.0152091 -0.0196955 0.00993047 0.0033183 0.000676089 0.00622048 0.0118195 -0.0224321 -0.000947787 -0.00368638 -0.00136557 -0.0112676 0.0310598 -0.0167623 -0.0252617 -0.0186779 -0.027781
internal_weight=12104.1 11830.6 278.887 11551.7 512.928 11038.8 7191.11 7123.63 4154.18 2969.45 4125.27 2519.09 1606.18 755.774 469.955 357.45 440.263 54.2622 2903.36 2543.61 359.75 544.074 340.626 274.906 850.406 505.72 72.8865 432.834 137.267 386.001 485.541 31.4938 188.667 162.361 272.649 139.159 92.2022 3847.67 202.17 182.635 35.294 117.136 89.1211 48.0077 666.011 2078.83 1459.71 78.4396 1999.54 939.227 871.351 257.429 232.875 58.8889 845.852 780.493 743.498 393.364 45.0385 348.325 262.427 241.129 202.585
internal_count=33638 33270 1214 32056 1458 30598 15931 15605 8315 7290 8207 4527 3680 1936 1372 1137 843 151 6997 5677 1320 1475 1226 944 1744 1310 252 1058 434 692 1314 206 709 565 778 500 299 14667 683 585 172 447 373 207 1300 3684 2813 245 4202 2202 2101 841 719 291 2063 1966 1768 1001 106 895 719 621 562
is_linear=0
shrinkage=0.05


Tree=60
num_leaves=64
num_cat=0
split_feature=49 49 8 64 73 60 17 50 3 60 7 65 68 72 79 54 60 1 53 53 18 4 51 79 58 50 49 19 58 58 65 18 59 2 59 49 58 6 18 50 50 76 6 52 6 1 32 18 47 73 52 65 59 5 25 1 22 18 54 68 58 6 67
split_gain=55.6522 49.2764 49.0874 53.5131 52.0542 48.3111 44.4182 76.0741 44.2179 43.9054 42.5559 51.7859 58.2399 50.6733 53.8647 43.9556 53.4035 45.164 43.8937 38.767 38.315 38.2366 37.4875 39.5524 63.5479 40.1464 38.8451 59.1643 40.4091 38.2289 36.8607 53.8839 34.7501 34.6131 48.0186 43.9385 39.531 34.4661 34.3937 34.047 34.9865 34.01 33.6111 63.7394 38.014 39.5178 48.5276 41.6722 37.0294 53.7287 33.8544 33.5526 35.2629 35.9222 32.9703 32.7477 31.0241 43.9141 39.0054 30.9184 38.2007 30.3223 30.2481
threshold=-0.28925880789756769 -0.35255181789398188 1.0000000180025095e-35 0.97910830378532421 0.32523858547210699 0.41373527050018316 1.1136022806167605 0.3646270632743836 0.44778130948543554 0.19457951188087466 -0.21709776669740674 -0.38501754403114313 0.5916413962841035 0.70908862352371227 1.6962228417396548 -0.39915990829467768 -0.36401386559009546 -0.96403971314430226 -0.48731590807437891 -0.4572788774967193 0.4166493713855744 -0.02375539485365152 0.5941600799560548 0.21985565125942233 -0.76877778768539418 1.1905124783515932 0.49063710868358618 -0.45481085777282709 0.62088310718536388 -0.80526670813560475 0.32316873967647558 -0.52480942010879505 -0.82159852981567372 -0.13947886973619458 -0.29541167616844172 -0.28926926851272577 -0.55807924270629872 0.70163199305534374 -2.0826048851013179 0.85848906636238109 0.23543062061071399 -1.0263510942459104 1.2848722338676455 1.6512709856033327 0.21372277289628985 -0.2339520528912544 -0.50252038240432728 1.107324540615082 0.38301479816436773 -0.24251595884561536 1.5439763069152834 -3.5889893770217891 0.15151447802782061 -1.5803970694541929 -0.70273023843765248 -1.1848101019859312 1.5620304346084597 -0.4837170392274856 -0.38084141910076136 1.8022608160972597 0.23924667388200763 -0.65815845131874073 0.83153894543647777
decision_type=2 2 2 2 2 2 2 2 2 2 2 2 2 2 2 2 2 2 2 2 2 2 2 2 2 2 2 2 2 2 2 2 2 2 2 2 2 2 2 2 2 2 2 2 2 2 2 2 2 2 2 2 2 2 2 2 2 2 2 2 2 2 2
left_child=1 10 5 6 41 9 62 8 32 20 11 18 13 14 -13 16 17 21 -1 -17 22 -12 26 24 -24 61 27 -2 29 -29 -19 -32 -8 38 36 -36 -35 -15 -3 40 -22 -5 44 -44 45 50 -47 -48 49 -46 -18 -7 53 -53 -55 -21 -57 -58 -59 -14 -61 -25 -4
right_child=2 33 3 4 -6 51 7 -9 -10 -11 15 12 59 37 -16 19 42 30 -20 55 39 -23 23 25 -26 -27 -28 28 -30 -31 31 -33 -34 34 35 -37 -38 -39 -40 -41 -42 -43 43 -45 48 46 47 -49 -50 -51 -52 52 -54 54 -56 56 57 58 -60 60 -62 -63 -64
leaf_value=0.0245534132377625 0.034997463441337376 0.025524654410155757 0.0068888144206348222 -0.016168435704962358 -0.0070097842044044532 0.081316404999673936 -0.067584229876331073 -0.061988369677863836 -0.056817691294423101 -0.06841385208368865 0.070495781290376328 -0.014405526958836465 -0.076396370375318101 0.046612591426335157 0.061718750075858558 -0.030550066484045998 0.013402781287010189 -0.069480196498782162 -0.074514808131791954 -0.037064898948037814 -0.027225317581124554 -0.015357539062308967 0.010220524986224598 -0.06876490658914719 -0.074885293398939803 0.060196335798110567 0.019368376238973722 0.0080100093467237246 0.020890285928831007 -0.055175118482926368 0.010185404767520247 -0.062952072144271773 0.014705531065528622 -0.034949723674386306 -0.067218635352617698 0.019459365295381028 0.049526078218240691 -0.017234705650987506 -0.050974350673798831 -0.071943342123240508 0.018861174034905809 0.024990136393983151 -0.076748560548136058 0.023793665664444394 0.023517996066445987 0.029094676066565864 -0.06697967025002792 0.045781735155427286 0.050820675091867218 -0.061431158020830337 -0.062086339092355759 0.035110690949166155 0.039268248130419958 0.040954961808117425 -0.072960244951481554 0.010243069381463125 0.021129061043074493 0.054278515221897111 -0.062197886200646237 0.043568205273537483 -0.054618077623088179 0.022303630633648344 0.016794539077592818
leaf_weight=14.241481013596056 58.215792283415794 17.011741444468498 4129.4894127100706 52.504775926470757 165.83647881820798 22.375463277101517 13.607027284801005 58.844035858288407 28.585714049637318 27.071011338382959 18.384400062263012 279.49624562449753 38.351454254239798 86.176610857248306 25.229175750166178 65.095419134944677 199.85796346701682 64.22303262911737 50.113859532400966 38.773281082510948 145.19168404303491 43.223793614655733 36.45269637554884 17.762189701199532 54.537454407662153 24.760834008455276 318.32508644461632 32.651795353740454 38.1100729778409 88.05369403026998 58.718477711081505 43.844619622454047 197.25283563882113 19.026740744709969 38.670950047671795 23.294595044106245 49.734010770916939 27.804018519818783 101.82418536767364 29.169084571301937 57.258091773837805 1046.1044207923114 35.176977124065161 28.32735213637352 90.289091568440199 24.820481188595295 61.30398278683424 9.3289137389510852 77.764707298949361 23.328124567866325 15.929002374410627 22.425169546157122 67.603361312299967 8.208587843924759 26.528975989669561 2502.2238518297672 41.713704042136669 8.2453922703862172 50.776816634461284 16.8740194439888 23.620784785598516 18.532356102019548 948.84788350015879
leaf_count=50 91 23 10237 143 442 26 101 352 199 144 37 1291 220 164 49 372 780 399 346 165 835 163 78 77 233 21 639 88 84 431 127 282 789 84 248 70 117 86 546 185 188 1711 224 52 201 88 419 55 204 128 82 52 169 19 181 6538 72 21 360 26 100 35 1887
internal_value=0.00566328 0.00111098 0.00820105 0.00981729 0.0190749 -0.00161254 0.00763889 -0.0111026 0.00140242 -0.00576263 0.0024368 -0.0103325 -0.0048576 0.00255778 -0.00806838 0.00448772 -0.00584861 -0.0262535 -0.0525099 0.00752364 -0.00390447 0.0102535 0.00201571 -0.0198767 -0.0407613 0.0111815 0.00824521 -0.00804777 -0.0238701 -0.0380492 -0.0397666 -0.0210622 0.00934206 -0.0204477 -0.00264685 -0.0345745 0.0260614 0.0309926 -0.039969 -0.0214893 -0.0141633 0.0230172 0.00237774 -0.0318542 0.00671824 -0.00405114 -0.0308319 -0.0519722 0.0242513 0.00599341 0.00778097 0.0250236 0.014831 -0.0140005 -0.0458579 0.00846483 0.00914635 -0.018029 -0.0457773 -0.044253 -0.0135745 -0.0221935 0.0087409
internal_weight=12047.1 4312.82 7734.31 6641.07 1264.45 1093.23 5376.63 298.29 239.446 946.092 4063.26 561.908 497.552 418.706 304.725 3501.35 794.521 228.394 64.3553 2706.83 919.021 61.6082 687.402 152.046 90.9902 61.0554 535.356 217.031 158.816 120.705 166.786 102.563 210.86 249.562 130.726 61.9655 68.7608 113.981 118.836 231.619 202.45 1098.61 566.127 63.5043 502.622 311.24 95.4534 70.6329 191.382 113.617 215.787 147.142 124.766 57.1627 34.7376 2641.73 2602.96 100.736 59.0222 78.8463 40.4948 36.2945 5078.34
internal_count=33626 14189 19437 15861 2296 3576 13565 1441 1089 3129 13101 2332 1936 1590 1340 10769 3241 1008 396 7528 2985 200 1777 444 311 133 1333 694 603 519 808 409 890 1088 519 318 201 250 569 1208 1023 1854 2233 276 1957 1424 562 474 533 329 862 447 421 252 200 7156 6991 453 381 346 126 112 12124
is_linear=0
shrinkage=0.05


Tree=61
num_leaves=64
num_cat=0
split_feature=17 18 26 1 58 6 67 73 73 70 34 33 6 33 67 59 78 79 66 62 54 58 19 51 55 66 50 61 18 49 59 73 11 13 77 47 2 2 63 66 44 58 53 54 77 65 19 74 50 2 51 66 50 59 48 50 49 67 66 5 5 63 60
split_gain=45.6209 38.6841 32.033 45.9305 43.7703 42.8232 53.4198 52.0616 42.6724 59.7344 39.4687 42.7875 49.6057 39.4259 38.1556 48.7642 42.4842 60.8191 55.7764 60.0769 47.5958 61.263 51.1554 48.0795 47.3309 46.5137 45.1391 49.494 44.5275 42.7073 41.1954 51.3352 63.066 46.591 39.8283 39.8019 39.7965 41.5114 39.0987 38.9613 46.5727 48.352 47.4243 45.5003 42.2497 41.8244 52.26 38.4869 40.221 37.4853 37.4155 54.757 37.1243 60.0974 59.7825 48.9255 40.1949 52.7476 40.0416 39.5945 37.8609 48.0857 39.3451
threshold=-2.7295937538146968 -2.3423089981079097 -0.21114724129438397 -0.53940013051033009 3.1094784736633305 0.81947168707847606 -0.6932997703552245 -0.47534151375293726 -0.5026646852493285 -0.26119840145111078 2.1745940446853642 -0.18187005072832105 1.267659664154053 -0.089343409985303865 0.68984180688858043 -1.0463805198669431 -0.5785539150238036 -0.54378259181976307 0.77373379468917858 0.9579724669456483 -0.29085183143615717 0.70464804768562328 -0.22975001484155652 0.30740097165107733 -0.29585008323192591 -0.43622517585754389 1.0698593854904177 0.58947688341140758 0.43304346501827246 0.70145884156227123 0.37977431714534765 -0.56400877237319935 1.0000000180025095e-35 1.0000000180025095e-35 0.19610120728611949 -0.55637419223785389 -0.66514599323272694 -1.1478331089019773 0.21619684249162677 -0.85423266887664784 1.1678202152252199 -0.73726874589920033 -0.33078518509864802 -0.39721357822418207 1.0000000180025095e-35 0.49831157922744757 0.90375012159347545 -0.050609376281499856 -0.051676312461495393 0.63390856981277477 0.094323035329580321 -1.2746219635009763 0.20717986673116687 -0.92768144607543934 -0.28229822218418116 1.8200142979621889 -0.51060709357261647 0.3146247416734696 0.11873632296919824 -1.5174828171730039 -0.35300181806087488 -0.10631480813026427 0.13793013244867328
decision_type=2 2 2 2 2 2 2 2 2 2 2 2 2 2 2 2 2 2 2 2 2 2 2 2 2 2 2 2 2 2 2 2 2 2 2 2 2 2 2 2 2 2 2 2 2 2 2 2 2 2 2 2 2 2 2 2 2 2 2 2 2 2 2
left_child=-1 -2 10 13 5 -5 8 -8 -7 -10 14 12 -12 -4 15 -3 17 52 20 -20 21 26 -22 24 -23 -26 27 39 34 -27 31 -19 -33 -32 -24 -29 37 -28 -25 45 41 -41 43 44 -43 -18 50 -30 -49 -35 -47 -52 56 55 60 58 57 -17 -54 -56 -55 -62 -63
right_child=1 2 3 4 -6 6 7 -9 9 -11 11 -13 -14 -15 -16 16 18 30 19 -21 22 23 28 38 25 29 36 35 47 -31 33 32 -34 49 -36 -37 -38 -39 -40 40 -42 42 -44 -45 -46 46 -48 48 -50 -51 51 -53 53 54 59 -57 -58 -59 -60 -61 61 62 -64
leaf_value=0.025182870387717805 0.01865840419362113 0.023694656032290012 -0.037258735100901975 0.010643118525904747 -0.071622709854460204 0.060202843009129994 -0.092534704813512197 -0.014903963068826444 -0.063730544823351346 0.039705861135067522 -0.062962160211079365 0.052611673859967206 0.022396537731324138 -0.0057301615759832343 0.012388125163627939 -0.013196717955585458 -0.013764440817425195 0.013513959339004372 0.020251803446438149 -0.051354377701264546 0.020618389227352058 -0.072022332717593132 -0.01191858669216414 -0.087440848143923514 0.040556303159003632 -0.079264134471545261 0.011566855209501273 0.0039054776056209081 -0.060208282718910315 0.034665580078379103 0.020641693870499411 -0.035446423775937333 0.0041884406891985653 -0.056952994744437435 0.026030605660521972 -0.063704270491754242 -0.0072263163212406348 -0.087823056848260361 -0.015899154308979868 0.028529250500133465 0.031015231969527397 -0.040644074177457766 0.0094780899912583778 -0.075349703783652203 0.013078175200696566 0.047166380839779268 -0.056125105140863676 0.028912099636944973 -0.06646564247753127 0.01556062715033626 0.027281185881357035 -0.043821412028616613 -0.0077991727468279806 -0.037841145457081511 0.074092820972344667 0.031431240658351921 0.016787616388899591 0.053192431021587244 -0.092326063338717151 0.013100668826777226 0.0065668940464569669 -0.099550863097817049 -0.015193530588879754
leaf_weight=306.06882697343826 543.43123771250248 324.87318769469857 123.23756913840771 1005.0594423320144 18.55153139308095 40.632349874824286 23.993738804012537 212.70736979134381 25.348890364170074 30.782192509621382 60.525160821154714 14.878310721367596 23.501402426511049 509.10604651272297 2157.9768371302634 252.77801166847348 364.43770578317344 102.73115561716259 890.07977042347193 30.157841876149178 684.73831910640001 21.632089927792549 129.60764799639583 45.783434435725212 51.577598370611668 20.8119154907763 14.717714317142962 40.950970504432917 52.415464833378792 13.411727614700792 163.18114001303911 384.96317793615162 135.42701820656657 43.416701264679432 147.72159592062235 46.028111603111029 146.3300641104579 35.712734006345272 33.136418530717492 183.38354834541678 262.63523972779512 64.462051212787628 351.68761682882905 32.669743195176125 84.225584097206593 84.371747706085443 24.052502369508147 36.793120250105858 15.681207880377768 29.976018745452166 82.191601797938347 40.240244563668966 20.982229184359312 96.196496319025755 30.564335372298956 16.515124551951885 722.20892692543566 33.819219924509525 43.023489780724049 205.08084089495242 281.92718049138784 19.86163255572319 45.710338290780783
leaf_count=413 781 623 563 3300 135 55 131 766 125 82 364 31 59 1855 4882 1068 1364 278 1541 116 1237 146 444 244 152 126 29 115 346 23 494 1928 409 245 297 288 416 168 126 368 544 359 912 182 227 155 159 160 110 107 177 169 61 378 48 24 2005 70 197 571 663 98 146
internal_value=0.00612343 0.00562736 0.00499624 -0.000756827 0.00442648 0.00548951 -0.010027 -0.02283 0.0212313 -0.00694754 0.0062352 -0.025155 -0.0390305 -0.0118876 0.00657559 0.00477894 0.00385514 -0.00108909 0.00707964 0.0178944 0.00387897 -0.000586274 0.012439 -0.0279107 -0.00607734 0.0105549 0.00215282 0.00483756 -0.00220277 -0.0345002 -0.0119992 -0.0187442 -0.0251234 0.00574628 0.00827942 -0.0318473 -0.0204812 -0.0587525 -0.0575237 0.00686938 0.0130032 0.00638983 -0.00122135 -0.021991 -0.0101906 -0.00321089 0.0134264 -0.0299469 0.000242503 -0.0272871 0.0215631 0.00385407 0.00421151 -0.00413014 0.000706269 -0.0449463 0.0104994 -0.00532936 -0.06475 0.0210609 -0.0100951 -0.00239119 -0.040934
internal_weight=12080.7 11774.6 11231.2 1989.42 1357.08 1338.52 333.465 236.701 96.7634 56.1311 9241.76 98.9049 84.0266 632.344 9142.86 6984.88 6660.01 2628.36 4031.65 920.238 3111.41 2044.45 1066.96 186.353 107.433 85.8012 1858.1 1661.34 382.219 34.2236 859.695 623.121 520.39 236.574 277.329 86.9791 196.761 50.4304 78.9199 1574.36 979.064 716.429 533.045 181.357 148.688 595.294 230.856 104.89 52.4743 73.3927 206.804 122.432 1768.67 759.862 679.341 80.5208 1008.81 286.597 64.0057 235.645 443.696 347.499 65.572
internal_count=33655 33242 32461 7012 4594 4459 1159 897 262 207 25449 454 423 2418 24995 20113 19490 8790 10700 1657 9043 6449 2594 817 447 301 5632 5019 1357 149 3461 2615 2337 846 741 403 613 197 370 4616 2592 2048 1680 768 586 2024 660 616 270 352 501 346 5329 2186 1904 282 3143 1138 258 619 1285 907 244
is_linear=0
shrinkage=0.05


Tree=62
num_leaves=64
num_cat=0
split_feature=49 31 18 68 70 54 18 50 73 73 55 58 13 65 0 53 53 54 67 26 5 48 49 1 61 64 79 74 59 42 54 1 48 4 66 69 26 32 39 57 64 51 13 44 66 44 55 22 63 7 76 64 51 53 53 49 63 18 18 27 0 59 59
split_gain=44.3878 40.2813 37.4903 39.0187 68.2066 52.2931 52.396 49.9995 107.674 63.5656 56.873 50.8894 61.5946 58.0462 55.1837 45.7998 38.4567 40.7898 40.5246 36.2562 35.8889 35.2854 39.8154 34.6283 36.2597 34.3283 34.1713 34.07 32.3387 31.6319 43.8069 63.2261 67.1897 48.825 48.7535 42.4705 39.164 43.1405 82.591 37.1963 47.1789 44.2622 35.5928 48.1376 53.354 44.0154 39.441 34.6773 34.4536 42.5784 38.6138 47.6771 38.9035 36.8227 47.7439 37.7437 34.0231 34.018 33.682 57.467 67.1611 39.8339 50.954
threshold=2.3875963687896733 -1.3401193022727964 -2.3423089981079097 0.055116897448897369 0.70596449077129375 -0.50597962737083424 1.0540124177932741 -0.20282028615474698 -0.26467014849185938 -0.38658720254898066 -0.35438446700572962 0.030162270180881027 0.44147975742816931 0.83146372437477123 0.54412895441055309 0.75639337301254284 -0.39459931850433344 3.0930314064025883 -0.44130748510360712 -0.14510199427604673 -0.7217021882534026 0.21685505658388141 -0.61069780588150013 -0.85365453362464894 0.040025318041443832 0.83089366555213939 0.041673393920063979 -0.093274541199207292 -0.2275135740637779 1.0000000180025095e-35 -0.35416512191295618 0.49549785256385809 0.74459826946258556 -1.0815855860710142 -1.3043946027755735 0.41734452545642858 1.1159496307373049 1.0758433341979983 0.27597066760063177 1.0000000180025095e-35 0.68788525462150585 0.8689708709716798 -1.0936752259731291 0.79852798581123363 -1.2341312170028684 0.600519359111786 -0.35167761147022242 3.2020837068557744 -0.18975793570280072 1.322453558444977 -0.036464544013142579 1.1404044628143313 0.2934612929821015 -0.18854280561208722 -0.51439210772514332 -0.35251423716545099 1.5721408128738406 0.27962438762187963 0.51286146044731151 -0.17328070104122159 -0.47825556993484492 -0.1889233589172363 -0.23627931624650952
decision_type=2 2 2 2 2 2 2 2 2 2 2 2 2 2 2 2 2 2 2 2 2 2 2 2 2 2 2 2 2 2 2 2 2 2 2 2 2 2 2 2 2 2 2 2 2 2 2 2 2 2 2 2 2 2 2 2 2 2 2 2 2 2 2
left_child=1 -1 -3 4 5 6 21 8 9 10 -5 12 -10 14 16 25 18 20 -13 -16 -18 22 -4 28 -25 -6 -22 -23 -2 30 31 36 35 -34 -32 -33 37 38 39 42 41 -41 57 45 -45 48 -47 -38 50 53 51 -44 -52 54 55 -50 58 -7 -36 61 -61 62 -60
right_child=23 2 3 7 15 29 -8 -9 11 -11 -12 13 -14 -15 19 -17 17 -19 -20 -21 26 27 -24 24 -26 -27 -28 -29 -30 -31 34 32 33 -35 56 -37 47 -39 -40 40 -42 -43 43 44 -46 46 -48 -49 49 -51 52 -53 -54 -55 -56 -57 -58 -59 59 60 -62 -63 -64
leaf_value=0.025525058308981375 -0.049135466777390002 0.017069174846692983 -0.0027469022347361535 0.05121516404423529 -0.043303983921258039 0.0028205300259946612 -0.058458434811134968 0.011439804631259459 0.039748389401560273 -0.067724421545685351 -0.025737367395523122 0.051432947718986877 -0.028857843995782853 -0.066195695974033852 0.031029119451822559 0.022897604397381029 -0.04668006971043074 -0.053610294084623228 -0.042851067371620477 -0.028465760787171557 -0.021715928815820622 0.026923681825176723 0.031272513684702567 0.030807841563038237 -0.021019171495895203 0.018695960081436095 0.037739678242656977 -0.037557705554366771 0.018857735509220552 0.0098037493923713668 0.0203777878440108 -0.053054827683063438 -0.036335517965540541 0.057954507442477078 0.0046369072226617519 0.03506604407997118 -0.079005981824280647 -0.052910223345718779 0.040858917572876241 -0.066569740468982966 0.0032728571567473691 0.04213460223309435 -0.047406491935706022 -0.066485508073968247 0.014514142576465917 -0.0047293433215767587 -0.080258917466146273 0.031844878100132167 0.045307932106854389 0.043663084064877539 0.037138004144506756 0.067331271833159553 -0.015332061805042147 0 -0.066742646084924792 -0.053258044283786554 -0.023611647350017594 0.049437693717321984 -0.011989242789275182 -0.032082392067161361 0.024988079703874667 -0.038002138851377543 0.0613524194199708
leaf_weight=223.95164416916668 31.981885693967342 531.9616407752037 109.22037038207054 28.513873592019081 169.71361827850342 104.50596685707569 22.541814744472504 2572.5839921571314 185.69309295713902 77.088768297806382 148.39432795718312 12.649962477385996 39.544998532161117 31.642763841897249 185.07555737160146 40.926693351939321 20.941179163753986 26.049950148910284 105.12657248228788 29.549717266112566 31.556783311069012 34.719999894499779 399.77932345122099 360.49731253832579 37.04580806940794 25.526943929493427 101.13486513495445 49.522465419024229 38.231439113616943 858.94835909456015 342.13467316143215 167.84329258650541 24.204928757622838 31.370045319199562 2473.9219551738352 14.747177384793757 29.642371822148561 40.020829388871789 111.41275434941053 72.488456906750798 68.977628219872713 10.623578380793331 52.327808402478695 21.569501005113125 325.44588567689061 28.608344152569771 44.189502663910389 9.1143333129584772 20.964355114847422 21.423071656376123 100.69992917776108 10.821673922240732 54.156918488442898 65.491837415844202 87.249810455366969 17.922110104933381 139.13443973846734 62.713678773492575 452.31654519028962 66.901579096913338 222.84728294797242 146.06339233182371 24.874544411897659
leaf_count=483 122 782 420 60 955 262 239 5815 435 431 617 39 192 174 446 101 103 119 584 159 105 99 876 541 109 66 203 309 78 2098 949 940 182 69 5616 38 210 248 274 389 157 21 276 111 819 76 234 29 76 51 215 15 164 207 550 105 602 155 1844 379 805 782 53
internal_value=0.00514031 0.00452704 0.00411041 0.00346991 0.00133929 0.00223914 0.0161477 0.00772163 -0.00162429 -0.0298467 -0.0132841 0.00769402 0.0276736 -0.000576837 0.00348026 -0.0250778 -0.0104493 0.00408273 -0.0326469 0.0228051 0.0139262 0.0190004 0.0239638 0.0202411 0.0259616 -0.0351667 0.0235566 -0.0109224 -0.0120676 0.00088416 -0.00051655 -0.00747962 -0.0312419 0.0168065 0.00235977 -0.045895 -0.00331379 -0.0018551 -0.00025288 -0.00417456 -0.027231 -0.0525809 -0.000722974 -0.00487271 0.00944732 -0.014745 -0.0506928 -0.0527939 -0.00865216 -0.022951 0.00530287 -0.0275899 0.0187577 -0.0304431 -0.046226 -1.12851e-05 0.000609531 0.0203527 0.00160668 -0.00659832 0.011787 -0.0151541 -0.00814363
internal_weight=11996.8 11529.1 11305.1 10773.2 7177.63 6941.46 615.784 3595.55 1022.96 253.997 176.908 768.965 225.238 543.727 512.085 236.167 297.459 179.683 117.777 214.625 153.633 593.242 509 467.756 397.543 195.241 132.692 84.2425 70.2133 6325.68 5466.73 1598.54 238.165 55.575 3868.19 182.59 1360.37 1321.61 1281.59 1170.18 152.09 83.112 1018.09 850.871 347.015 503.855 72.7978 38.7567 431.058 213.051 218.006 63.1495 154.857 191.628 126.136 38.8865 3526.06 167.22 3386.93 913.003 289.749 623.254 477.191
internal_count=33663 32813 32330 31548 22066 20944 1943 9482 3667 1108 677 2559 627 1932 1758 1122 1153 530 623 605 411 1704 1296 850 650 1021 308 408 200 19001 16903 5873 1229 251 11030 978 4644 4405 4157 3883 567 410 3316 2899 930 1969 310 239 1659 989 670 291 379 938 731 181 10081 417 9479 3863 1184 2679 1897
is_linear=0
shrinkage=0.05


Tree=63
num_leaves=64
num_cat=0
split_feature=52 59 5 62 76 42 66 68 26 50 17 66 1 4 62 1 60 1 60 54 78 38 64 19 65 49 6 52 76 44 51 54 62 20 9 68 77 44 4 13 68 59 54 44 44 51 50 50 5 61 64 58 55 6 52 52 64 44 51 5 33 1 67
split_gain=35.6288 42.3545 39.8892 39.5261 32.3429 32.2222 44.5281 40.6336 45.2751 49.0197 42.2355 36.1989 49.2034 35.6513 35.3683 51.5145 48.6095 44.7547 49.502 35.9088 39.4661 34.7296 42.6371 41.7903 45.2802 42.816 42.1913 39.1213 39.1177 37.5405 37.1983 39.1046 33.192 60.541 34.3085 32.5856 40.9224 32.2286 34.2864 35.7875 33.0802 39.8573 42.8034 31.4684 39.8716 31.383 46.7031 33.6393 39.4508 32.5733 39.7301 31.2077 52.0834 30.9017 30.6352 30.4259 70.9191 61.9527 31.7181 30.0203 29.8043 29.7501 29.737
threshold=-1.4003893733024595 -0.64259201288223255 -1.0668805241584776 -0.47685757279396052 0.46768920123577123 1.0000000180025095e-35 -0.1682716682553291 0.26147247850894934 -0.19257201999425885 1.0000000180025095e-35 -0.38731113076210016 0.82613360881805431 0.5077628791332246 -0.41206391155719752 -0.30196675658226008 -0.15823394060134885 -0.22042381018400189 0.12847933545708659 -0.31877520680427546 -0.26371756196022028 0.22546598315238955 -0.1002625674009323 1.2247748374938967 1.0806733369827273 -2.5647844076156612 2.3875997066497807 1.0015273690223696 -1.3879132270812986 1.0000000180025095e-35 1.1568872332572939 -0.54291939735412587 -0.35553900897502894 -0.34418319165706629 0.0045349547872319826 1.0000000180025095e-35 3.2948994636535649 -0.28468306362628931 0.36728216707706457 -0.73709943890571583 1.0000000180025095e-35 -0.70152023434638966 1.1626684069633486 -0.54902806878089894 -2.5967739820480342 -1.9019212722778318 -1.2040584683418272 -0.8880348503589629 -0.088651828467845903 -0.94048517942428578 0.38385687768459326 -0.1603499427437782 0.32002906501293188 -0.15700287371873853 -0.7852664291858672 1.0474264621734621 -0.77533546090126026 0.74203646183013927 -0.15507195144891736 -1.4071794152259824 -0.28186900913715357 1.3468309044837954 -0.20360838621854779 -1.0996158123016355
decision_type=2 2 2 2 2 2 2 2 2 2 2 2 2 2 2 2 2 2 2 2 2 2 2 2 2 2 2 2 2 2 2 2 2 2 2 2 2 2 2 2 2 2 2 2 2 2 2 2 2 2 2 2 2 2 2 2 2 2 2 2 2 2 2
left_child=1 -1 -3 -4 -5 7 -7 21 11 10 -10 12 14 -13 15 51 -16 -17 19 20 -19 22 23 24 30 -26 29 -23 53 37 -2 61 -11 34 -34 -18 -37 40 -39 -40 -25 42 -42 -29 -45 -46 60 48 -48 62 -51 -9 59 -24 -14 56 57 -8 -57 -53 -47 -32 -49
right_child=5 2 3 4 -6 6 55 8 9 32 -12 13 54 -15 16 17 35 18 -20 -21 -22 27 28 26 25 -27 -28 43 -30 -31 31 -33 33 -35 -36 36 -38 38 39 -41 41 -43 -44 44 45 46 47 49 -50 50 -52 52 -54 -55 -56 58 -58 -59 -60 -61 -62 -63 -64
leaf_value=-0.065633905711039248 0.048415427201307787 -0.074873703585167803 0.032197279593099946 -0.042722810953710409 0.033103207282179276 0.00063652360322977337 -0.05335375822540487 0.012276138271219594 0.020882039583412185 0.022954551461046434 -0.047351514884829353 -0.028667191420722229 0.028071858510628135 0.032162685020358205 0.030745824696339866 -0.093777028022027822 0.0069296643569948281 -0.088217759829071207 -0.095468759336407888 0.034229037206867839 0.008507169702445222 0.085249395465765265 -0.050841667993417217 0.035579039875845597 -0.00068162762833826941 0.022828161659760048 0.014409065941862548 0.05889616331189771 0.02838642437632214 -0.051754271963555358 -0.08448619445985639 0.017932769151483407 -0.01127080915355712 -0.059319352324161134 0.050458048923239324 0.010557705259502894 -0.10240906100489273 0.055531121702125687 0.010483229728384363 -0.054582475410083611 0.0052213270353876906 0.030488327225917274 -0.056770000480291932 -0.069477682025450904 0.0351175284180077 -0.069286717634918046 -0.041365043520923461 -0.056943711005592181 0.036054093295705684 -0.03389558473919263 0.044053743746311554 -0.044930523723371502 -0.057191546842961731 0.0068945741623124245 -0.018213477444131019 0.055090633505952051 -0.057517997565647842 0.04152755584337757 0.018873895643020833 0.02464449476629826 0.031533808540063442 0.00074531099261929948 0.0013010865506574236
leaf_weight=35.290307823568583 81.273857720196247 17.895191194489598 65.679066520184278 50.733829377219081 19.285117231309414 553.59439341537654 22.156195521354675 308.12128536403179 29.470222301781178 144.56538353860378 96.367747094482183 25.885338082909584 421.31439734622836 319.76230831071734 241.24746631830931 24.327816255390644 569.66350061818957 18.257700700312853 16.885931733995676 37.414448112249374 24.553660802543163 17.395962174981833 26.973447537049651 19.276110641658306 4931.523933628574 201.47493880242109 107.09530487656593 31.585264757275581 265.9218893237412 79.073446910828352 17.321077283471823 230.67923953384161 62.101656377315521 44.507343266159296 35.111437130719423 16.159938737750057 15.638126038014887 27.219262547791004 77.192485231906176 28.955796776339412 36.286509219557047 21.404241569340229 117.3861229531467 16.11701549962163 106.88418630696833 31.277565428987145 18.182133195921779 22.749069567769766 161.23205251805484 20.050356302410364 85.557155255228281 20.459128964692354 49.635685101151466 160.65732894465327 38.861691031605005 65.194918692111969 42.357273209840059 75.352605864405632 853.10804737359285 62.72167382016778 9.4232387933880073 24.549615778028965 533.51742659136653
leaf_count=203 139 136 155 281 44 1657 124 720 62 290 545 83 910 444 422 126 1524 98 87 57 54 19 130 80 14127 341 436 60 456 483 96 527 179 201 49 33 74 78 277 198 170 117 956 119 323 239 131 102 431 107 175 92 195 373 119 89 189 153 1611 126 36 81 1588
internal_value=0.00522099 -0.01631 -0.00490922 0.00432887 -0.0217495 0.00556787 0.0121361 0.00452233 0.00988025 -0.00532507 -0.0313282 0.012717 0.00995765 0.0275857 0.0053049 -0.00439888 0.0117863 -0.0332242 -0.0179226 -0.00143987 -0.0327359 0.00264975 0.00127462 0.000156409 0.00143429 0.000240606 -0.0134755 0.011065 0.0160548 -0.0208306 0.0187323 0.00984795 0.00609418 -0.0110734 0.011002 0.0041695 -0.0449889 -0.0133405 0.00555496 -0.00725341 -0.0263287 -0.0331897 -0.0421057 0.00980714 0.00825366 0.00953251 0.00642268 0.00896034 0.0281618 0.00374438 0.0291891 0.00353435 -0.0167021 -0.00140151 0.0241491 0.0181469 -0.00354476 0.0198846 0.0214563 0.0074384 -0.0458017 -0.0345114 -0.00108171
internal_weight=11931.9 188.884 153.593 135.698 70.0189 11743 1611.76 10131.3 2623.03 412.124 125.838 2210.91 1865.26 345.648 1405.09 562.377 842.709 121.44 97.1117 80.2258 42.8114 7508.24 6454.26 6000.71 5486.82 5133 513.889 1053.97 453.553 406.794 353.824 272.55 286.286 141.72 97.2131 601.462 31.7981 327.721 133.368 106.148 194.353 175.077 153.673 1036.58 1004.99 988.873 881.989 841.288 179.414 661.874 105.608 440.938 132.816 187.631 460.176 1058.17 139.866 97.5088 918.303 83.1808 40.7008 41.8707 556.266
internal_count=33527 819 616 480 325 32708 3823 28885 6490 1326 607 5164 4637 527 3608 1555 2053 422 296 209 152 22395 19065 18106 15311 14468 2795 3330 959 2359 843 704 719 429 228 1631 107 1876 553 475 1323 1243 1126 3311 3251 3132 2809 2534 562 1972 282 1133 413 503 1029 2166 466 277 1700 218 275 177 1690
is_linear=0
shrinkage=0.05


Tree=64
num_leaves=64
num_cat=0
split_feature=49 61 77 9 55 11 0 65 0 65 48 39 68 48 6 58 41 60 76 52 41 60 68 45 74 18 54 17 29 59 55 38 6 59 6 58 40 47 59 5 54 57 77 61 66 54 41 6 55 61 54 2 18 52 39 0 47 73 2 68 61 58 60
split_gain=39.803 29.1381 56.8451 28.268 33.3862 36.205 41.0393 50.5375 46.2334 43.2217 59.6857 42.3777 41.6008 39.3243 50.4376 43.219 38.5987 40.0323 48.3551 45.4057 41.4501 37.4117 51.0171 40.8633 51.9913 43.6593 51.7836 37.8997 37.3394 36.3636 36.1006 41.4188 42.7401 35.7632 35.2421 48.005 35.7311 35.1919 34.7356 34.4796 33.8004 39.9976 33.7072 48.8461 63.2711 41.5262 33.2031 33.1962 37.2806 33.1567 35.8082 35.305 43.4297 33.2984 33.1197 33.9618 50.0836 46.632 45.4117 33.394 32.871 32.5318 32.202
threshold=2.3875963687896733 0.040025318041443832 0.83714690804481517 1.0000000180025095e-35 -0.38121655583381647 1.0000000180025095e-35 -0.46515874564647669 0.54019358754158031 -0.67481476068496693 0.57446065545082103 0.024692764505743984 -0.59851950407028187 -0.082453489303588853 0.024692764505743984 -0.89383780956268299 1.0596568584442141 1.1256334781646731 -0.32220889627933497 -1.2100114822387693 -0.10037707164883612 -0.67804569005966175 -0.1702889800071716 -0.53643575310707081 1.0000000180025095e-35 -1.1011614799499509 -1.5650576353073118 0.66399952769279491 2.1328159570693974 2.3041518926620488 0.37977431714534765 0.037382831797003753 0.091113802045583739 -1.1493777632713316 -0.5648343265056609 1.8217709660530093 -0.9725031554698943 0.5086062252521516 -1.4194048047065733 -0.90120401978492726 -2.2186086177825923 -0.39915990829467768 -0.93494999408721913 -0.44494448602199549 0.56096538901329052 1.2119866609573366 -0.33928135037422175 -0.22109667211771009 -0.10139906778931616 0.1623218432068825 -0.37896911799907679 3.0947487354278569 -0.99392658472061146 -0.60478416085243214 1.3293869495391848 -0.97400680184364308 -0.92968267202377308 0.027057411149144176 -0.54885029792785633 -0.69169774651527394 -0.52267870306968678 4.5706031322479257 0.44141012430191046 -0.085930671542882905
decision_type=2 2 2 2 2 2 2 2 2 2 2 2 2 2 2 2 2 2 2 2 2 2 2 2 2 2 2 2 2 2 2 2 2 2 2 2 2 2 2 2 2 2 2 2 2 2 2 2 2 2 2 2 2 2 2 2 2 2 2 2 2 2 2
left_child=3 -2 -3 4 -1 6 7 8 16 10 12 -10 -9 15 -15 42 17 18 -6 -20 -21 23 34 25 29 -8 -27 40 -13 -25 31 32 -24 -32 35 -23 -37 38 -22 -19 41 -26 43 44 45 -11 -46 48 -28 -41 51 52 -51 -52 -53 56 57 -56 -59 -58 -5 -18 -35
right_child=1 2 -4 60 5 -7 21 9 11 13 -12 28 -14 14 -16 -17 61 39 19 20 37 22 30 24 27 26 47 -29 -30 -31 33 -33 -34 62 -36 36 -38 -39 -40 49 -42 -43 -44 -45 46 -47 -48 -49 -50 50 53 54 -54 -55 55 -57 59 58 -60 -61 -62 -63 -64
leaf_value=0.022209024297527594 0.023806612203506185 -0.057560039887600362 0.051583623718882726 0.0085679113436117321 0.038242626449155742 0.0091758850469820224 0.026702509110646866 -0.038905669676614629 0.015491133014670928 -0.070146473689372116 0.073132386033772243 -0.045933813286638404 0.032466721443605288 0.01732250275786227 -0.048517080623958049 -0.051154564441292828 -0.066374251865487829 -0.074650422708740227 -0.054151617050977319 -0.074855285340051342 0.0069006718908627297 -0.051450912166448738 -0.075975305891641476 -0.00032277407900687771 0.015891671012668477 -0.018946892366343088 -0.07976368003809288 -0.048390574034518533 0.043990771091845252 -0.082825129900340605 0.037595241900138146 0.013292056094143698 -0.01649022431347837 -0.046343863669716545 0.052864053619864564 0.0052010910587273829 0.044920205190211969 0.0003790220223603136 -0.07988516839899501 0.070578640343358978 0.015588688566810291 -0.014539243036265866 0.01713802536769465 0.051884163158109092 -0.044672692275567881 -0.0095485985597143289 0.024029076442874702 0.044674925495422617 0.028851848974853767 0.0086947642755545503 -0.088899829128463323 0.044766952847541772 -0.078734688945823389 0.017918079337124457 0.01739154816119028 0.012416549143799756 -0.050084093600535243 -0.0061007692941700692 -0.087347743438764086 0.024488059502588585 0.066403437631716411 0.0077014496145114911 0.003429631988131389
leaf_weight=224.49616738781333 414.35234387218952 31.500566376373172 19.035459399223328 2541.0637177750468 37.14346775226295 1720.6180103234947 93.121062904596329 32.828749302774668 41.518664963543415 57.88707372546196 51.941603425890207 178.62433235347271 53.562248114496469 45.041904851794243 81.354551658034325 32.239435691386461 46.178146839141846 14.111791830509899 83.219130555167794 24.586009576916695 18.653479278087616 33.050687069073319 31.77726343087852 29.53924461081624 206.10308824852109 377.92738723568618 13.852687980979683 25.776807740330696 12.206981819123028 24.465449921786785 67.248905692249537 113.31552912294865 597.36028389073908 36.982167158275843 44.961078092455864 403.9764148350805 65.852027744054794 243.5886262357235 29.610362559556961 18.128603234887123 1721.7039692625403 226.58454278297722 402.13422288000584 32.069967273622751 21.319717727601528 55.661463871598244 97.499220654368401 60.20975599437952 18.045037448406219 29.316080637276173 19.8852699585259 55.176991015672684 27.258177727460861 11.336339347064493 28.371472027152777 432.9633490331471 17.937290862202644 27.248403690755367 47.2553287781775 88.758766600862145 24.737859282642603 21.608878562226892 261.93698205053806
leaf_count=483 688 131 19 6610 89 4045 136 139 101 332 71 769 112 130 394 148 320 95 479 106 35 142 213 74 613 1605 85 208 31 117 150 365 2258 166 66 1324 148 665 120 20 3903 811 846 69 78 169 200 91 52 64 116 113 167 19 61 1255 110 83 257 293 34 79 889
internal_value=0.00508563 0.0194303 -0.0163294 0.00450429 0.00317263 0.00268017 0.00107628 -0.00402426 -0.00960139 0.00496938 0.030824 -0.0301716 0.00527364 0.000626004 -0.0250202 0.00527479 -0.00598118 -0.00398935 -0.0162098 -0.0212914 -0.0126194 0.00396133 -0.00199133 0.00748798 0.0105226 -0.00454194 -0.0107469 0.0117254 -0.0401354 -0.0378748 -0.00816207 -0.0144995 -0.0195143 0.0046746 0.010486 0.00667738 0.0107872 -0.00733559 -0.046295 0.00253331 0.0124492 -3.21405e-05 0.00801882 -0.00583123 -0.0138372 -0.0405199 0.0116327 0.0228282 -0.0182638 0.00390399 0.00235006 0.00453083 -0.0334062 -0.050022 0.00761849 0.00441415 -0.0120926 -0.0369804 -0.0577481 0.0118693 0.00913004 -0.0427105 -0.00272504
internal_weight=11947.8 464.888 50.536 11482.9 8917.13 8692.63 6972.02 2518.23 1554.69 963.54 138.333 232.35 86.391 825.208 126.396 698.811 1322.34 1254.55 436.801 399.658 316.438 4453.79 1656.46 2797.33 2234.17 563.156 470.035 2180.17 190.831 54.0047 1108.62 742.453 629.138 366.168 547.84 502.879 469.828 291.852 48.2638 817.748 2154.39 432.688 666.572 264.437 232.367 113.549 118.819 92.1075 31.8977 803.636 785.507 754.286 56.5743 31.2216 697.712 642.535 209.571 102.875 74.5037 106.696 2565.8 67.787 298.919
internal_count=33561 838 150 32723 26079 25596 21551 8135 5447 2688 322 901 251 2366 524 1842 4546 4147 1494 1405 926 13416 5721 7695 5726 1969 1833 5535 800 191 4041 2836 2471 1205 1680 1614 1472 820 155 2653 5327 1424 1694 848 779 501 278 228 137 2558 2538 2403 231 135 2172 2059 804 401 340 403 6644 399 1055
is_linear=0
shrinkage=0.05


Tree=65
num_leaves=64
num_cat=0
split_feature=17 1 59 5 58 65 5 48 1 78 44 44 52 1 56 79 4 77 63 77 57 52 53 26 73 68 67 59 66 64 59 19 2 47 3 5 65 68 11 14 18 73 4 55 5 5 68 64 54 53 75 55 6 73 67 63 67 55 78 77 53 38 44
split_gain=48.8568 42.8657 53.1065 59.2101 54.8002 39.8576 36.4542 36.4417 39.7114 32.023 32.954 36.7198 36.6356 32.4624 33.5339 32.9593 43.529 61.4025 48.9748 34.2354 32.4218 31.4461 36.3005 39.4678 30.3434 29.0282 56.2699 42.048 37.9325 44.8598 44.3564 38.2277 37.5586 57.1545 37.7161 48.7708 41.8492 46.604 40.2741 36.9563 35.9883 34.6694 33.0063 33.2824 32.6008 30.5114 39.1548 30.2408 30.0963 30.071 47.5109 30.2317 29.6275 38.825 45.4988 37.4395 56.6337 45.9577 46.5121 37.832 33.3367 30.4855 34.5959
threshold=-3.0606709718704219 -1.1725450754165647 -0.29541167616844172 0.11006996408104898 -0.98114800453186024 0.68487676978111278 1.1702606081962588 2.3233754634857182 -0.48570388555526728 2.8820917606353764 -1.4986153244972227 -1.4621720314025877 -1.3816751837730405 -1.1480150222778318 0.042728966102004058 2.4853156805038457 0.24620924144983294 1.3179311752319338 0.62759709358215343 -0.28468306362628931 2.0888862609863286 1.8072225451469424 -0.072210568934679017 -0.043970195576548569 -0.22520381957292554 0.55037027597427379 2.3238047361373906 3.1136400699615483 0.92855137586593639 1.0519055724143984 1.1626684069633486 -2.020808100700378 -0.92716893553733815 0.91820791363716137 1.4534691572189333 -1.0117596983909605 -0.40215107798576349 -0.55019280314445485 1.0000000180025095e-35 1.0000000180025095e-35 1.0183156728744509 -0.19078560173511502 0.60709947347641002 -0.27599415183067316 -0.7217021882534026 1.3388822674751284 0.37152877449989324 -0.43984639644622797 -0.35256224870681757 -0.33078518509864802 -0.13962783664464948 -0.19667039066553113 -0.89383780956268299 -0.52929243445396412 -1.1482840776443479 0.34872685372829443 0.1376076936721802 0.29918248951435095 0.18736352771520617 1.3179311752319338 2.560451984405518 -0.075990453362464891 -0.028735141269862648
decision_type=2 2 2 2 2 2 2 2 2 2 2 2 2 2 2 2 2 2 2 2 2 2 2 2 2 2 2 2 2 2 2 2 2 2 2 2 2 2 2 2 2 2 2 2 2 2 2 2 2 2 2 2 2 2 2 2 2 2 2 2 2 2 2
left_child=-1 2 4 -4 -2 -6 -5 9 -9 10 12 -12 -3 -13 15 25 17 20 -19 -18 -17 22 23 -14 -21 26 32 28 29 31 -31 -27 33 39 52 -36 -37 38 44 40 45 -41 43 -28 -38 46 -15 -29 -42 51 -51 -35 53 -34 -55 57 -57 59 -59 60 -56 -54 -63
right_child=1 7 3 6 5 -7 -8 8 -10 -11 11 13 21 14 -16 16 19 18 -20 24 -22 -23 -24 -25 -26 27 42 47 -30 30 -32 -33 34 49 35 36 37 -39 -40 41 48 -43 -44 -45 -46 -47 -48 -49 -50 50 -52 -53 61 54 55 56 -58 58 -60 -61 -62 62 -64
leaf_value=0.035687167445162517 0.010315141797521958 -0.071052609218095683 0.035922513444004642 -0.074560381743521684 -0.07325104175395368 -0.0059960607953176773 0.021852705211318005 -0.047913015112202584 -0.0028200015934247182 0.018896150135351661 0.048782999481360195 0.033538849629850272 -0.0048641614819242259 -0.0069320469059224238 0.034335453109327216 -0.046364748509188779 0.019268512446739289 -0.0040836366085204258 0.075150328156481649 -0.080855981700517693 0.039381121143534363 -0.068958230389785533 0.014874496186754358 -0.0531312467905595 -0.022675747351330371 0.031856111963380208 0.0034374149299310265 0.024806487059545766 0.030408394618135798 -0.11216763482561501 0.0079401143407349991 0.0073432059126562685 0.018355374272792914 -0.039312986797927635 -0.074823857109378569 0.027965997144180372 0.0055406856226108423 0.0025415486785389345 0.013054277656902419 0.032495443631017557 -0.03110289330045948 -0.01592580082249374 0.0043318204893784034 -0.075539231408960572 -0.057089447304958102 0.026172290275707551 -0.075600644191953781 -0.073585374962377742 0.047580090626990264 0.0055832191746658395 -0.072970407484977559 0.035611000424528666 0.0074005554409461343 -0.077701629010377818 0.0045757770328223044 -0.043810485231353523 0.027572630323244026 -0.075286414568860621 0.019810024418242377 -0.067976297190435117 0.05750114556454753 0.03447321933382997 0.010860226224898968
leaf_weight=126.82390907406807 47.663917098194361 20.667895277962089 77.457113545387983 25.752300146967173 76.880501385778189 31.121814180165529 15.628299653530119 62.24385535903275 226.53524840809405 423.79360413178802 48.937644748017192 101.40189675800502 393.86037608236074 832.43948080204427 97.139760568737984 54.912466276437044 22.28271235153079 38.672491647303104 38.992463514208794 41.966744970530272 13.643233262002466 17.826456610113382 217.59833081625402 47.413937134668231 48.877203203737736 182.44688980281353 18.277274686843157 11.290899593383072 246.53019084781408 14.882982559502127 15.612852096557615 1247.1633230634034 236.49043507874012 27.552527286112309 24.515838034451008 91.798460066318512 26.013584371656179 311.17245262861252 40.498907580971718 146.88663601502776 15.331294655799864 49.16490176320076 38.506834089756012 48.042208235710859 100.10235088691115 67.742158934473991 21.210928928107023 24.483618021011353 56.35758238658309 27.089705061167479 65.334076713770628 26.120467752218246 3920.0267432630062 20.552385896444321 672.26956787146628 109.90155529975891 37.009254448115826 36.380795024335384 19.692891821265221 17.162007808685303 31.059786949306726 233.10215638577938 466.74536784552038
leaf_count=140 133 149 162 130 434 96 37 392 977 768 115 216 1547 2342 127 263 63 117 35 226 20 89 624 324 168 214 53 27 349 72 33 3131 559 179 103 154 53 702 67 236 105 145 86 234 356 120 99 126 141 68 389 81 10511 115 2212 650 113 256 49 79 43 634 1351
internal_value=0.00482583 0.00449252 -0.0150261 0.0101078 -0.0342399 -0.0539407 -0.0380624 0.00495924 -0.0125699 0.00541157 0.00488087 0.00560809 -0.00562664 0.00539655 0.00510843 0.00481894 -0.0127602 0.00522868 0.0356778 -0.0360398 -0.0291952 -0.0036108 -0.00182498 -0.0100725 -0.0496673 0.00529564 0.00399637 0.0111342 0.012262 0.00919274 -0.0506881 0.0104771 0.00449058 -0.00313401 0.00608347 -0.00590965 -0.00292209 -0.00887177 -0.0302062 0.000488865 -0.00342378 0.0203252 -0.0323676 -0.053726 -0.0441371 -0.00608441 -0.00865279 -0.0424097 0.0306635 -0.0326362 -0.0499109 -0.00275912 0.0073128 0.000239263 -0.00429521 -0.00264786 -0.0257874 0.00172599 -0.041824 0.00512763 0.00692797 0.00911918 0.0187361
internal_weight=11895.1 11768.2 274.504 118.838 155.666 108.002 41.3806 11493.7 288.779 11204.9 10781.2 10083.8 697.367 10034.9 9933.45 9836.31 259.347 146.221 77.665 113.127 68.5557 676.699 658.873 441.274 90.8439 9576.96 7834.55 1742.41 1706.64 1460.11 30.4958 1429.61 7729.72 1335.23 6394.49 594.102 569.586 477.787 166.615 1189.13 993.081 196.052 104.826 66.3195 126.116 921.393 853.65 35.7745 71.6889 146.097 92.4238 53.673 5800.39 1180.52 944.028 923.476 146.911 776.565 56.0737 720.491 703.329 4619.87 699.848
internal_count=33589 33449 992 329 663 530 167 32457 1369 31088 30320 27587 2733 27472 27256 27129 892 435 152 457 283 2584 2495 1871 394 26237 22285 3952 3799 3450 105 3345 21912 3905 18007 1435 1332 1178 476 3188 2807 381 373 287 409 2561 2441 153 246 717 457 260 16572 4076 3517 3402 763 2639 305 2334 2255 12496 1985
is_linear=0
shrinkage=0.05


Tree=66
num_leaves=64
num_cat=0
split_feature=13 54 50 66 53 66 1 19 72 59 66 62 6 75 13 27 65 61 73 19 19 55 65 20 55 51 2 44 13 55 66 51 50 5 50 73 2 56 51 63 72 60 5 76 0 45 0 1 19 54 59 19 13 52 64 59 64 1 0 55 32 75 19
split_gain=37.5101 42.7145 44.452 36.3773 33.5076 45.9124 41.0006 31.8161 31.4424 31.5068 31.0438 31.049 47.943 42.9772 32.7865 31.3104 31.2178 30.9978 30.3748 28.3033 29.7961 31.5544 28.828 27.988 30.4258 37.6007 36.7709 31.9124 42.8522 38.7045 28.3586 28.4718 37.7041 27.536 35.4956 42.5025 50.288 27.3514 27.7026 38.0809 45.431 36.5034 34.0854 47.2023 32.5554 30.1528 47.7752 49.4657 46.1328 51.6224 42.202 40.4699 39.9925 50.1189 57.515 41.0529 39.6214 38.6907 37.7331 55.5814 48.1341 45.7603 43.7325
threshold=1.3625727295875552 -0.36332437396049494 0.76555973291397106 0.58557087182998668 -0.3251155018806457 -1.4389667510986326 1.7097349762916567 0.11031480878591539 1.2555771470069887 -1.0578374862670896 0.7487248182296754 0.33094915747642523 -1.1679143905639646 -0.17021710425615308 -0.17258223891258237 -0.011742122238501905 0.61443892121315014 0.50389710068702709 -0.45613482594490046 0.62182465195655834 -0.20915862917900083 -0.17881306260824201 0.38979916274547582 -0.97204968333244313 -0.33336551487445826 -0.26014307141304011 -0.72822892665863026 -0.13077640533447263 -1.0936752259731291 0.14091604202985766 0.57247096300125133 0.51450479030609142 0.99312943220138561 -0.67012381553649891 1.4920600056648257 -0.54602271318435658 1.4478982090950014 2.0671635270118718 0.84706568717956554 -0.16639499366283414 0.70908862352371227 2.2340340614318852 0.43654407560825353 0.25154323875904089 -0.19358943402767179 1.0000000180025095e-35 0.39692042768001562 0.3483175933361054 0.84885382652282726 -0.35416512191295618 -1.0271719694137571 0.95783057808876049 -1.4007062315940855 1.0474264621734621 1.0905140042304995 0.074624430388212218 -2.9664747714996333 1.6116148233413699 -0.53676110506057728 0.79501751065254223 -0.58880341053009022 2.1174545288085942 1.2312957644462588
decision_type=2 2 2 2 2 2 2 2 2 2 2 2 2 2 2 2 2 2 2 2 2 2 2 2 2 2 2 2 2 2 2 2 2 2 2 2 2 2 2 2 2 2 2 2 2 2 2 2 2 2 2 2 2 2 2 2 2 2 2 2 2 2 2
left_child=8 2 3 -2 -3 -6 33 -5 9 19 11 12 18 -13 15 16 -15 -12 -10 20 21 -1 -21 -14 -25 26 -26 -27 -29 30 31 -30 -33 34 35 -7 -37 38 41 40 42 45 -40 -44 -43 50 56 -48 49 -49 -11 -50 -51 54 -54 -55 -47 -53 59 60 -58 -60 -62
right_child=1 4 -4 7 5 6 -8 -9 10 37 17 13 23 14 -16 -17 -18 -19 -20 22 -22 -23 -24 24 25 27 -28 28 29 -31 -32 32 -34 -35 -36 36 -38 -39 39 -41 -42 44 43 -45 -46 46 47 48 51 52 -52 57 53 55 -56 -57 58 -59 61 -61 62 -63 -64
leaf_value=0.020362899266278274 -0.031731608954795022 0.029926899632879957 -0.067349722923927269 -0.038360054195568101 -0.07651846077890756 0.027314169341493499 -0.070834269419751822 0.034007307754442481 0.0024060733594451289 -0.0856253859995183 0.020026276383132226 0.037635206578433368 0.029589848209813009 -0.077695959508228551 0.01792480355529651 0.027905013105368803 -0.0025748477209096877 -0.018052651677319204 -0.081256623609325118 -0.04667190805862214 0.036956905044600877 -0.045136566208040067 0.039478761621558514 0.023932414332718165 0.00065620142913147105 0.010175097445595888 -0.076630317120528729 0.02445155935243892 0.0077995377266070311 -0.083386586637737556 -0.06385348996336046 -0.089685764823260142 0.0034084877220469708 0.007099573828244634 0.049053782652044534 -0.086386056830244085 0.0072707158774657542 0.052803888215878628 0.0011215746949743482 0.026493635736288469 0.048052481384082156 -0.076476327947563927 -0.10725122690719356 -0.0038677265253260367 -0.0098218059367480189 -0.057533340119604585 -0.070052211031881736 -0.022902334313123614 0.047924800735204089 0.029416929245863706 -0.0016795862374677985 0.013572888749709631 0.0037864441525065282 -0.06940877917091097 -0.066442495573198049 -0.0040807613719201488 -0.019419206275737226 -0.047030950831912187 0.012792450343250784 -0.060392573027530719 0.0086241896721342259 -0.057071416384295276 -0.027087626226477264
leaf_weight=65.409233085811138 104.09326532296836 87.804626647382975 46.730461653321981 20.908637002110481 20.475822746753693 20.822062220424414 19.920974941924214 54.423321066424251 17.389739863574505 14.990664359182118 876.93614583462477 157.08276599645615 89.987555097788572 29.60369548201561 136.70701456069946 21.747482772916555 26.157768651843071 56.698472645133734 28.226686842739582 28.991821728646755 184.84702228754759 25.454000849276781 14.430853437632321 113.28402231633663 28.192351959645748 322.65950479358435 33.452421013265848 56.574181124567986 96.5296840518713 24.677052147686481 26.291607461869717 20.624073691666126 22.665559902787209 464.09863055869937 14.846574760973452 42.196624590083957 21.514088787138462 27.965182304382324 89.355471897870302 285.22090718522668 33.929181009531021 25.694549830630422 20.747917011380196 23.709360118955374 64.123765176162124 23.113321624696255 26.5525166913867 320.75635061226785 75.054158605635166 104.66584499180317 1957.0827343445271 202.77540119923651 732.6395211238414 48.840083174407482 30.259190589189529 47.646263148635626 198.88072540611029 30.145137909799814 2367.3272434193641 34.262618117034435 1535.8552006538957 23.550315052270889 90.640711527317762
leaf_count=110 642 224 239 79 133 47 145 147 46 85 1434 224 147 142 304 44 72 149 141 144 270 83 27 210 69 690 173 81 194 106 93 85 41 1207 19 246 74 26 229 568 37 183 102 61 294 130 117 1299 189 185 6840 805 2024 203 136 125 697 251 5794 189 3973 127 549
internal_value=0.0046233 -0.00508233 -0.0239417 -0.0125772 0.00107938 -0.00311109 -0.000513442 0.013831 0.00543804 0.00409779 0.0108043 0.00565138 0.000531689 0.0177761 0.00317954 -0.0227527 -0.0426138 0.0177067 -0.0493181 0.0195202 0.0254364 0.00192977 -0.0179013 0.00326678 7.67818e-05 -0.00419672 -0.0412596 -0.000173261 -0.0136905 -0.0250339 -0.0162901 -0.00727127 -0.0409328 0.00197591 -0.0218843 -0.0344455 -0.0547195 0.00351353 0.00334837 0.0153768 -0.00350053 0.00266263 -0.0166356 -0.0523608 -0.0290093 0.00302533 0.00481651 -0.00249471 -0.00136102 -0.00553024 -0.00232454 0.016012 0.000246345 -0.00330358 0.000986026 -0.0372383 0.00758799 0.00569112 0.00794463 0.00259936 0.00378771 0.0120998 0.00662944
internal_weight=11858.2 917.835 226.156 179.425 691.679 603.875 583.399 75.332 10940.4 8754.92 2185.49 1251.85 880.554 371.299 214.216 77.5089 55.7615 933.635 45.6164 319.133 275.71 90.8632 43.4227 834.938 744.95 631.666 61.6448 570.022 247.362 190.788 166.111 139.819 43.2896 563.478 99.3794 84.5328 63.7107 8435.78 8407.82 452.963 167.742 7954.86 133.813 44.4573 89.8183 7865.04 5892.96 1619.33 1592.78 1284.81 1972.07 307.975 964.051 859.385 762.899 96.4863 4273.63 232.921 4250.52 1859.64 1825.38 2390.88 1626.5
internal_count=33499 3202 1107 868 2095 1871 1738 226 30297 25852 4445 2862 2076 786 562 258 214 1583 187 634 463 193 171 1889 1742 1532 242 1290 600 519 413 320 126 1593 386 367 320 25218 25192 997 429 24195 392 163 477 23718 16793 5334 5217 3972 6925 1245 2673 2488 2160 328 11459 1056 11329 5408 5219 5921 4522
is_linear=0
shrinkage=0.05


Tree=67
num_leaves=64
num_cat=0
split_feature=19 49 49 7 55 50 6 58 22 3 3 60 7 64 0 58 68 79 78 51 76 3 17 68 55 76 5 0 2 64 77 18 75 67 1 65 18 26 18 79 31 27 65 58 64 19 52 19 32 79 27 38 0 5 54 34 60 45 17 73 3 6 2
split_gain=58.7343 43.3364 37.9443 49.278 47.2701 33.6984 36.4805 33.3465 52.7091 46.8162 45.8005 45.7794 59.894 48.6031 45.3544 43.5205 56.5458 40.9697 38.1934 34.2898 33.9654 32.4115 35.2145 32.0289 31.7662 32.1958 31.7655 31.2439 30.6374 30.5093 33.2046 36.6985 34.9571 32.6091 32.3681 34.4427 30.5571 30.5895 30.0995 31.5051 29.934 37.7425 33.1436 29.2938 29.2737 28.96 42.6052 47.6795 43.9868 41.8044 39.1734 48.3238 42.3188 73.6806 62.1955 57.1981 43.7208 39.6296 71.1444 46.7641 35.0145 44.1659 51.3753
threshold=-2.1172688007354732 -0.28925880789756769 -0.35252517461776728 -0.91689383983612049 0.2000047713518143 -2.8440722227096553 1.1048026084899905 0.30652610957622534 1.5620304346084597 -1.4010474681854246 -1.3011416792869566 1.4504217505455019 -0.21709776669740674 1.2631000876426699 -1.1307124495506284 1.5065336227416994 -0.41262240707874293 -0.77287405729293812 0.42253492772579199 0.62403082847595226 0.41704879701137548 1.1391202211380007 0.20051464438438418 -0.13748163729906079 1.5893585681915285 -0.8607875108718871 1.1269007921218874 -0.87266734242439259 0.72995600104331981 0.79176387190818798 5.0039439201354989 0.57629173994064342 -0.22814691066741941 3.3734847307205205 -1.1602800488471983 0.82004138827323925 0.53842872381210338 0.30070349574089056 0.6197897493839265 -0.69651022553443898 0.4342773854732514 0.78313016891479503 -3.5889893770217891 -1.1388182640075681 0.43294286727905279 -0.4750856459140777 0.3637347966432572 -0.41415019333362574 -0.28927797079086298 -0.72196483612060536 1.4696691632270815 0.82581219077110302 0.050166688859462745 -0.95635545253753651 -0.25158156454563135 -0.80105480551719654 -0.24950160831212995 1.0000000180025095e-35 1.7854093909263613 -0.63899815082550038 -1.5805121064186094 -0.81439533829689015 -0.92716893553733815
decision_type=2 2 2 2 2 2 2 2 2 2 2 2 2 2 2 2 2 2 2 2 2 2 2 2 2 2 2 2 2 2 2 2 2 2 2 2 2 2 2 2 2 2 2 2 2 2 2 2 2 2 2 2 2 2 2 2 2 2 2 2 2 2 2
left_child=-1 2 7 -4 5 -5 -7 9 11 14 -11 12 20 15 -2 21 -17 -16 -19 -20 27 22 28 -23 40 -26 -24 -9 -14 30 32 -32 -3 45 35 -31 -36 38 39 -38 42 -42 43 -12 -22 -34 47 -47 -48 -50 51 52 53 55 56 -49 -55 58 59 -54 -58 -62 -63
right_child=1 29 3 4 -6 6 -8 8 -10 10 24 -13 13 -15 17 16 -18 18 19 -21 44 23 26 -25 25 -27 -28 -29 -30 34 31 -33 33 -35 36 -37 37 -39 -40 -41 41 -43 -44 -45 -46 46 48 50 49 -51 -52 -53 57 54 -56 -57 60 -59 -60 -61 61 62 -64
leaf_value=0.017117427165448545 -0.047811510403114606 0.011300027395530543 0.041868318129609366 0.049164575048046298 0.01769082948423285 -0.064253268901610761 -0.0082897589707062579 0.0097471098528519248 -0.068212295397103231 -0.058913120659126551 0.021702341034569556 0.031536764837231814 0.0051001689009211749 -0.091139799303433036 -0.041405797963352767 -0.054533491864797036 0.028472166148866059 0.045982900465236232 -0.049257166203639541 0.044875966289687118 -0.05819540421149591 -0.017439759683651308 -0.070188781334903874 -0.10428320453865809 0.050013494102736068 -0.062401189782158029 0.019363885954264502 -0.078011563708609802 -0.049349258391042511 -0.04919414122137121 -0.096686653627194905 0.01047113916408926 0.0083950503941041862 -0.066067189440391125 0.015296688470008091 0.035946577791244452 0.0017277804234529443 -0.052306361709394983 0.0079021367877763361 -0.09044501027265392 -0.062034698700532881 -0.0048367438537058683 0.0043347231537956702 -0.076644293080511072 0.030575778089924035 -0.084649671442002763 -0.03993498862275105 0.025844249860346141 -0.045251543379104621 -0.0012492141647550579 -0.032846270657810123 0.041890862307704647 0.052781200520071792 -0.0096751733820431684 -0.038624947217651084 -0.054837441303763959 0.058258323093191039 0.015834381367374421 0.066862358538386873 -0.04730089195978085 -0.022814769440739527 -0.032452871555240653 0.02552115934398503
leaf_weight=819.83462922275066 20.401287134736776 1199.7633166089654 27.195071255788207 9.2778774015605432 41.115510595962405 103.71150178462267 40.818105824291706 12.024417057633398 35.285622717812657 31.57166774943471 11.021114505827425 74.226059380918741 298.27439169026911 15.372817903757094 18.481419268995523 23.237074626609683 168.24310734309256 173.80863203853369 22.29677702113986 16.903340797871351 15.472387267276643 28.505017634481192 35.176135098561645 17.037275332957506 7.693211253732442 34.192259047180414 13.607267148792742 60.820617869496346 28.182247746735811 42.743511337786913 17.177599877119068 14.688332848250864 1166.9360986500978 17.660986796021461 1509.1615031734109 16.285011321306229 20.712913032621145 25.920403189957142 372.28698992170393 16.526086118072271 38.279541935771704 117.07008979655802 2399.9410248808563 23.374986942857504 22.870222728699446 15.41890826448798 116.08334876969457 27.45687211304903 60.549925025552511 493.27922025881708 71.956194054335356 83.447834696620703 13.416149981319903 279.1987277995795 86.785259779542685 107.31700626201928 42.951396372169256 705.95731661096215 21.449832919985056 84.259277464821935 79.072997504845262 43.365431450307369 313.18102981522679
leaf_count=1226 147 2592 71 17 131 650 155 49 274 203 23 218 876 87 117 131 403 537 111 26 89 91 272 83 19 244 42 403 150 161 79 43 2531 76 2709 26 57 160 1097 85 224 478 7264 152 50 84 522 86 279 1563 398 200 19 885 404 654 109 2031 47 448 338 165 704
internal_value=0.00420424 0.00324561 -0.000922199 -0.0209993 -0.0298131 -0.0425474 -0.0484993 0.000261973 -0.00846056 0.00280233 0.000851244 -0.00585316 -0.00962008 -0.00361658 0.0234019 -0.00139634 0.0183497 0.0297175 0.0359284 -0.00852823 -0.0434302 -0.010396 -0.00554034 -0.0501946 0.00157236 -0.0415647 -0.0451189 -0.0634633 0.000370692 0.00559743 0.00352853 -0.0472585 0.00385223 0.00151749 0.0108207 -0.0255996 0.0119301 0.000249879 0.00360052 -0.0391758 0.00227357 -0.0189938 0.00363355 -0.0450158 -0.00517418 0.00183363 -0.00105933 0.00263421 -0.0119559 -0.0060763 0.00332775 0.00471085 0.0029864 -0.00403805 0.00143645 -0.0383565 0.00603566 0.0113296 -0.0153155 -0.0334631 0.0152119 0.0109437 0.0184488
internal_weight=11870.3 11050.5 3985.49 222.118 194.923 153.807 144.53 3763.37 848.335 2915.04 2663.14 813.049 738.823 627.635 251.891 612.263 191.48 231.49 213.009 39.2001 111.188 420.782 375.24 45.5423 2631.57 41.8855 48.7834 72.845 326.457 7065.01 5061.37 31.8659 5029.51 3829.74 2003.64 59.0285 1944.61 435.446 409.526 37.239 2589.69 155.35 2434.34 34.3961 38.3426 3812.08 2645.15 1975.23 669.912 553.829 1959.82 1887.86 1804.41 979.329 844.555 134.774 757.77 825.083 119.125 97.6754 478.571 435.619 356.546
internal_count=33565 32339 13787 1024 953 822 805 12763 3218 9545 8607 2944 2726 2135 938 2048 534 791 674 137 591 1514 1340 174 8404 263 314 452 1026 18552 14257 122 14135 11543 4295 187 4108 1399 1239 142 8141 702 7439 175 139 11467 8936 6572 2364 1842 6488 6090 5890 3345 2605 740 2201 2545 514 467 1316 1207 869
is_linear=0
shrinkage=0.05


Tree=68
num_leaves=64
num_cat=0
split_feature=49 42 66 13 4 18 61 5 59 47 60 52 17 60 75 65 55 54 61 77 18 2 27 38 65 0 63 55 55 63 72 60 64 78 79 2 79 52 19 44 59 55 51 4 68 5 0 74 65 51 65 60 44 7 55 53 5 5 55 62 6 73 3
split_gain=37.7805 37.4249 52.3845 47.0186 40.8863 36.6687 36.9038 41.5548 35.5942 46.7732 35.5564 51.7701 59.1071 46.1555 45.6722 48.3302 37.724 42.2369 38.893 37.1443 45.9524 37.2592 36.6141 36.071 58.4699 39.9686 40.7162 39.5795 35.6031 35.2737 34.8699 33.4396 33.1938 39.8493 32.5508 32.5298 39.2254 32.4563 32.2169 32.0982 31.948 30.4029 75.0127 36.5866 33.7518 35.2663 32.5182 31.5321 31.4506 33.5905 35.8687 29.8821 29.8362 29.7707 40.2708 29.6158 33.1138 42.9321 45.3673 39.2992 86.4473 36.5613 42.2027
threshold=0.38520649075508123 1.0000000180025095e-35 -0.26949855685234064 -1.0936752259731291 0.69146341085433971 -1.2177126407623289 -0.081844992935657487 0.79560890793800365 -0.26990951597690577 -0.38285356760025019 1.0876474380493166 -1.2843613624572752 -0.80329152941703785 0.97527891397476207 3.002582430839539 0.041417207568883903 1.5893585681915285 -0.29085183143615717 -0.32071025669574732 1.9589768052101137 -1.5251398086547849 0.47672359645366674 2.2914646863937382 -0.60717639327049244 -0.26889021694660181 -0.71471819281578053 1.6439502835273745 -0.23029741644859311 -0.15303017199039456 -0.24665135145187375 -0.098418805748224245 0.71846500039100658 0.38804523646831518 -0.1750238165259361 1.1871307492256167 0.72995600104331981 1.7980412840843203 1.1385022401809695 -0.59583216905593861 -1.1548334360122678 -0.45479810237884516 0.0016671926132403316 -0.24022924900054929 -1.1172059178352354 1.7747467756271365 0.48330469429492956 0.80039146542549144 -0.90784242749214161 0.62205380201339733 0.67182397842407238 0.41264387965202337 0.62038317322731029 0.92365002632141124 0.34273906052112585 -0.20633438229560849 0.014553918037563564 1.3689224123954775 1.0549177527427676 -0.37647749483585352 0.25625912845134741 1.0187398791313174 -0.23845496028661725 1.4735875129699709
decision_type=2 2 2 2 2 2 2 2 2 2 2 2 2 2 2 2 2 2 2 2 2 2 2 2 2 2 2 2 2 2 2 2 2 2 2 2 2 2 2 2 2 2 2 2 2 2 2 2 2 2 2 2 2 2 2 2 2 2 2 2 2 2 2
left_child=1 10 3 -3 8 6 -2 -8 38 -10 13 -12 -13 14 16 -16 17 22 -18 23 -21 -22 31 24 -19 27 -27 34 -29 40 -9 51 33 -30 37 39 -37 -25 -5 -14 -24 43 -43 44 45 52 47 -44 49 50 -48 55 -7 54 -26 56 57 61 -59 -60 -61 -1 -63
right_child=5 2 -4 4 -6 41 7 30 9 -11 11 12 35 -15 15 -17 18 19 -20 20 21 -23 29 25 53 26 -28 28 32 -31 -32 -33 -34 -35 -36 36 -38 -39 -40 -41 -42 42 46 -45 -46 -47 48 -49 -50 -51 -52 -53 -54 -55 -56 -57 -58 58 59 60 -62 62 -64
leaf_value=0.0033512674598745978 0.020765247321980044 -0.069918456800536322 0.018382599752512229 0.00018197400683057279 0.029991396989926884 -0.061732435049333768 0.008966161188180357 -0.091159341758725601 -0.048381790668705682 0.019004705295046952 0.063962660658912471 0.045032432407206502 -0.068865397108300461 -0.082340339559332648 0.026458471241559107 -0.072366741280269098 0.0036506415380366409 0.029396230699366574 -0.057819158513701563 0.038407836777631273 -0.089866513136069318 -0.0036713009418407254 0.036230891466717624 -0.068778592129736596 -0.012402539142145157 0.01672638273270775 -0.035484005135756481 0.035362667700510705 -0.061820321005352397 -0.070236317989654934 -0.0052134168761517885 -0.035170169663209815 0.013069251105160704 0.0021632347797040604 0.038748114935448184 -0.070592816812377113 0.058073403864306906 -0.011937423227593617 -0.071285059595519326 0.009364209785765288 -0.059177219824385265 -0.056955276338169575 0.034830622742037631 0.0094151158746226347 0.041760262120223185 0.0092447728828355894 -0.020442865083610137 -0.0098831745362508994 -0.037271942317268596 0.056835909931295482 0.047823888942374881 0.033199377208852521 0.0018184314426719674 0.016324591464576935 -0.093195976893277424 0.015567010855010447 0.023836464832907033 0.038114115922249177 -0.031393857526843073 0.022811058362382924 -0.094844772312651218 -0.0060756522225970389 -0.054566646743267194
leaf_weight=1836.9852472711354 870.35442390292883 26.345070105046034 728.67102758586407 26.182533144950867 80.226733706891537 63.111622676253319 198.65110587328672 20.91677637398243 34.154868468642235 103.54760279506445 48.387239847332239 83.07374295219779 13.954478234052656 16.913542030379176 17.35292381234467 42.096658876165748 47.630599526688457 43.086799822747707 55.477049907669425 18.700589537620544 29.192304588854313 22.152608454227448 22.128539130091667 45.933768119663 27.318447589874268 1211.6030802559108 38.378878097981215 80.657686643302441 42.230947017669678 37.930240891873837 27.247840717434883 70.841209780424833 133.80708081275225 56.886341296136379 16.001594968140125 30.9482781291008 7.1971239000558844 55.943956572562456 39.024538639932871 194.08517539314926 14.392581578344105 60.769023053348064 43.46931029856205 2439.0382850449532 22.265951730310917 49.75630360096693 46.884956486523151 411.85628402605653 20.371597677469254 61.106906671077013 32.443775966763496 64.474966637790203 25.871389795094728 16.690877702087164 35.903195317834616 248.71690182760358 117.18711801990867 33.699955206364393 304.64909887127578 93.616910165175796 18.629711709916592 1072.8983010724187 46.769033636897802
leaf_count=5850 1256 134 1588 61 146 373 362 81 155 307 116 115 110 117 53 267 162 98 383 19 149 69 61 248 84 2950 167 163 238 303 51 356 316 157 35 252 12 146 279 654 90 328 63 5764 35 137 180 1207 70 75 47 169 79 39 204 589 267 58 1199 251 101 4017 184
internal_value=0.00442377 0.00225467 0.0110619 -0.0061587 -0.000185785 0.00810142 0.0159261 -0.00111948 -0.0121508 0.00223131 0.000828339 0.01571 0.00858645 -0.000102023 0.000129565 -0.0434404 0.000565688 0.0010945 -0.0293987 0.00728385 -0.0283982 -0.0528545 -0.00181727 0.00867324 -0.0174394 0.0105873 0.0151166 -0.00252344 0.00674962 -0.0365302 -0.0427529 -0.00115383 -0.00314805 -0.0250827 -0.0272188 -0.00370503 -0.0460975 -0.0376568 -0.0425561 0.00406229 -0.00129081 0.00543191 -0.00400162 0.00788984 -0.0151768 -0.024374 0.00122147 -0.00559672 0.0205497 0.0289935 0.00743891 -0.000523701 -0.0432179 -0.0427596 -0.0584383 -0.00110214 -0.0022803 -0.00318069 -0.0175565 -0.0220767 0.00317203 -0.000987599 -0.0081103
internal_weight=11846.8 7452.68 1038.15 309.481 283.136 4394.12 1117.17 246.816 202.91 137.702 6414.52 377.646 329.259 6036.88 6019.97 59.4496 5960.52 5857.41 103.108 1874.49 70.0455 51.3449 3982.92 1804.44 122.999 1681.44 1249.98 431.461 313.582 74.4514 48.1646 3908.47 232.924 99.1173 117.879 246.185 38.1454 101.878 65.2071 208.04 36.5211 3276.95 676.902 2600.04 161.005 138.739 616.133 455.326 160.807 140.436 79.3287 3837.63 88.983 79.9125 63.2216 3773.15 3524.44 3407.25 450.596 416.896 112.247 2956.65 1119.67
internal_count=33596 23488 2670 1082 948 10108 1750 494 802 462 20818 1259 1143 19559 19442 320 19122 18577 545 5082 237 218 13495 4845 425 4420 3117 1303 874 454 132 13041 711 395 429 1028 264 394 340 764 151 8358 1970 6388 624 589 1642 1270 372 302 227 12685 452 327 288 12516 11927 11660 1609 1551 352 10051 4201
is_linear=0
shrinkage=0.05


Tree=69
num_leaves=64
num_cat=0
split_feature=19 75 66 48 75 32 51 67 49 62 58 62 66 52 66 50 55 65 68 66 52 44 17 61 61 20 17 55 65 6 52 0 59 79 0 18 59 50 30 30 58 65 7 59 62 65 64 5 75 54 68 66 67 69 65 19 2 4 48 65 53 53 5
split_gain=37.5941 26.1102 44.1879 40.0307 51.4632 30.0438 29.1899 29.7759 48.1065 32.6094 29.211 31.0535 28.3192 46.4927 40.2493 36.8379 28.9278 35.8362 35.7551 34.9738 32.6932 28.8962 27.815 33.5556 52.7769 46.9645 26.5643 25.3402 41.1326 31.6578 34.4287 41.0516 33.3765 30.6559 24.9847 35.2573 37.7127 24.1525 30.0045 32.2352 26.1325 38.6376 33.1885 31.1898 26.8327 25.0457 47.4428 43.9203 39.7389 35.3854 30.9134 53.3169 43.9508 29.6785 50.695 42.4977 39.9866 37.7694 32.7935 47.7117 59.0649 37.0715 37.2139
threshold=-2.020808100700378 -0.15167536586523053 1.2358047962188723 2.1052008867263798 -0.16753640770912168 -0.86983972787857045 0.56229794025421154 -0.67106902599334706 1.7552981376647951 0.18755206465721133 2.1235660314559941 -0.3886530846357345 -1.2341312170028684 -1.2357045412063596 -1.1055135726928709 0.2862915843725205 0.10082507133483888 0.83527117967605602 0.041359858587384231 -1.2948673963546751 0.42736305296421057 0.14862230420112613 1.9822254776954653 -0.09964932873845099 -0.027588795870542523 0.03218014910817147 1.7728133201599123 -0.14584469795227048 -0.26889021694660181 0.89361801743507396 0.92516046762466442 0.10925141349434854 0.26330535113811498 -0.2892365008592605 0.26100924611091619 -1.1157022118568418 0.86070215702056896 1.4748808741569521 -1.2021178901195524 -0.29303931444883341 -0.46223542094230646 -0.19274116307497022 -0.21709776669740674 -0.94762936234474171 -0.75063863396644581 -1.1750640869140623 -1.7693847417831419 -1.0867183804512022 -0.11703261733055113 -0.46041236817836756 0.55037027597427379 0.92855137586593639 2.6258536577224736 0.9099317491054536 0.4411997795104981 1.0110634565353396 0.35066583752632147 0.95017951726913463 -0.94221162796020497 0.39551034569740301 -0.095351018011569963 -0.14565923064947126 1.2742675542831423
decision_type=2 2 2 2 2 2 2 2 2 2 2 2 2 2 2 2 2 2 2 2 2 2 2 2 2 2 2 2 2 2 2 2 2 2 2 2 2 2 2 2 2 2 2 2 2 2 2 2 2 2 2 2 2 2 2 2 2 2 2 2 2 2 2
left_child=-1 2 3 6 5 -5 10 8 9 -8 12 -12 15 14 -14 16 17 18 -2 20 -20 -16 23 27 -25 34 -15 28 -9 30 31 32 -30 -29 35 -26 -37 45 -39 -40 41 43 44 -41 -42 47 -47 49 -49 -3 52 -52 53 58 -55 56 57 -56 59 60 61 62 -48
right_child=1 37 -4 4 -6 -7 7 22 -10 -11 11 -13 13 26 21 -17 -18 -19 19 -21 -22 -23 -24 24 25 -27 -28 33 29 -31 -32 -33 -34 -35 -36 36 -38 38 39 40 42 -43 -44 -45 -46 46 50 48 -50 -51 51 -53 -54 54 55 -57 -58 -59 -60 -61 -62 -63 -64
leaf_value=0.013447826131041094 0.0052836370771219242 0.030672824749695845 0.02712375277438004 0.032893366205707285 0.052384983805317399 -0.067027123474999742 -0.089737569357104807 -0.056511944508698321 0.045714521336764367 -0.018471315799205804 -0.085905959265479753 -0.0052580655936343952 0.034864101177976635 0.015848361217773013 -0.064672657066005779 -0.045135082137928981 0.030628099784316166 0.043870334989962095 -0.080785934484892186 0.012419867077046891 0.020174252205541723 -0.0051099509428795802 0.054656748807588619 -0.095565816490129518 0.025190835458261743 -0.085361678606454591 -0.030369936134956289 -0.014898416361093854 -0.10419310680438293 -0.040375219632713351 0.039960877668613587 0.031555267167437291 -0.0020320812538460269 0.032337263478951148 0.025231024962521872 -0.077709691733769987 0.014630725769165001 -0.03451854186223912 0.061416632975377167 0.0075730821063369359 0.020709974163581057 0.0051950492367424618 0.022582234797279867 -0.093398815524056433 -0.070245014710936762 -0.052104486829191991 -0.041107595982788681 -0.045267914147224378 0.017077835006870327 -0.042927817421000221 0.0027304888272266202 0.031242698462695097 -0.040119811331110387 -0.084376424512270801 -0.055789739967469387 0.042378805424968413 0.010811292797747191 0.029477758572431789 0.000791367006925507 0.0065373099539081094 -0.093131637415524285 0.04607709963362723 0.036525472257657919
leaf_weight=962.77987930178642 93.798604473471642 21.850702431052923 251.44723654538393 8.7165089249610883 14.609955534338949 50.033197611570358 29.100441142916679 32.663055244833231 16.132576063275337 36.288153937086463 14.947579547762869 58.592081736773252 26.178022887557745 1565.2171143330634 42.607797097414732 45.392394747585058 71.994234852492809 30.0432691834867 44.049638241529465 21.717461869120598 9.6638344526290876 39.327821236103773 23.101065833121538 20.037465244531631 29.04192291200161 17.862997442483902 31.55737816169858 45.603372160345316 15.112537149339913 30.980939477682114 69.024803526699543 28.949612066149712 17.074471786618233 136.98419843614101 58.642243836075068 30.596605241298676 17.11179307103157 34.99883609265089 32.484715156257153 12.404985707253219 14.38383339345455 201.09517512470484 361.28520646318793 19.430606529116631 18.191809954121709 43.729591680690646 101.50987018272281 26.585486948490143 588.02497991733253 63.172383217141032 1089.2203112449497 193.04204591363668 73.126284915953875 26.23971177265048 77.667810663580894 31.708361215889454 59.52032919973135 15.442642800509928 4470.9605768769979 130.44308682158589 33.419580075889826 18.73676635324955 18.054035115987062
leaf_count=1511 276 77 372 18 29 301 139 120 18 122 88 174 58 3229 229 184 163 48 257 54 24 122 53 97 39 99 168 115 73 92 79 47 40 203 114 145 40 122 31 30 30 438 671 98 90 258 407 108 1709 353 3165 291 304 167 352 104 184 25 15122 318 172 25 29
internal_value=0.00397767 0.00313682 0.00703821 0.00524634 -0.0311695 -0.0520866 0.00622091 -0.00299186 -0.0312474 -0.0503525 0.0091005 -0.0218128 0.0102286 0.0127795 -0.0189194 -0.0034897 0.00347466 -0.00632082 -0.0152814 -0.0408935 -0.0625251 -0.0361855 0.0010256 -0.00122873 -0.0194366 -0.00939462 0.01493 0.00714391 -0.00542733 0.00492498 0.0157684 -0.0114845 -0.050328 0.0205105 0.000646779 -0.0180805 -0.0445236 0.00159386 0.0104935 0.0128955 0.0103634 -0.00289325 0.0182148 -0.0539973 -0.0299902 0.000720617 -0.000263083 0.00970091 0.014366 -0.0239401 9.45669e-05 0.00702895 -0.0016629 -0.00109682 -0.0194626 -0.0101546 -0.0211215 -0.0415778 -0.000285131 -0.0162251 -0.0335388 -0.0190455 -0.0293226
internal_weight=11813.7 10850.9 3074.2 2822.76 73.3597 58.7497 2749.4 654.308 81.5212 65.3886 2095.09 73.5397 2021.55 1704.89 108.114 316.659 271.267 199.273 169.23 75.4309 53.7135 81.9356 572.787 549.686 173.293 153.256 1596.77 376.393 193.805 161.142 130.161 61.1366 32.187 182.588 135.393 76.7503 47.7084 7776.73 694.275 659.276 626.792 232.931 393.861 31.8356 32.5756 7082.45 6382.82 699.634 614.61 85.0231 6339.09 1282.26 5056.83 4983.7 210.579 184.339 152.631 93.1105 4773.12 302.163 171.72 138.301 119.564
internal_count=33620 32109 7429 7057 348 319 6709 1635 279 261 5074 262 4812 3806 409 1006 822 659 611 335 281 351 1356 1303 534 437 3397 769 451 331 239 160 113 318 338 224 185 24680 1510 1388 1357 566 791 128 120 23170 20923 2247 1817 430 20665 3456 17209 16905 832 665 561 377 16073 951 633 461 436
is_linear=0
shrinkage=0.05


Tree=70
num_leaves=64
num_cat=0
split_feature=17 58 19 44 78 7 0 58 79 18 59 41 1 76 63 17 76 10 24 32 57 6 68 59 76 78 65 3 2 2 1 64 52 63 62 4 52 59 73 73 45 27 17 3 58 78 79 70 55 63 53 65 5 67 67 63 66 44 4 4 61 64 17
split_gain=54.3328 37.47 34.5322 39.0611 33.7427 32.6385 39.2322 52.6837 40.734 39.2902 45.51 38.9678 43.95 34.9363 30.8327 38.151 29.8147 43.7876 35.6521 36.0954 33.1695 32.047 37.3941 28.6647 31.6581 43.1708 37.8468 27.7046 27.3504 42.4343 42.5591 42.6031 42.554 29.6425 29.0594 27.1518 54.6396 33.393 37.0025 27.0385 26.3141 51.1623 42.3286 44.5275 56.9506 49.0887 42.0201 64.9939 74.3163 63.0118 43.9639 43.8001 41.477 42.7794 40.6987 38.4887 52.5256 55.9345 42.8804 37.1649 36.6244 34.9232 38.149
threshold=-1.797680079936981 -0.27473263442516321 0.17182931303977969 -0.91552236676216114 2.1978039741516118 -0.21709776669740674 -0.25372573733329767 1.0286601185798647 -0.84923788905143727 0.57629173994064342 1.2597665190696719 -0.0065845134668052188 0.74079826474189769 0.12902805209159854 -0.22544032335281369 -0.30085094273090357 0.58499836921691906 1.0000000180025095e-35 -0.56028923392295826 -0.44828531146049494 -0.33018272090703243 -0.77268800139427174 0.45407101511955267 -0.51716130971908558 0.71581745147705089 2.8932973146438603 -0.3145796656608581 0.98937588930130016 0.63390856981277477 -0.13947886973619458 -0.82912448048591603 0.64381176233291637 0.88523685932159435 0.77839753031730663 -0.58458039164543141 0.51757994294166576 -0.52207010984420765 -0.78845474123954762 -0.24989776313304898 -0.21206251531839368 1.0000000180025095e-35 -0.65789636969566334 0.15028762072324756 -0.52544289827346791 0.54635766148567211 -0.31342741847038263 -0.1874180734157562 1.0000000180025095e-35 -0.32558405399322504 1.4301327466964724 -0.52290773391723622 0.56113454699516307 0.080880004912614836 -0.24780540168285367 1.1371814012527468 -0.23304188251495359 1.1655414104461672 1.0001809597015383 0.51757994294166576 -0.73709943890571583 -0.2665248960256576 -0.31178525090217585 0.47805899381637579
decision_type=2 2 2 2 2 2 2 2 2 2 2 2 2 2 2 2 2 2 2 2 2 2 2 2 2 2 2 2 2 2 2 2 2 2 2 2 2 2 2 2 2 2 2 2 2 2 2 2 2 2 2 2 2 2 2 2 2 2 2 2 2 2 2
left_child=1 2 35 -4 5 6 7 8 -2 11 14 -8 -13 -14 27 -16 40 18 -18 -20 -21 22 -22 -6 25 26 -25 -11 29 30 31 -10 -31 -32 -34 36 -1 -38 -39 -23 41 -7 -42 44 59 -45 55 49 -49 50 -48 -50 -47 -54 -53 56 58 -58 -43 -44 -57 62 -62
right_child=4 -3 3 -5 23 16 9 -9 28 10 -12 12 13 -15 15 -17 17 -19 19 20 21 39 -24 24 -26 -27 -28 -29 -30 32 33 -33 34 -35 -36 -37 37 38 -40 -41 42 46 43 45 -46 52 47 48 51 -51 -52 54 53 -55 -56 60 57 -59 -60 -61 61 -63 -64
leaf_value=0.033587597145844583 -0.09668727972068375 0.022371534520581604 0.024904007122290007 -0.046437628502561751 0.021914200193421093 0.018201490376600162 0.013575993690052898 -0.07497808188578052 -0.036560877909758198 -0.070089165619457702 -0.067112095363153046 -0.070966524707292034 -0.058246909551478668 0.034554392386521797 -0.071667007240175606 0.011667298136277633 0.033745025422969088 -0.040764164031660888 -0.078357488504221862 -0.035315476889409177 -0.078223008460036048 0.028210222575988892 0.023522046637564638 -0.055379363098339497 0.02333618712237244 -0.047926733998842369 0.011986925430647508 0.01610933596705166 -0.038648015410104875 0.023653283586786311 -0.071763169841168123 0.031187190308509884 0.0069237923164263415 0.011478666920977564 -0.09720552150879673 0.018123987015305328 0.0017003400726154938 -0.078593707684583611 -0.0012695992710493667 -0.021658651360959694 0.0066147390987801973 -0.053260927339367138 -0.065935185898103363 -0.029839821807806755 0.035910237996488514 0.021541709902293676 0.014830606534023677 -0.075247164276232861 0.015080861017175857 0.035658797204336096 -0.074682965189663289 -0.048298849607810501 0.0054009406141128187 -0.051536635781067944 0.011645505941467654 0.028278575011995124 0.0091768149886579352 -0.081830644403308894 -0.0016672811338598508 0.00059512542515972042 -0.048037369897664134 0.0059892283576434731 0.028493396372081387
leaf_weight=61.059248134493828 13.8491093814373 603.07128524780273 27.825183898210526 60.848540723323822 392.34645800292492 277.0894136633724 467.7928116004914 36.913327310234308 44.185619903728366 30.464276408776641 37.027455100789666 30.772327683866024 14.593371231108902 32.573143418878317 15.104111205786465 141.41586329229176 58.084899432957172 92.058160342276096 17.641143308952451 64.876850858330727 21.40735149756074 114.77179436013103 15.401242405176161 23.858932446688414 119.10190118476748 53.086813040077686 160.1107969507575 13.24361742287874 67.673383809626102 147.96406626328826 50.207405032590032 48.639963146299124 13.289293348789217 13.424467619508503 13.219941824674605 341.80263391137123 64.816495567560196 40.194749847054482 25.336321175098419 35.411325749009848 5297.8234699629247 105.03770871646702 23.749422941356897 260.19049956277013 122.9381328355521 125.53643059544265 15.868683867156504 35.111932404339314 206.28420596010983 19.291547782719135 95.717207150533795 67.730854986235499 78.800128290429711 56.458314459770918 48.358994070440531 156.72917724773288 231.16405013017356 18.109835915267467 65.617370713502169 173.96828649193048 63.536240397021174 529.68864633701742 21.720476852729917
leaf_count=79 82 945 64 221 693 776 1154 229 227 222 303 156 87 75 105 701 110 389 92 263 106 198 23 102 212 196 333 36 354 415 271 100 36 46 76 508 124 144 50 103 13515 572 211 1459 356 370 63 251 628 47 536 346 260 265 107 373 621 83 180 755 362 1742 87
internal_value=0.00352467 0.01349 0.00486693 -0.023992 0.00236117 0.001575 -0.00602881 -0.0178035 -0.0126575 0.000723892 -0.016252 0.00811489 -0.0245742 0.0056733 -0.00679283 0.00355302 0.00267597 -0.0103143 -0.00173242 -0.00940677 -0.00452837 0.00613968 -0.0355676 0.012592 0.00230521 -0.00824546 0.00319773 -0.0438795 -0.00970195 -0.00375766 -0.0226692 -0.00101219 0.0131757 -0.0541327 -0.0449869 0.00967919 -0.00537649 -0.0236787 -0.0488215 0.0164119 0.00335001 -0.00169671 0.00495955 -0.00545284 0.00919517 -0.014478 -0.00498253 -0.0173331 -0.00627533 -0.0474708 -0.0619065 0.00124236 0.000834563 -0.018349 -0.0232966 7.60225e-05 -0.0120995 0.00251488 -0.0334649 -0.00740037 0.00670889 0.00119966 -0.0284708
internal_weight=11722 1224.95 621.883 88.6737 10497 9748.53 1232.35 449.367 412.453 782.987 237.255 545.732 77.9388 47.1665 200.228 156.52 8516.17 419.653 327.595 269.51 251.869 186.992 36.8086 748.505 356.158 237.057 183.97 43.7079 398.604 330.931 156.457 92.8256 174.473 63.6319 26.5092 533.209 191.407 130.348 65.5311 150.183 8096.52 1957.06 6139.46 841.641 320.656 520.985 1679.97 488.363 357.486 130.877 111.586 322.374 260.795 135.258 116.09 1191.6 419.929 249.274 170.655 197.718 771.675 614.945 85.2567
internal_count=33595 2135 1190 285 31460 29924 4675 1836 1607 2839 1367 1472 318 162 1064 806 25249 1284 895 785 693 430 129 1536 843 631 435 258 1525 1171 644 327 527 317 112 905 397 318 194 301 23965 6774 17191 3676 1322 2354 5998 1978 1332 646 599 1081 895 525 453 4020 1456 704 752 966 2564 2191 449
is_linear=0
shrinkage=0.05


Tree=71
num_leaves=64
num_cat=0
split_feature=31 53 28 32 61 76 24 25 13 64 33 3 2 15 75 55 52 13 58 67 3 52 66 62 7 41 41 6 60 76 76 6 52 33 52 70 55 6 49 58 74 76 69 63 47 55 61 22 13 78 76 66 0 33 24 76 50 6 4 58 73 51 55
split_gain=40.9422 33.6233 47.1286 77.1214 47.8591 38.0065 34.345 40.6723 36.5089 33.8926 34.2499 32.5807 31.452 52.3614 36.3532 34.7101 29.798 39.4204 49.0349 43.5149 39.2838 36.2811 43.0352 51.5156 33.2898 34.6313 49.8559 33.2874 36.0989 36.5687 33.2769 44.5777 35.3574 31.8246 31.7426 39.4218 31.0139 30.7097 35.5498 57.6372 36.6404 37.2614 48.5607 35.9494 32.0405 31.6573 30.4591 30.1116 44.6386 43.4769 39.8195 49.2134 43.7264 42.2425 41.7705 36.5724 37.2249 34.8222 29.9885 29.6426 30.318 29.3744 30.6977
threshold=-1.3401193022727964 -0.01546459039673209 0.67110306024551403 0.70667505264282238 1.1010676026344302 0.084785081446170821 -0.024588216096162793 -0.18756352365016934 -0.47961321473121638 -0.66490197181701649 0.75747641921043407 1.3761965036392214 -0.97947984933853138 1.0000000180025095e-35 -0.23991958796977994 0.12693213671445849 0.22899264097213748 1.3625727295875552 0.030162270180881027 -0.30831311643123621 -1.808672249317169 -0.16026247292757032 -1.2841491699218748 1.6003861427307131 1.4624127745628359 -0.38991396129131312 -0.5320758819580077 -1.2003533840179441 -0.14924828708171842 0.010901656933128836 -0.0085482015274465067 1.1544541716575625 -0.30124269425868982 2.3314349651336674 0.28014476597309118 -0.74477985501289357 -0.34719868004322046 0.08462874218821527 -0.56329929828643788 -0.82288309931755055 -0.95828300714492787 -0.44350776076316828 -0.32153632491827006 -0.12842537462711331 -1.1740983724594114 -0.23244354873895642 0.27424640953540808 -0.64847618341445912 -0.78664422035217274 -0.54464384913444508 -0.3516585081815719 -0.2516349852085113 -0.015356792602688072 -0.18187005072832105 -0.61062997579574574 -0.053153211250901215 -1.2206446528434751 -0.40195645391941065 -1.3079621791839597 -0.86706227064132679 -0.07415102049708365 0.80325525999069225 1.0000000180025095e-35
decision_type=2 2 2 2 2 2 2 2 2 2 2 2 2 2 2 2 2 2 2 2 2 2 2 2 2 2 2 2 2 2 2 2 2 2 2 2 2 2 2 2 2 2 2 2 2 2 2 2 2 2 2 2 2 2 2 2 2 2 2 2 2 2 2
left_child=-1 16 4 -4 6 -6 7 12 -8 -5 -11 -12 13 14 -3 -15 21 20 19 -19 -18 30 23 27 25 26 46 -23 29 -29 31 33 -32 47 35 -22 -27 44 39 -39 -41 -42 43 -43 -38 -40 59 48 -2 50 51 52 57 -54 -53 56 -51 -49 -33 -24 -61 62 -58
right_child=1 2 3 9 5 -7 8 -9 -10 10 11 -13 -14 15 -16 -17 17 18 -20 -21 34 22 24 -25 -26 36 -28 28 -30 -31 32 58 -34 -35 -36 -37 37 38 45 40 41 42 -44 -45 -46 -47 -48 49 -50 55 -52 54 53 -55 -56 -57 61 -59 -60 60 -62 -63 -64
leaf_value=0.024122398886611881 -0.06084553982296427 -0.089982398180185413 -0.065309100270424789 -0.045382021970021613 0.00030118382041693969 -0.067194808104159495 0.052151584161495457 -0.013757797722418686 0.011378010953512806 0.017337258084696838 -0.068885940315108932 0.036972495989178011 0.012799169295526222 0.030036967289746353 -0.015567164577040691 -0.030023556113866076 -0.07244863831146979 -0.05052533609144802 -0.074518979197611454 0.0093848285486255612 0.019115843403840298 0.0289716029830492 -0.044959477376676521 0.050338642501652688 0.032479968916303413 0.040532378349359806 -0.040064019403951601 -0.081125650046051406 -0.068847470407750674 -0.0046998872874475022 0.0043299708463331718 0.014414747237027981 -0.027505358458147968 0.046425049316710598 -0.00014151099343136437 -0.0604167589298421 -0.054212783244944156 0.036234220527517562 -0.030607313946898536 0.052500829285207495 0.018199903086038714 -0.094379275031258883 -0.0091756449933927779 -0.0117357661496778 0.003383384598972946 0.022717493273024018 -0.05026579347645739 0.054490194411278427 0.029408643133764872 0.038248941743748349 -0.040502126557629914 0.046331523939774688 -0.070901961817645909 0.045310412200168293 -0.037363000950297827 -0.061072929253746834 -0.029757810795095159 -0.02408106478091528 -0.056090419559468453 0.02435566729879296 -0.014393595527279391 0.038151820837501495 0.015721778264029013
leaf_weight=228.15107263438404 15.75519699603319 18.573530256748199 54.734687931835651 34.458655744791031 50.29763656295836 35.35417958535254 97.382886111736298 186.45040975138545 126.77717871405184 170.67950147204101 24.180288510397077 10.231784936040638 1984.7608400713652 113.28453793749213 139.23614648729563 30.369811456650496 19.353112243115902 46.529823392629623 40.401763189584017 86.265345619991422 23.067961763590574 26.400835294276476 23.614980340003967 27.254320986568928 146.14281170070171 82.886336103081703 83.299688378348947 18.484817190095782 46.159584738314152 100.43485434353352 1990.3501064144075 18.844707326963544 91.083243004977703 29.143692519515753 2406.7941631637514 47.145396400243044 24.881417162716389 83.839813098311424 28.792181393131614 19.963923327624798 52.917148485779762 38.719631128013134 102.27846162393689 20.176791636273265 718.43164636008441 718.23288112878799 23.939477507025003 61.078059317544103 99.747488904744387 78.316981840878725 158.96346649155021 16.692387014627457 22.637684479355812 11.781658839434384 130.49742343090475 19.751040380448103 95.154060365632176 18.162415867671371 72.705063860863447 180.07395639643073 69.876529481261969 35.739671608433127 60.539733953773975
leaf_count=498 88 81 295 190 164 174 139 597 324 475 160 18 4409 163 439 100 145 228 244 253 54 63 79 49 233 177 325 110 259 306 6500 104 344 91 6645 226 94 140 104 22 126 200 316 72 1981 1296 112 190 280 229 922 43 162 41 706 118 421 99 390 346 219 63 175
internal_value=0.00315194 0.00273198 0.00719909 -0.0118188 0.00921263 -0.0275464 0.0103829 0.00868037 0.0291291 0.000404456 0.00814005 -0.0372501 0.010513 -0.00452124 -0.0244086 0.0172928 0.001082 -0.00327199 -0.0263341 -0.0115916 -0.00166896 0.00313512 0.00742282 -0.0138018 0.00934532 0.00785361 -0.0058935 -0.0229789 -0.03133 -0.0166797 -0.00059841 -0.00837763 0.0029332 -0.00481393 -0.00111103 -0.0342259 0.0106246 0.00924875 0.0146927 0.000671872 -0.0120554 -0.0181203 -0.0300798 -0.0662198 0.00144167 0.0206517 0.0036675 -0.00663586 0.0170122 -0.0104955 -0.0207754 -0.00872372 0.015955 -0.0309619 -0.0278125 0.00439627 0.00922929 0.0364105 -0.0415231 0.00842207 0.0135014 -0.00263055 -0.0120428
internal_weight=11638.2 11410.1 3076.77 294.285 2782.49 85.6518 2696.84 2472.68 224.16 239.55 205.092 34.4121 2286.22 301.464 157.81 143.654 8333.3 2669.56 173.197 132.795 2496.36 5663.75 2636.8 218.734 2418.07 2271.92 380.805 191.48 165.079 118.92 3026.94 945.511 2081.43 853.961 2477.01 70.2134 1891.12 1808.23 1064.92 317.896 234.056 214.092 161.175 58.8964 743.313 747.025 297.505 824.817 115.503 709.315 419.813 260.85 113.66 34.4193 147.19 289.501 269.75 79.2405 91.5498 273.565 249.95 191.433 155.694
internal_count=33616 33118 7728 1138 6590 338 6252 5789 463 843 653 178 5192 783 520 263 25390 7795 725 481 7070 17595 6629 787 5842 5609 1081 738 675 416 10966 4122 6844 3628 6925 280 4528 4351 2276 876 736 714 588 272 2075 1400 756 3537 368 3169 2163 1241 492 203 749 1006 888 289 494 644 565 659 596
is_linear=0
shrinkage=0.05


Tree=72
num_leaves=64
num_cat=0
split_feature=18 55 66 68 63 64 1 1 55 48 54 55 1 44 65 66 53 4 5 68 25 79 76 4 58 34 58 27 50 17 6 60 49 73 55 58 5 18 78 24 51 65 62 67 1 67 59 61 61 76 6 60 62 78 73 44 41 76 31 60 41 41 66
split_gain=25.7197 25.2593 30.6995 46.7859 29.8116 34.6039 28.2272 69.582 56.8648 48.7092 46.3693 57.2855 47.2436 58.9601 50.9447 42.6207 40.3178 40.7985 40.1516 45.8962 44.7561 41.3778 42.6157 41.2989 39.448 38.8946 40.7725 52.2019 44.6956 38.8218 35.8269 47.6598 47.8442 35.113 34.1633 33.745 38.2735 33.6059 34.0504 36.0246 33.6699 33.6023 49.885 48.9041 48.5771 40.2114 73.1646 33.1036 61.2376 38.0842 47.2388 39.0228 41.6528 51.5297 36.4104 33.0939 32.8484 36.1649 33.113 31.8916 49.4923 35.504 34.9692
threshold=-2.3423089981079097 -0.38121655583381647 0.5593709945678712 -0.10996756702661513 -0.250327318906784 -0.60976454615592945 -0.60035118460655201 -0.2339520528912544 0.6384284794330598 2.2209669351577763 -0.30962829291820521 -0.34244877099990839 0.017162001691758636 -0.82684364914894093 0.46975567936897283 1.0535963773727419 -0.31693269312381739 -0.44791857898235315 -2.0264650583267207 -0.31632314622402186 -0.25164520740509028 2.2816787958145146 0.20071019977331164 0.38166025280952459 3.1094784736633305 0.35409228503704077 2.0312962532043461 2.1703107357025151 1.2604004740715029 -1.2213047146797178 0.13163220882415774 -0.021317447535693642 1.5445468425750735 0.15501064062118533 0.10082507133483888 0.72439962625503551 -0.7217021882534026 0.56232470273971569 2.5414240360260014 -0.15186472982168195 0.77537590265274059 0.85050100088119518 -0.41222943365573878 -0.37346643209457392 -0.65741416811943043 0.23303259909152987 -0.71719267964363087 0.6203725039958955 2.1060402393341069 0.29752263426780706 -1.1493777632713316 -0.21182046085596082 2.9957865476608281 0.77401238679885875 -0.47851778566837305 -2.8773874044418331 -0.57777079939842213 0.58499836921691906 1.9321447014808657 -0.28899535536766047 -0.82274615764617909 -0.42037723958492274 0.042518431320786483
decision_type=2 2 2 2 2 2 2 2 2 2 2 2 2 2 2 2 2 2 2 2 2 2 2 2 2 2 2 2 2 2 2 2 2 2 2 2 2 2 2 2 2 2 2 2 2 2 2 2 2 2 2 2 2 2 2 2 2 2 2 2 2 2 2
left_child=-1 2 3 -2 -5 -6 8 30 9 37 18 -12 13 -13 -15 -10 17 -14 19 -9 -21 24 -23 -24 55 -18 27 28 -27 -17 31 33 56 -8 -35 -32 -37 41 39 40 -39 42 43 -3 45 -45 -47 49 54 -44 -51 -52 53 -53 -49 -20 -33 58 -58 60 -57 -62 -61
right_child=1 6 -4 4 5 -7 7 10 15 -11 11 12 16 14 -16 29 25 -19 21 20 -22 22 23 -25 -26 26 -28 -29 -30 -31 35 32 -34 34 -36 36 -38 38 -40 -41 -42 -43 47 44 -46 46 -48 48 -50 50 51 52 -54 -55 -56 59 57 -59 -60 62 61 -63 -64
leaf_value=0.014573916567631053 -0.04112686624130471 -0.024249416453886379 0.031082928020310815 0.073045184882030656 0.050106230173726229 -0.059236751759244893 0.0046267548216308201 0.043803103919238778 -0.054951660173207489 -0.045541315225124404 -0.067057247751132656 -0.055709328792683081 0.059524106357789944 0.014244155905193538 -0.03193282127787455 0.066285160447001765 0.011848970852880079 0.012921203744466118 0.05839511075462335 0.033194169962602015 -0.073939548793251 -0.05252868535921898 0.038871229438489641 -0.031190294700753823 -0.062031337381087792 -0.058080645428509804 0.046708363107331695 0.016644476729431212 0.020133698649249559 -0.039138001217048933 0.021055838531247262 0.0324027062503306 -0.10157436438437853 0.036954318999238733 -0.016794917072392883 -0.069613709318911823 0.0055504670435067892 -0.057569970550775541 0.027424829596995316 -0.0070460958514590782 0.015064616047925306 0.023191438486864158 0.014026156556243417 0.01417620842319248 -0.074345615810979454 -0.075131985335358725 -0.0010989237266321435 0.017930924371771947 0.025467211418030745 -0.075054488920083456 0.013650653134429267 -0.054145229546914503 0.054892113003154157 0.0014547986214847725 -0.066811734012080945 0.018512028556498358 -0.039834919903077901 0.034022864545722134 0.039322120889454852 -0.0074766385584569169 -0.053431309967923585 -0.014069169592103817 0.0074454948094670979
leaf_weight=525.52688985317945 45.235099226236343 287.60306738130748 171.6858885101974 21.633124496787786 14.366043057292702 14.362655922770498 626.22013134323061 91.343063857406378 81.058466333895922 56.517218731343746 25.567185375839472 56.075877815485001 82.903583826497197 198.48993655666709 85.318129539489746 16.59149944037199 1305.564900290221 109.14033380709589 20.385768558830023 19.10958088003099 19.633687881752849 18.284636285156012 133.36267213523388 24.811339519917965 30.473528355360031 86.23654904589057 25.424838926643133 59.255085865035653 23.002873852849007 18.175010498613119 1046.3828589692712 37.61621031910181 15.110824253410099 178.96198002621531 35.209437608718872 19.809995658695698 112.86597516387701 69.759798521175981 60.674159914255142 577.93807945400476 20.500382654368877 204.00604194775224 1139.2623982280493 354.14942364394665 20.939397964626551 38.379234652966261 252.62201143614948 16.286330938339233 48.017972864210606 21.635123915970325 243.58243262208998 78.3833890222013 18.130805388092995 88.475088935345411 55.199933918192983 110.72205485031009 112.91090191528201 25.919704906642437 14.81729752756655 924.4526831228286 62.086080655455589 748.54275301843882 682.13788149878383
leaf_count=803 195 896 280 24 26 74 1600 219 458 395 113 280 182 509 286 15 3300 304 42 56 130 111 316 104 215 463 65 179 49 93 1936 75 78 302 114 98 281 496 123 2656 56 371 2710 755 88 165 597 41 101 102 474 322 22 195 280 268 527 43 37 3622 305 2564 2015
internal_value=0.00376154 0.00325378 0.0184407 -0.00422033 0.0288459 -0.00440123 0.00288198 0.00472374 -0.000620556 0.000472431 0.00141657 0.00715298 0.0080927 -0.00890753 0.000338504 -0.0350972 0.0115119 0.0330858 -0.00267132 0.0244575 -0.0210192 -0.00395483 0.0194561 0.027837 -0.00555939 0.00874349 -0.0121337 -0.0210648 -0.0415617 0.0110751 0.0120645 0.00532452 -0.0161901 0.0106151 0.028091 0.018043 -0.0056787 0.00119834 -0.00838534 -0.0116481 -0.0410191 0.00363702 0.00213612 -0.00702212 0.000411269 0.00285652 -0.0109025 0.00724991 -0.018105 0.00916039 -0.00314188 0.000493407 -0.0168022 -0.0246507 -0.0474373 -0.00487972 -0.00936868 -0.0196421 -0.0305895 -0.00539424 -0.0128102 -0.0170963 -0.00113771
internal_weight=11728.8 11203.3 267.283 95.5969 50.3618 28.7287 10936 7168.15 3767.89 3652.06 4942.33 2056.98 2031.41 339.884 283.808 115.825 1691.53 192.044 2885.35 130.086 38.7433 2755.26 176.459 158.174 2578.8 1499.48 193.919 168.495 109.239 34.7665 2225.83 1046.77 206.375 840.392 214.171 1179.06 132.676 3595.55 728.872 668.198 90.2602 2866.67 2662.67 953.693 666.09 645.151 291.001 1708.97 119.504 1589.47 450.207 428.572 184.989 166.858 71.4863 2548.33 191.264 153.648 127.728 2527.94 921.351 810.629 1606.59
internal_count=33601 32798 599 319 124 100 32199 20788 11411 10845 15697 5730 5617 1075 795 566 4542 486 9967 405 186 9562 531 420 9031 4056 756 691 512 108 5091 2776 760 2016 416 2315 379 10450 3331 3208 552 7119 6748 2501 1605 1517 762 4247 422 3825 1115 1013 539 517 321 8816 682 607 564 8774 3137 2869 5637
is_linear=0
shrinkage=0.05


Tree=73
num_leaves=64
num_cat=0
split_feature=3 67 18 19 13 64 48 54 18 59 72 17 38 41 69 4 17 5 41 39 7 18 67 66 73 24 17 58 73 67 76 9 29 4 74 43 18 2 64 17 76 66 59 51 50 4 53 54 51 72 54 63 74 74 38 4 51 16 62 71 58 2 0
split_gain=37.7574 55.4199 44.982 37.8842 37.4584 34.5257 34.0672 32.8345 53.5187 33.048 33.3303 30.6845 29.8252 40.188 28.7858 40.4602 39.1126 53.1264 37.0797 36.6151 32.708 34.0953 30.3755 34.5592 31.7337 30.159 31.8531 37.4134 35.8527 50.6271 33.9008 40.0436 38.663 38.506 44.383 40.6447 40.7885 34.653 33.8618 44.2823 34.4903 31.789 35.4665 30.8348 30.0312 29.4376 27.8178 44.0597 40.3284 36.6386 33.2714 34.6859 32.3605 30.0306 32.4424 28.529 40.4638 32.5375 51.4565 31.107 35.7744 41.3839 30.9734
threshold=-0.622148036956787 -0.56643933057785023 -2.3955894708633418 -1.7127205133438108 0.44147975742816931 -1.7693847417831419 -0.95674097537994374 -0.49956814944744105 0.73258858919143688 2.6455838680267338 1.5274107456207278 -1.6876285076141355 5.0276894569396982 2.8023825883865361 0.41734452545642858 -0.10390114784240721 0.011979553382843735 -1.2158060073852537 1.9532189369201662 -0.56517028808593739 -0.21709776669740674 -0.62560907006263722 -0.52772873640060414 -0.71727865934371937 0.04035265929996968 0.013404697179794313 -2.230229258537292 -0.98983249068260182 -0.60176876187324513 -1.0285738706588743 0.33238174021244055 1.0000000180025095e-35 1.9095481038093569 0.57897815108299266 -0.050609376281499856 1.0000000180025095e-35 0.12217392399907114 0.79502040147781383 -0.24098843336105344 0.011670858133584263 0.19737975299358371 -0.91615968942642201 -0.55305314064025868 0.27155607938766485 -0.12641349434852597 0.33197925984859472 -0.0053284694440662852 -0.14584952592849729 0.73953098058700573 0.32125672698020941 -0.24757439643144605 -0.16612777113914487 1.5603774785995486 -0.058638820424675935 -0.84336283802986134 0.70177456736564647 -0.28005689382553095 1.0000000180025095e-35 0.21679470688104632 3.1957467794418339 0.44141012430191046 0.35066583752632147 -0.86111131310462941
decision_type=2 2 2 2 2 2 2 2 2 2 2 2 2 2 2 2 2 2 2 2 2 2 2 2 2 2 2 2 2 2 2 2 2 2 2 2 2 2 2 2 2 2 2 2 2 2 2 2 2 2 2 2 2 2 2 2 2 2 2 2 2 2 2
left_child=1 3 -2 -1 46 6 -3 8 -6 10 14 -7 13 -13 16 20 18 -18 25 -19 -16 -22 -17 -24 -25 26 -9 28 29 -28 31 32 33 -29 -35 36 -36 41 44 40 -40 42 -32 -43 -33 -41 47 50 52 -49 -4 -52 53 -48 -55 56 -56 58 -57 60 62 -62 -58
right_child=2 5 4 -5 7 11 -8 9 -10 -11 -12 12 -14 -15 15 22 17 19 -20 -21 21 -23 23 24 -26 -27 27 30 -30 -31 37 38 -34 34 35 -37 -38 -39 39 45 -42 43 -44 -45 -46 -47 48 49 -50 -51 51 -53 -54 54 55 57 59 -59 -60 -61 61 -63 -64
leaf_value=-0.083212922434097447 0.02164399701827583 0.061366903110652182 0.0039497611500237317 -0.014994647618525304 0.026148088849033621 0.048806740770299291 -0.038969822134107483 0.017888408986594783 -0.050145839187759472 -0.051930759519787331 0.010813400527916288 0.0014666953389582166 0.053635921379232114 -0.069942330832861319 0.025125673940286659 0.039032765591470044 0.038964598151874121 0.0050456407351877793 -0.050007515698240981 -0.048159822124966438 0.0059499969318381396 -0.068425160950330619 0.024031355123716604 -0.053349225505161274 0.006191696665412332 0.015925633184851407 0.047137267692140508 -0.044440078624353438 0.033787283022223259 -0.055574916727278968 0.0088154874357129331 0.066179187867550643 0.047468074814217921 -0.064897880340131331 -0.046916107710368291 0.045895574134330569 0.0065192225186015201 -0.04804648707853626 -0.091710586495995644 -0.043687561872543704 0.010464548775461643 0.039025757014482979 -0.080013651222566207 -0.0011440418291193027 -0.0051249165937652195 0.019449658759842697 0.014441768259831515 -0.060682647032482787 0.02589234249958149 0.0012882103075257908 -0.018745620144597835 0.046028489947152501 0.042071746215197409 0.032582958183438974 -0.061681168341461423 0.0092474343380310187 -0.042949637082012097 0.037082012765180243 -0.074780324279887123 0.051530472515742359 -0.092591142736132975 -0.0036345362116066496 0.0025947686267258131
leaf_weight=21.338249161839485 370.49249612540007 9.2828500270843488 3922.2614899501204 420.3132814951241 198.22868387028575 34.664941757917404 83.824536399915814 124.45518874377012 25.867984252050519 33.508556554093957 419.78382598981261 2198.7166219558567 26.965915117412806 19.779423294588923 26.45165335573256 98.566776365041733 26.323892073705792 41.058982646092772 43.421469867229462 148.98039294406772 24.447821576148272 40.978138443082571 111.52381133660674 36.684518910944462 56.780020676553249 180.26490769535303 18.701195813715458 220.70080490596592 91.2553167976439 32.943166557699442 26.598026916384697 30.536688905209303 16.700954299420118 36.465275846421719 60.959009796380997 32.672152072191238 85.661993011832237 30.0254235137254 25.916260626167059 24.303048603236675 11.951538614928721 90.485988989472389 19.226917769759893 100.57375276833773 28.247990977019072 75.565078504383564 517.6589736584574 47.522876668721437 381.34378722496331 47.463042434304953 26.68154638633132 89.459919411689043 63.423462064936757 62.611699689179659 38.464559808373451 108.72069711238146 44.011610742658377 71.782135508954525 21.773929480463266 20.722330763936043 26.846765477210283 25.648471716791391 241.85919195599854
leaf_count=86 503 11 10456 2076 441 34 463 206 220 182 837 7385 60 156 73 181 97 148 232 986 54 253 265 141 139 477 24 971 155 120 67 50 29 129 195 40 249 137 129 118 26 155 109 235 97 148 1050 266 622 132 77 130 110 106 225 239 174 106 99 17 148 88 642
internal_value=0.00298253 -0.00205847 0.00459091 -0.01832 0.00384282 0.000966287 -0.0288575 -0.00101858 0.0173006 -0.00268145 -0.00200074 0.00218752 0.00146346 0.000824657 -0.00466733 0.00742259 -0.00761451 -0.0274061 -0.00456711 -0.0366416 -0.0216095 -0.0405903 0.0162305 0.00522814 -0.0171565 -0.00311356 -0.00601775 -0.00883208 0.0149407 -0.0182655 -0.012545 -0.0187085 -0.0268816 -0.0297482 -0.0146831 -0.00441183 -0.0156798 0.00244009 0.000116609 -0.0134167 -0.0593886 0.008878 -0.028439 0.0178647 0.0318798 0.00400678 0.00612046 0.00393954 0.0116647 -0.0296954 0.00473261 0.0311014 0.00729582 0.00541917 -0.00162503 -0.00520891 -0.0129914 0.010061 -0.00478142 -0.0077463 -0.0114055 -0.0493127 -0.00441216
internal_weight=11640.5 2814.89 8825.57 441.652 8455.07 2373.23 93.1074 2696.82 224.097 2472.72 2439.21 2280.13 2245.46 2218.5 2019.43 395.433 1624 216.363 1407.63 190.039 91.8776 65.426 303.555 204.988 93.4645 1364.21 1183.95 1059.49 142.9 51.6444 916.591 649.681 453.16 436.459 215.758 179.293 146.621 266.91 196.521 137.736 37.8678 236.885 45.8249 191.06 58.7847 99.8681 5758.26 4133.39 1624.87 94.9859 4038.4 116.141 1243.52 1180.1 662.441 599.83 397.553 202.277 130.495 359.088 338.366 52.4952 285.871
internal_count=33576 10271 23305 2162 22802 8109 474 8115 661 7454 7272 7635 7601 7541 6435 1106 5329 1231 4098 1134 380 307 726 545 280 3866 3389 3183 299 144 2884 2181 1613 1584 613 484 444 703 568 421 155 566 176 390 147 266 14687 11061 3626 398 10663 207 3004 2894 1844 1738 1294 444 338 1069 1052 236 816
is_linear=0
shrinkage=0.05


Tree=74
num_leaves=64
num_cat=0
split_feature=66 55 68 43 73 76 12 66 6 3 52 76 73 68 51 17 4 17 4 3 60 67 41 39 41 78 67 64 64 55 2 53 3 6 4 51 3 76 22 18 5 64 0 4 2 0 52 51 65 7 49 53 50 61 7 65 1 68 52 60 41 5 50
split_gain=43.2342 42.9945 42.9771 41.2142 46.5044 34.8432 39.3513 38.8202 37.4546 34.5729 32.7557 52.7106 46.1947 42.9032 41.4301 37.744 40.6042 40.3483 87.5 54.4387 46.6164 42.5893 61.0305 40.7361 54.1566 35.663 35.0876 40.8775 50.8347 46.1308 38.223 34.5341 41.4791 34.4925 34.4571 48.2983 43.5561 42.8067 34.0997 34.0483 33.842 32.218 38.8154 52.3178 36.2267 34.502 33.2832 31.9138 53.4059 31.8994 43.1556 40.0067 42.0263 45.8272 43.5449 43.0672 40.0765 34.4692 40.1137 35.1244 40.2793 34.6972 35.6545
threshold=0.7487248182296754 -0.37985140085220331 -0.19250979274511335 1.0000000180025095e-35 -0.41870702803134913 -0.023546242155134674 -1.0549764856696127 1.3072590827941897 1.3709349036216738 1.795023560523987 0.84531325101852428 -1.2100114822387693 0.80026715993881237 -0.57770687341690052 0.55433243513107311 1.0774853825569155 -0.9672255516052245 0.011670858133584263 0.69146341085433971 0.21321986615657809 -0.30035586655139918 0.25939375162124639 -0.42037723958492274 1.1362565755844118 1.1256334781646731 -0.58311590552330006 -0.61355897784233082 -0.36066785454750055 0.26428698003292089 -0.35534045100212092 -0.91956731677055348 -0.025592951104044911 1.2826919555664065 1.8614922165870669 -0.60586664080619801 0.19588354974985125 -0.19006119668483731 -0.057666771113872521 -0.91634529829025257 0.65684133768081676 0.49492399394512182 1.0675251483917239 0.59704485535621654 0.82738310098648082 0.12978545948863032 -0.3883716613054275 0.7704564929008485 0.30740097165107733 0.84669354557991039 -0.91689383983612049 -0.51060709357261647 -0.12630090117454526 1.246280372142792 0.040025318041443832 1.0000000180025095e-35 -0.080421291291713701 1.0106287598609927 -0.57770687341690052 0.15039305388927462 -0.20526965707540509 -0.71231690049171437 -0.70498171448707569 -0.013116579968482254
decision_type=2 2 2 2 2 2 2 2 2 2 2 2 2 2 2 2 2 2 2 2 2 2 2 2 2 2 2 2 2 2 2 2 2 2 2 2 2 2 2 2 2 2 2 2 2 2 2 2 2 2 2 2 2 2 2 2 2 2 2 2 2 2 2
left_child=9 -2 3 4 41 7 -7 8 47 10 13 -12 15 38 -14 16 25 18 19 -18 -21 22 -22 24 -19 -13 27 30 -29 -30 -15 32 -20 -28 35 -32 -36 -38 39 -1 -31 42 44 -44 -3 46 -43 48 -4 50 -6 52 53 57 -55 -56 -53 58 59 60 -51 62 -59
right_child=1 2 5 -5 49 6 -8 -9 -10 -11 11 12 14 26 -16 -17 17 23 31 20 21 -23 -24 -25 -26 -27 33 28 29 40 34 -33 -34 -35 36 -37 37 -39 -40 -41 -42 45 43 -45 -46 -47 -48 -49 -50 51 -52 56 -54 54 55 -57 -58 61 -60 -61 -62 -63 -64
leaf_value=-0.053465638651215376 0.031548345495054676 0.013582094181743186 -0.0484450432415841 0.019328301690517139 -0.027451130069397298 -0.033325492946509133 0.024234517146870572 -0.047937448166874279 -0.045524001418711858 0.0445881442500905 -0.075036490040277515 0.0046465271680615049 -0.071708139559240089 -0.079589374177688577 -0.00048780745216777738 -0.043275486976208255 0.015428174606272164 0.0068387440350297403 0.010257468699219435 -0.10298499274000897 0.0053073257986786518 0.013608112009724643 -0.088126337619406234 -0.050825415867414341 0.068594192853100186 -0.076201291804931959 0.0033895384970610864 0.0144050699594967 0.035261549986353558 -0.016725397729292383 0.049732933670735086 0.028382570695400462 -0.074683332093110844 -0.028198820610349326 -0.069343289784495582 -0.038426813748615382 -0.063167433807562387 -0.002172525942705031 0.01539864470894081 0.029539305673366295 -0.072199895761206029 0.018057853630554441 -0.070335699015443981 0.030139607434784145 -0.019530482708556025 0.034990147191587197 -0.027008029537957209 0.022007467779042032 0.047969531439135904 0.032836247678846735 0.038695333168639774 0.0075108278736379297 -0.053763029632040285 -0.05236952584611794 0.063835909883335082 -0.04508090736138147 -0.046761378791061528 0.0080343598398724958 -0.049777516370661509 0.022451707910150276 -0.027787075487514207 0.012700959189018283 -0.064576109403688645
leaf_weight=36.226611517369747 181.85008880123496 397.3884165417403 44.570944383740425 367.33348277956247 33.694119095802307 30.892616853117943 680.0396172106266 34.209787964820862 29.632461570203304 46.032887525856495 26.743195850402117 23.448999406769872 46.488326795399189 27.043011821806431 36.608936037868261 53.087624900043011 38.597069036215544 785.04676486179233 44.767208412289619 33.486669164150953 26.750042408704758 31.355039037764072 49.737568132579327 28.710848938673735 37.112609643489122 32.107190318405628 4193.7716543506831 264.36297040246427 28.831068854779005 85.655166106298566 38.943909591063857 116.69158370047808 21.004669576883316 88.109701937064528 47.26677662320435 25.658306919038296 36.453181143850088 135.94274759292603 839.24826618656516 18.558887023478746 40.693991784006357 157.60033705458045 38.384662721306086 19.379119642078876 104.07735518366098 208.51349658146501 55.196781326085329 232.34639795869589 21.035931490361691 32.50432788208127 90.60210644453764 576.97572383843362 56.902308268472552 102.64408503472805 18.744294006377459 17.377372080460191 36.030164562165737 35.090799205005169 69.701408084481955 72.73271881788969 169.97066671587527 319.70481343194842 32.301938761025667
leaf_count=145 282 811 198 697 156 124 1099 123 102 60 141 93 256 190 98 365 81 1997 91 156 62 53 247 169 49 173 12975 849 62 375 120 164 80 332 365 164 203 410 2368 58 235 308 182 32 317 304 153 415 29 69 185 1372 226 539 28 79 190 143 327 156 672 770 156
internal_value=0.00375227 0.00775895 0.00669811 0.00363572 0.00145424 0.0152933 0.021722 0.00264465 0.00795522 0.00143611 0.00116414 -0.00561947 -0.00428936 0.00280934 -0.04043 -0.00201082 -0.000277085 0.00163448 -0.0123299 -0.0370688 -0.0514418 -0.03531 -0.0554202 0.00758859 0.00964049 -0.0420404 0.00100853 -0.00911454 0.00106078 -0.0216348 -0.0228396 0.0120446 -0.0168652 0.00273772 -0.0173971 0.0146356 -0.026843 -0.0151281 0.0128994 -0.0252536 -0.0346749 0.0100934 0.00221576 -0.0365471 0.00669721 0.0205351 0.00633767 0.0133042 -0.017429 -0.00363086 0.0207166 -0.00559958 -0.0121501 -0.0094192 -0.0357584 0.0113205 0.00430565 -0.00441508 -0.0159111 -0.00730072 -0.0180188 0.0058166 -0.0267385
internal_weight=11652 4267.43 4085.58 3012.85 2645.52 1072.73 710.932 361.796 327.586 7384.54 7338.51 1431.74 1405 5906.77 83.0973 1321.9 1268.82 1213.26 362.39 179.926 141.329 107.843 76.4876 850.87 822.159 55.5562 5012.73 730.851 419.543 155.18 311.308 182.463 65.7719 4281.88 284.265 64.6022 219.663 172.396 894.034 54.7855 126.349 980.54 559.23 57.7638 501.466 421.311 212.797 297.953 65.6069 1664.98 124.296 1540.68 927.675 870.772 138.766 36.1217 613.006 732.007 344.909 275.208 202.475 387.098 67.3927
internal_count=33430 10244 9962 7872 7175 2090 1223 867 744 23186 23126 4275 4134 18851 354 3780 3415 3149 934 599 518 362 309 2215 2046 266 16280 2973 1521 672 1452 335 171 13307 1262 284 978 613 2571 203 610 2107 1342 214 1128 765 461 642 227 5068 341 4727 3165 2939 646 107 1562 2293 1224 897 741 1069 299
is_linear=0
shrinkage=0.05


Tree=75
num_leaves=64
num_cat=0
split_feature=17 6 52 54 31 19 53 58 60 62 50 54 55 17 44 53 5 55 55 53 63 19 74 7 18 4 3 6 59 0 68 65 1 0 1 49 73 64 18 66 5 73 38 74 58 68 55 7 61 5 5 23 73 54 67 64 5 3 41 79 27 3 0
split_gain=32.5566 28.0232 34.4236 50.1521 34.3182 31.1118 26.5057 37.7526 27.2673 53.343 54.5719 42.8598 82.9247 46.8885 41.7394 41.3643 40.73 51.8438 40.8304 49.8697 44.339 43.4877 38.3767 37.5233 35.6104 37.4944 34.8041 38.842 34.0552 39.778 36.519 33.4116 33.1465 36.9743 45.2209 35.219 34.5709 34.1845 32.7021 32.0904 32.3131 38.1541 36.4969 31.5928 44.8466 38.6016 31.3249 32.1884 31.3217 32.1166 31.0481 41.6389 35.5459 54.8808 33.5672 39.3106 30.2617 30.2046 52.2017 37.0329 37.7259 75.6903 35.9754
threshold=-2.7295937538146968 1.7429904937744143 -0.071681983768939958 -0.24242231994867322 0.6620595157146455 0.91282114386558544 -0.85345754027366627 -0.52493697404861439 -0.20526965707540509 -0.42759382724761957 -0.63250669836997975 -0.54902806878089894 -0.28589354455471033 -1.3297510743141172 0.42559145390987402 -0.46825703978538508 -1.8640781641006468 -0.013741653878241776 0.99404832720756542 -0.29586814343929285 -0.19193141907453534 1.0547562241554262 -0.12843421846628186 6.8508422374725351 -0.1379677280783653 0.8330073654651643 -1.6916201114654539 -0.69390758872032154 2.0928518772125249 0.57145851850509655 -0.19250979274511335 0.6734544336795808 1.0719538331031802 -0.36623245477676386 -0.32625859975814814 1.0702625513076784 -0.48890833556652064 1.0519055724143984 1.231247127056122 0.14969983696937564 -0.94048517942428578 0.55015674233436596 -1.1822388768196104 -0.31206004321575159 0.40598608553409582 0.72921177744865429 -0.33576650917530054 0.20277985930442813 -0.37896911799907679 -1.8181677460670469 -1.6125627160072324 -0.2117979750037193 -0.4503179639577865 0.66399952769279491 -0.78500181436538685 0.38804523646831518 1.1861308813095095 0.31712646782398229 0.077189471572637572 -0.74741944670677174 -0.15981916338205335 0.65879514813423168 -0.71471819281578053
decision_type=2 2 2 2 2 2 2 2 2 2 2 2 2 2 2 2 2 2 2 2 2 2 2 2 2 2 2 2 2 2 2 2 2 2 2 2 2 2 2 2 2 2 2 2 2 2 2 2 2 2 2 2 2 2 2 2 2 2 2 2 2 2 2
left_child=-1 6 3 4 -3 -4 7 -2 9 10 31 -11 13 14 -13 -12 17 -14 19 21 -20 22 -18 57 -24 -26 27 -17 30 -30 32 39 33 46 -35 50 -37 -34 43 40 -8 42 -42 44 -21 -46 -28 -48 -15 -50 -36 -52 -53 54 55 -54 -33 58 62 60 -59 -62 -10
right_child=1 2 5 -5 -6 -7 8 -9 23 11 15 12 16 48 -16 26 18 -19 20 38 -22 -23 24 -25 25 -27 28 -29 29 -31 -32 56 37 34 35 36 -38 -39 -40 -41 41 -43 -44 -45 45 -47 47 -49 49 -51 51 52 53 -55 -56 -57 -58 59 -60 -61 61 -63 -64
leaf_value=0.020094190199650017 0.0093117889938402372 -0.044294649085010435 0.015465020742668388 0.025281384116834268 0.040166228678271063 0.062618622696426249 0.03369690389469103 -0.055509065662807326 0.002155169459332544 0.036560049426362727 0.031269268200834456 -0.014460149592938183 -0.069297442415725108 0.030565860514616308 -0.10094804281833554 -0.061356748180159397 0.028123257203257191 0.026081353726942303 0.060544969710856371 0.014947236584759729 -0.036634937883194107 -0.054262732902968173 0.013167023033989806 0.033963979089929965 -0.047424233449144954 0.01909628101463811 0.010242520369114293 0.019986712085222791 -0.086825313067717069 0.00073862109426011378 0.0094943528177264726 -0.05699651028699082 -0.050800959626447352 0.047076718366812986 0.041337321854180181 0.011111614836301516 -0.05955446777927989 0.01550491770379667 -0.035077167922382572 -0.024415214333597043 0.048328016777515248 0.039115445723823937 -0.035236958436131387 0.022198669417023035 -0.087514295989373533 0.0048195061157607069 -0.018607893516662026 0.010998178254284219 0.037660692509904031 -0.011298187914767839 -0.044134736978497333 0.023683795329228496 0.013746864957923658 0.034759592749481774 -0.0055738288668613564 -0.090217639637231645 0.020129933292448748 0.023362229277339757 0.011253623980432871 -0.00057838128993699758 0.041997857434561719 -0.071693410237902419 -0.014806514020494399
leaf_weight=276.03356082737446 42.28663431853056 78.701803516596556 472.35654150135815 67.087209597229958 14.050993029028175 37.796823853626847 64.446091754361987 47.48526019230485 433.2927708607167 138.22795595601201 121.40272050537169 33.233960673213005 33.256197089329362 59.512381386011839 24.195612050592899 44.108194066211581 107.54816275462508 24.701603043824434 13.981938207522033 122.68938490748405 69.78525554202497 35.600464893504977 95.691699236631393 75.586459221318364 76.054634377360344 29.15730943530798 186.20807040482759 21.792044337838888 22.933333493769169 29.425194835290313 1251.9242877624929 72.140110529959202 64.607449036091566 66.234412103891373 61.544924736022949 29.846539445221424 40.673047963529825 27.58645187318325 27.430982707068324 182.40632273815572 15.092039369046686 31.497728157788515 91.979089055210352 1452.5085361134261 23.502297021448612 21.544802263379097 499.13432207144797 112.1988269649446 35.963576840236783 464.74709137156606 41.582643065601587 213.20080582052469 13.594628131017087 76.995608493685722 223.31254279240966 26.754237998276949 15.274976931512354 323.54568923637271 352.11071177385747 1678.8421337623149 26.65640888735652 32.166146848350763 1117.6133230682462
leaf_count=400 124 359 992 157 33 72 211 303 1646 320 292 87 188 115 104 287 204 59 24 225 356 262 207 161 428 71 410 71 133 95 2780 407 344 73 117 54 147 72 180 819 24 69 476 2991 107 43 1547 257 90 1514 158 387 39 128 662 144 37 650 1427 4755 55 173 4498
internal_value=0.00312822 0.00271451 0.0126342 -0.00758735 -0.0314165 0.01898 0.00209086 -0.0249435 0.00232102 0.00431682 0.000295692 0.00939173 0.00802357 -0.00810398 -0.0510973 0.00265718 0.0126951 -0.028586 0.0138516 0.0152915 -0.0203018 -0.00200889 0.00402149 -0.000907367 -0.00886341 -0.0289413 0.00151704 -0.0343926 0.00231189 -0.037612 0.00302697 -0.0155482 -0.00177984 -8.70763e-05 0.00754911 0.00393754 -0.0296017 -0.0309113 0.0189069 -0.00919626 0.00445844 -0.00911832 -0.0233774 0.0198261 -0.00069031 -0.0433299 -0.00769312 -0.0131652 -0.00367939 -0.00776491 0.00754915 0.00404204 0.00767541 -0.0023328 -0.0131927 -0.0551182 -0.0434546 -0.00157437 -0.00611721 0.00261749 0.016659 -0.0201036 -0.0100647
internal_weight=11612.8 11336.8 669.993 159.84 92.7528 510.153 10666.8 89.7719 10577 6537.23 3647.9 2889.33 2751.11 617.653 57.4296 3175.06 2133.45 57.9578 2075.5 1991.73 83.7672 344.052 308.452 4039.81 200.904 105.212 3053.66 65.9002 2987.76 52.3585 2935.4 472.836 1683.47 1591.28 793.739 727.505 70.5196 92.1939 1647.68 385.421 203.015 138.569 107.071 1620.25 167.736 45.0471 797.541 611.333 560.223 500.711 656.985 595.44 553.858 340.657 263.661 40.3489 87.4151 3964.23 1903.02 2061.21 382.368 58.8226 1550.91
internal_count=33620 33220 1613 549 392 1064 31607 427 31180 17815 10240 7575 7255 1910 191 8197 5345 247 5098 4718 380 1172 910 13365 706 499 7905 358 7547 228 7319 2043 4539 4123 1909 1836 201 416 3546 1599 780 569 500 3366 375 150 2214 1804 1719 1604 1635 1518 1360 973 845 183 444 13204 7571 5633 878 228 6144
is_linear=0
shrinkage=0.05


Tree=76
num_leaves=64
num_cat=0
split_feature=56 17 47 4 33 48 69 73 53 15 6 19 50 66 75 79 33 64 73 41 4 50 69 52 55 33 55 62 78 75 73 51 61 54 61 6 53 66 66 18 44 60 59 52 44 62 48 79 60 60 28 2 3 59 6 48 59 62 19 50 4 53 0
split_gain=41.4498 30.5208 30.1102 34.9515 32.5973 27.5747 49.1565 49.9538 30.7015 29.6002 34.8639 25.4986 45.1114 56.3651 40.2422 54.106 41.752 39.2451 37.4377 37.0196 37.4347 36.9765 36.3507 35.0961 43.9909 34.8539 33.2058 31.2878 54.3645 33.8097 31.1527 30.4856 30.4298 55.6275 56.4749 45.2437 38.6201 34.7168 40.9518 40.9218 41.2716 55.0449 47.9195 38.736 38.0221 55.6589 49.4614 62.6115 46.8118 37.323 39.3749 36.7355 33.5518 33.1045 32.3587 35.2926 32.3368 31.2817 35.3462 31.1562 33.0924 31.1364 30.3105
threshold=1.7695899009704592 -2.8734526634216304 -1.402715742588043 0.51757994294166576 0.54024001955986034 -0.76551604270935047 1.0000000180025095e-35 -0.12495160102844237 0.0069553793873637923 1.0000000180025095e-35 1.4199244379997256 -0.82176959514617909 0.054330537095665939 -1.4163396358489988 -0.15167536586523053 0.37258328497409826 2.0508378744125371 0.34177130460739141 -0.29005762934684748 2.4063600301742558 -2.533348441123962 -0.90510183572769154 0.9099317491054536 0.29636372625827795 -0.35438446700572962 1.6907885670661928 0.10082507133483888 -0.51602330803871144 0.24396750330924991 -0.27952921390533442 -0.54020181298255909 -0.96708393096923817 -0.35960525274276728 -0.20309481024742124 -0.40034021437168116 0.14950676262378695 0.69658455252647411 0.19852691888809207 0.11873632296919824 -0.88908022642135609 0.62845921516418468 -0.26025962829589838 1.3559197187423708 1.4529005289077761 1.1690349578857424 -0.34991133213043207 0.69116780161857616 1.3907676339149477 -0.21755432337522504 0.50350883603096019 1.0000000180025095e-35 -0.13947886973619458 1.331387519836426 -0.73930665850639332 -0.085510570555925355 -0.89440542459487904 0.79950302839279186 -0.51534879207611073 -0.45481085777282709 0.094857282936573042 0.97736346721649181 2.077521920204163 -0.441146969795227
decision_type=2 2 2 2 2 2 2 2 2 2 2 2 2 2 2 2 2 2 2 2 2 2 2 2 2 2 2 2 2 2 2 2 2 2 2 2 2 2 2 2 2 2 2 2 2 2 2 2 2 2 2 2 2 2 2 2 2 2 2 2 2 2 2
left_child=1 -1 3 -3 5 -5 7 8 9 -7 -11 -4 14 18 21 -16 17 23 22 20 -15 27 26 24 -17 31 -14 28 -13 -29 -31 -22 33 34 35 -33 -35 38 43 -39 41 -41 51 44 45 57 47 59 -46 50 -42 54 -45 -36 55 -43 -53 58 -34 -47 61 -61 -23
right_child=-2 2 11 4 -6 6 -8 -9 -10 10 -12 12 13 19 15 16 -18 -19 -20 -21 25 62 -24 -25 -26 -27 -28 29 -30 30 -32 32 37 36 53 -37 -38 39 -40 40 49 42 -44 52 48 46 -48 -49 -50 -51 -52 56 -54 -55 -56 -57 -58 -59 -60 60 -62 -63 -64
leaf_value=0.022386602945785254 0.049297194272276891 0.0073158070303802961 0.0070753335438142944 -0.0020048289658081298 -0.061472522617296126 0.024193564257647474 -0.071661266978756202 -0.08398238153566906 -0.043996397436116018 -0.074570690690723113 0.022555803265771758 0.019819459312137334 -0.057698600897021259 -0.05455555457378352 0.0044292420989500278 0.040356558809527994 0.049933595963663896 -0.044399398514756383 -0.074528799910421314 -0.050819031987159591 -0.060797703904664824 0.0041404680358676461 0.026673833042624363 -0.076988256700788585 -0.011544336020417257 0.033806773430448245 0.015621770174830213 0.01730892910860678 -0.067937110990565097 0.022063391826807516 -0.044643408266643481 0.014835420137810144 0.04414602491159289 -0.077374276022783517 -0.0064833213997568043 -0.012540995150193133 -0.0090503393208632901 0.020099898585382799 -0.08114591680827829 -0.082539738394287604 -0.072299351569656764 0.050334110176950657 -0.075904576538544835 -0.047201254599328807 -0.045591687805900775 0.024462935930904608 0.017456156675470721 0.018054745474689649 0.028735416229004836 0.0090153367582003433 0.01837189001157908 0.016518057668379976 0.032216635916931198 0.055264880209353412 0.012001004926907559 -0.051901249919654828 0.071287032542013767 0.042272155436880669 -0.048581644515851424 -0.054446440656973696 0.02389750181867879 0.014484145164430726 0.021531042426500158
leaf_weight=193.53079309314489 47.834109395742416 322.80088374577463 2957.9519368689507 381.71734516322613 32.654217232018709 88.952830258756876 43.673063673079014 21.520454399287701 35.536363057792187 19.581540107727051 17.236847832798958 29.568004025146365 54.284523457288742 32.234073106199503 2755.0271182153374 45.182432744652033 25.751949349418283 94.654881052672863 40.53986681997776 37.930781416594982 21.339329313486814 377.41130235418677 31.770242838189006 18.23662956058979 412.61051304079592 72.162850109860301 21.380937870591879 172.37043450400233 43.286753304302692 26.143316354602575 52.098190251737833 423.86536738649011 16.547192081809044 28.565412875264883 27.65721177496016 234.0812387894839 75.167467411607504 229.87142837792635 21.061665512621403 17.884568683803082 57.245045315474272 10.069782242178915 16.33034854568541 102.69928542897105 25.345700778067112 17.519631020724773 68.017581753432751 56.937062241137028 125.50129683688283 35.549155309796333 14.984937984496353 113.25164978019893 15.126409672200678 98.138046231120825 104.61839379183948 48.836731972172856 35.477730222046375 62.511909436434507 26.667016485705972 212.66520877555013 16.467522092163563 17.587628975510597 750.29271963052452
leaf_count=268 45 719 5981 835 134 156 165 103 113 77 27 93 309 231 9926 124 82 474 259 254 126 987 72 114 1851 202 75 471 244 65 309 1091 24 142 80 735 215 377 120 95 263 12 101 493 93 44 226 154 297 119 45 356 27 134 277 255 51 118 128 1098 32 41 1580
internal_value=0.00289158 0.00269913 0.00236405 -0.00608985 -0.01285 -0.0102217 -0.0240403 -0.0126045 -0.00300473 0.0085634 -0.0290267 0.00314578 0.00158913 -0.00362281 0.00448546 0.00147191 -0.0121785 -0.0149983 -0.033605 -0.00185893 -0.00110667 0.0114412 -0.0180613 -0.0091335 -0.0064033 -0.000399145 -0.0369211 -0.00344775 -0.0322743 0.00492194 -0.0222907 -0.00144082 -0.000898576 0.00640828 0.0109678 0.00508754 -0.0279696 -0.00531712 -0.0124954 0.00290938 -0.00578135 0.00261343 0.00728716 -0.010585 -0.00576272 -0.0124662 -0.0212109 -0.0294182 0.0161917 -0.0327912 -0.05342 0.0116769 -0.0369445 0.0416549 -0.0046525 -0.0342842 0.0296553 0.0196668 -0.0129398 -0.0396692 -0.0442516 -0.0491555 0.0157162
internal_weight=11633.5 11585.7 11392.2 963.674 640.873 608.218 226.501 182.828 161.308 125.771 36.8184 10428.5 7470.53 2667.89 4802.63 3351.46 596.436 570.684 147.976 2519.92 2481.99 1451.17 107.436 476.03 457.793 2449.75 75.6655 323.467 72.8548 250.612 78.2415 2377.59 2356.25 887.475 783.742 657.947 103.733 1468.77 784.655 684.12 454.248 346.469 328.585 763.593 645.768 494.921 389.195 321.177 150.847 107.779 72.23 312.254 117.826 125.795 163.525 58.9065 148.729 105.726 43.2142 264.24 246.72 230.253 1127.7
internal_count=33714 33669 33401 2329 1610 1476 641 476 373 260 104 31072 25091 8771 16320 12571 2645 2563 715 8056 7802 3749 456 2089 1975 7571 384 1182 337 845 374 7369 7243 2397 2040 1826 357 4846 2895 1951 1574 1147 1052 2775 2255 1865 1595 1369 390 427 308 951 520 214 544 267 407 270 152 1215 1171 1139 2567
is_linear=0
shrinkage=0.05


Tree=77
num_leaves=64
num_cat=0
split_feature=49 1 50 66 47 4 73 54 21 69 58 18 55 17 59 7 63 13 19 13 76 2 17 28 13 76 64 63 19 1 4 59 56 43 5 38 5 57 13 55 62 17 5 47 69 50 0 6 54 60 65 19 64 55 0 50 62 51 18 55 5 5 79
split_gain=28.9643 31.3401 70.0474 42.4688 33.7071 30.7039 35.7989 32.736 32.5707 33.1844 51.2703 31.8966 45.9004 41.8248 70.4898 33.1019 37.3866 41.2277 31.5255 42.4312 44.857 36.8342 29.4524 34.8292 36.3188 32.0318 30.2914 29.0215 27.0178 26.3558 26.0597 37.1445 25.0719 25.221 49.9392 40.9524 52.6962 34.4195 44.1643 45.3527 41.7969 42.5242 38.5535 40.4122 39.4095 46.0407 38.0669 45.4187 61.9635 60.4374 48.7639 43.6837 40.8285 78.9442 68.0526 55.3302 47.4205 46.7317 42.6276 38.6695 37.0245 39.275 35.4053
threshold=0.38520649075508123 -1.0989549756050108 0.51022958755493175 -0.94712322950363148 0.99479478597641002 -1.2067254185676572 0.35860645771026617 -0.26474797725677485 0.76389059424400341 0.41734452545642858 -0.80526670813560475 0.37059545516967779 0.0016671926132403316 -1.1736623048782346 -0.94762936234474171 1.4624127745628359 0.5151737928390504 -0.47961321473121638 0.93089431524276745 1.0000000180025095e-35 0.056388203054666526 -0.068001747131347642 -0.6139918565750121 0.26105133257806307 1.0000000180025095e-35 -1.0683478713035581 0.92338228225708019 -0.12804692238569257 1.837817430496216 -0.58658981323242176 0.15106545388698581 -0.62000736594200123 0.60486671328544628 1.0000000180025095e-35 -1.54780638217926 -0.14040490239858625 0.3149664849042893 0.87935176491737377 -0.17258223891258237 -0.27599415183067316 0.99782994389534008 0.030660311691462997 0.080880004912614836 0.44039765000343328 0.17105090431869033 0.98121026158332836 0.39692042768001562 -0.89383780956268299 -0.36847645044326777 -0.093445461243391023 -3.7508060932159419 -1.4903840422630308 0.099952127784490599 -0.19857938587665555 0.46462577581405645 0.29633936285972601 1.0192574858665469 0.29943543672561651 -0.25342804193496699 0.10084490478038789 0.41358886659145361 0.92653861641883861 0.14349182695150378
decision_type=2 2 2 2 2 2 2 2 2 2 2 2 2 2 2 2 2 2 2 2 2 2 2 2 2 2 2 2 2 2 2 2 2 2 2 2 2 2 2 2 2 2 2 2 2 2 2 2 2 2 2 2 2 2 2 2 2 2 2 2 2 2 2
left_child=1 2 3 -1 -5 6 7 8 9 10 -2 18 15 -14 -15 16 22 30 -7 20 -20 -22 23 24 26 -24 -13 -27 32 -9 -18 -32 33 37 -35 -36 -37 46 40 -40 41 -39 -41 44 -44 -46 47 48 51 59 -49 -3 55 -54 -55 -48 -57 58 -56 -50 -59 -62 -61
right_child=5 28 -4 4 -6 11 -8 29 -10 -11 -12 12 13 14 -16 -17 17 -19 19 -21 21 -23 25 -25 -26 27 -28 -29 -30 -31 31 -33 -34 34 35 36 -38 38 39 42 -42 -43 43 -45 45 -47 52 50 49 -51 -52 -53 53 54 57 56 -58 60 -60 62 61 -63 -64
leaf_value=-0.054811140773490821 0.0020439296027576275 0.024382576666706204 -0.055943840712507166 0.021050647404705421 -0.044770467944342168 0.012820425332051119 -0.056403917613426835 -0.030795443417239624 0.035909771500891051 0.010579224560493893 -0.076608652809257466 -0.097783773875582847 0.021898149553853982 0.043188527168476099 -0.041481886829756426 0.039665556443404339 0.058401394644238373 -0.044902913307675985 0.0041891017752593903 0.017851917405419686 -0.08505283849080518 -0.013104835628080081 -0.051413894043941567 0.036144656410738052 -0.0024370554603940072 0.0093469266590043617 -0.0026513296541083985 0.038418221373075871 -0.061980277812962982 0.031947642141698582 0.033256640445455496 -0.07553264712529599 0.045719878336567606 -0.056890902504998953 0.017716343039067939 -0.073460652800351064 0.014087742893385963 0.029029194717210133 -0.052563689285977079 0.016791646427411488 -0.0278648418758842 -0.0081341785822322248 -0.0056132923402011691 0.018932372075523889 -0.078347691051332727 0.012394754109754762 0.010306044334496554 -0.061422410073213855 0.016913710433413446 -0.033971534881226513 0.0053831372798059775 -0.039918138079724524 -0.043570897664901125 -0.078649958744824749 0.007258987382256183 -0.044724845113375072 0.024737168394353515 0.020525729725454148 -0.051937024110160691 -0.075631927887267525 -0.054183021445067862 0.0048604576398553236 0.015567158772785012
leaf_weight=28.334605989977717 34.598716743290424 30.456525810062885 74.401607252657413 135.09653141349554 22.586853517219424 2610.6591856330633 34.340619973838329 20.759691990911961 24.113622769713402 39.220048051327467 51.08366172388196 25.654143676161766 51.700930193066597 28.812230907380581 162.72991819307208 69.319147165864706 19.5807189270854 75.209985105320811 72.885439053177834 109.38613058067858 38.099498927593231 33.723080910742283 19.038981352001429 25.583946041762829 51.899383425712585 514.12897662818432 12.56546727567911 103.22928441315889 16.012172423303127 83.582994814962149 17.596345663070682 13.961856409907339 33.821134455502033 25.775117203593254 648.80487767979503 29.344619186595082 41.060308642685413 454.10618797875941 38.805044030770659 269.75789577327669 43.931848667562008 92.396659955382347 126.0140183288604 85.464093936607242 49.31043379381299 19.334441833198071 455.6013162266463 27.44385389611125 310.05245190300047 95.938478907570243 3155.450482679531 191.9339595772326 187.04143634624779 29.940127544105053 51.695408970117569 95.346920760348439 32.914212787523866 224.27401787415147 73.232751872390509 23.08097168430686 39.888700198382139 94.797308124601841 19.482497282326221
leaf_count=212 105 49 320 346 159 4642 176 85 65 98 294 120 95 48 790 123 47 393 216 255 186 104 104 42 123 1485 29 227 152 158 36 82 36 149 1435 160 113 811 163 675 175 340 377 206 228 33 1695 152 832 491 9374 1246 992 154 124 472 90 563 529 160 191 272 49
internal_value=0.00396461 0.0020555 -0.0149746 0.00140631 0.0115682 0.00720399 -0.00856918 -0.00204616 -0.0170988 -0.0273932 -0.0448249 0.00832429 0.00144242 -0.0179231 -0.0287036 0.0064192 0.0037858 -0.0213593 0.0111835 -0.00561359 -0.023386 -0.0514056 0.00801897 -0.0151577 -0.0298013 0.0122423 -0.0667261 0.0142215 0.00267995 0.0193991 0.0131887 -0.0148021 0.00282743 0.00262067 0.0113222 0.0137813 -0.0223838 0.00159363 0.00929766 -0.000385414 0.0189589 0.0227365 0.0032966 -0.00968262 -0.0222748 -0.0527357 -0.000173344 0.00231042 -0.00950863 0.00118103 0.00480364 -0.0310826 -0.00762745 -0.0157629 -0.00562409 0.0021308 -0.0268553 -0.00108004 -0.0274154 0.0107663 0.00807658 -0.012616 -0.0338317
internal_weight=11716.4 7372.93 260.42 186.018 157.683 4343.46 287.699 253.359 149.016 124.902 85.6824 4055.76 1191.01 243.243 191.542 947.768 878.449 126.349 2864.75 254.094 144.708 71.8226 752.1 115.703 90.119 636.397 38.2196 617.358 7112.51 104.343 51.1389 31.5582 7096.5 7062.68 744.985 719.21 70.4049 6317.69 1179.12 588.686 590.435 546.503 549.881 280.123 194.659 68.6449 5138.57 3853.84 670.945 448.554 3182.89 222.39 1284.73 700.87 513.828 583.862 128.261 483.888 124.928 352.616 358.96 134.686 42.5635
internal_count=33653 23525 1037 717 505 10128 981 805 562 497 399 9147 3744 933 838 2811 2688 558 5403 761 506 290 2130 314 272 1816 149 1712 22488 243 165 118 22336 22300 1857 1708 273 20443 3008 1682 1326 1151 1519 844 638 261 17435 12353 2827 1532 9526 1295 5082 2825 1833 2257 562 1679 653 1041 1026 463 209
is_linear=0
shrinkage=0.05


Tree=78
num_leaves=64
num_cat=0
split_feature=73 61 55 34 17 47 74 51 6 78 67 59 53 52 61 5 64 61 61 73 5 1 75 64 54 41 33 1 40 49 17 77 63 60 52 0 64 2 67 7 78 75 53 51 2 47 5 2 60 66 52 6 26 66 57 73 10 64 65 61 20 51 12
split_gain=30.9672 40.8776 63.4546 26.5647 24.6947 27.9611 46.9291 47.9211 34.1625 35.314 38.8839 65.7913 37.0119 35.7395 45.1239 43.3646 34.8574 51.2395 43.6675 40.8264 39.0811 38.7344 38.9662 33.8072 33.2876 44.9507 32.0162 31.8621 31.3807 43.3494 34.655 29.6968 27.7498 35.7314 45.8012 34.0862 32.3233 34.4872 31.1878 27.1596 35.2853 37.57 35.1108 32.3994 38.2457 36.8401 56.9085 45.7397 39.5873 35.0705 26.8487 29.1702 28.1192 41.5025 35.6222 28.4394 27.1599 26.3844 26.3301 26.1388 29.8388 26.2988 25.9868
threshold=2.5249007940292363 -0.25676424801349634 0.075119532644748702 1.5524938702583315 -3.0606709718704219 -1.402715742588043 -0.24608129262924192 -0.057022046297788613 -0.70648595690727223 2.6143867969512944 0.036904830485582359 -0.15762495249509809 -0.21471091359853742 0.82784667611122142 -0.34976588189601893 1.1183988451957705 1.0675251483917239 -0.34525945782661432 -0.25101804733276362 -0.41529291868209833 -0.29703077673912043 -0.84138950705528248 -0.16565560549497602 -2.5295252799987789 -0.40637281537055964 -0.22363532334566114 0.40547293424606329 0.025367300957441333 -0.28823566436767573 -0.036330394446849816 -0.039122426882386201 1.4781925678253176 0.75768798589706432 -0.21182046085596082 1.3481011390686037 0.14537592977285388 1.0991699099540713 0.35066583752632147 -0.1725194230675697 0.76261669397354137 0.33672848343849188 -0.080446172505617128 -0.15150053054094312 0.63996189832687389 0.12978545948863032 -1.7589017152786253 1.2742675542831423 -1.1478331089019773 0.015442746691405775 1.1941231489181521 -1.3093136548995969 -0.99247887730598439 -0.23797813802957532 -0.30998930335044855 0.87935176491737377 -0.09174995124340056 1.0000000180025095e-35 0.72709599137306224 0.43548861145973211 -0.3402217030525207 -0.028896552510559555 0.69572061300277721 1.0000000180025095e-35
decision_type=2 2 2 2 2 2 2 2 2 2 2 2 2 2 2 2 2 2 2 2 2 2 2 2 2 2 2 2 2 2 2 2 2 2 2 2 2 2 2 2 2 2 2 2 2 2 2 2 2 2 2 2 2 2 2 2 2 2 2 2 2 2 2
left_child=4 2 -2 -3 -1 6 7 -6 9 10 11 13 16 50 -15 23 17 21 -19 -20 -21 -12 -23 -16 25 -22 28 -9 29 -8 -31 32 33 36 -35 -34 37 -13 -39 40 41 42 -30 44 45 -43 47 -47 57 -46 51 -7 53 54 -52 -55 -53 -49 -28 60 -14 -62 -54
right_child=1 3 -4 -5 5 8 26 27 -10 -11 12 31 59 14 15 -17 -18 18 19 20 24 22 -24 -25 -26 -27 58 -29 39 30 -32 -33 35 34 -36 -37 -38 38 -40 -41 -42 43 -44 -45 49 46 -48 48 -50 -51 52 56 62 55 -56 -57 -58 -59 -60 -61 61 -63 -64
leaf_value=0.02757976334848496 -0.056148993990128543 -0.051823009303529545 0.04223783248289828 0.034806241402955539 0.022347540406086008 -0.05727366509498482 -0.051486501865972804 -0.10119236335149209 0.0064188337893197282 0.02146688935369831 -0.073405176606563552 -0.02431301250551891 0.028421261836376693 0.0065588057245431174 0.029074592443264408 0.011428180912962166 0.025347959726220778 0.030685940469417972 -0.060292016336506465 -0.027296862711479304 0.033611202603510151 0.013225472473948265 -0.036532744388150858 -0.065669199840827239 0.022274889676741641 -0.075754093012756596 -0.013992844805949672 -0.011957884607113755 -0.019132348865730179 -0.039112068895960722 0.028329461496636951 -0.078659303615901136 0.024044345505973348 -0.067754436003856847 0.010739632062824064 -0.039828517531551942 -0.083343079644104076 -0.0022917143068193735 0.073967045364677617 0.030799976409653484 0.02441813034752216 0.031004369497259356 -0.11414981291998472 0.018779091950998309 -0.020281458456488502 0.035978155430530269 0.049498094325757143 -0.037493349625634873 0.0095010945441573041 -0.09820315960791548 -0.074792093183771197 0.020438405568824217 0.0048044294530614059 -0.0086030701178325605 0.013236279090025874 0.051108488323082936 -0.064448162378928447 -0.099435275449306249 -0.088457458791587104 0.0045204520943947181 -0.065899410130335553 0.032225156685068514 0.026302712346557428
leaf_weight=108.9353853315115 24.590060556307435 75.81648506782949 48.563072083517909 9.8756050933152419 18.440982691943645 36.504092356190085 63.074421048164368 31.381193831562996 6996.669107882306 185.93828899785876 37.789579033851624 119.17378926835954 295.05696648173034 100.54153521731496 10.455342102795838 32.637189898639917 95.135224882513285 105.22391320392489 31.592630399391055 92.415601586923003 16.10834288969636 63.984083972871304 101.43844472803175 84.791083689779043 157.93701110035181 22.153956761583686 35.929687183350325 14.902650162577627 33.52405459433794 29.932597056031227 51.92173470556736 22.748589083552361 64.990096725523472 84.092279652133584 23.681538786739111 30.639553666114807 15.645629055798052 42.427889287471771 19.418143792077899 90.044144317507744 131.89091974496841 69.315774150192738 13.728777863085268 149.71103185042739 57.203833311796188 22.744915276765823 29.343973152339458 45.768998347222805 26.84354985319078 19.370161961764097 38.496168347075582 40.642684984952211 650.91893768403679 95.728901345282793 16.200310729444027 25.064337201416492 12.156288238242267 28.060521606355906 17.821450218558311 393.13827504776418 16.471595413982872 11.457048382610081 179.54190583527088
leaf_count=137 137 381 90 38 31 246 240 133 19060 353 208 519 535 276 24 89 184 246 175 429 42 154 461 500 376 141 115 36 84 88 78 139 236 611 61 211 97 203 33 131 199 98 65 253 192 33 38 157 71 98 275 143 2328 362 52 57 78 124 83 1023 96 25 389
internal_value=0.00358646 -0.0183265 0.00906583 -0.0417522 0.00389082 0.00366277 -0.00440286 -0.0455182 0.00442633 0.000290895 -0.000943869 -0.00596023 0.00513713 -0.000471116 -0.0184602 -0.0381589 -0.00283091 -0.00710664 0.00274945 -0.00642191 -0.000488978 -0.0277565 -0.0172601 -0.055197 0.0121203 -0.0296136 -0.00148827 -0.0726558 0.000841315 -0.0203651 0.00358871 -0.0231285 -0.0199396 -0.0273198 -0.0504663 0.00350715 -0.0145908 -0.00857812 0.0216517 0.00513372 0.00143845 -0.0046704 -0.047027 -0.000185811 -0.00971256 0.000776821 -0.0129175 -0.0278261 -0.0423123 -0.0401601 0.00327745 -0.0229705 0.00561463 -0.0125534 -0.0486515 0.00377762 0.000714953 -0.061206 -0.0388932 0.0131966 0.0237371 -0.0254964 0.00946089
internal_weight=11617.7 158.845 73.1531 85.6921 11458.9 11350 980.955 64.7248 10369 3372.34 3186.4 1746.5 1439.9 1323.68 228.425 127.884 723.779 628.644 425.431 320.208 288.615 203.212 165.423 95.2464 196.199 38.2623 916.231 46.2838 862.479 144.929 81.8543 422.818 400.069 304.439 107.774 95.6297 196.665 181.02 61.846 717.551 627.507 495.616 47.2528 448.363 298.652 222.078 152.762 123.418 100.673 76.574 1095.25 89.3031 1005.95 175.49 54.6965 120.793 52.799 73.8295 53.7511 716.124 322.986 27.9286 830.461
internal_count=33567 646 227 419 32921 32784 2347 200 30437 11377 11024 6929 4095 4819 889 613 2416 2232 1409 1163 988 823 615 524 559 183 2147 169 1949 406 166 2110 1971 1524 672 447 852 755 236 1543 1412 1213 149 1064 811 521 423 385 352 290 3930 467 3463 746 327 419 221 281 198 1679 656 121 2717
is_linear=0
shrinkage=0.05


Tree=79
num_leaves=64
num_cat=0
split_feature=50 68 67 43 5 51 61 52 69 62 62 50 25 64 75 64 68 19 50 79 19 1 75 38 63 30 75 25 1 54 62 5 54 76 50 0 52 52 50 78 52 33 18 55 1 53 58 53 52 24 76 53 59 68 79 66 0 79 51 2 27 7 67
split_gain=29.1664 32.9052 44.6945 39.5485 40.6401 50.1424 39.7226 49.7386 40.2118 37.6176 62.718 45.7685 40.2963 43.4108 42.6599 56.5907 41.5943 46.0852 42.388 36.6969 36.1018 34.9342 45.921 43.9777 40.1554 33.2922 33.1119 32.434 31.1744 47.2938 42.4911 40.6001 41.7916 74.7242 51.0588 39.5581 38.7914 37.3379 41.667 44.7184 33.7609 33.141 33.7577 36.131 30.9257 30.4831 30.4655 44.579 37.863 81.1953 33.0009 29.9677 29.919 29.6054 47.3497 33.3416 31.7205 36.0612 28.9213 28.676 35.334 34.4408 28.5654
threshold=1.4748808741569521 0.86678215861320507 2.2708431482315068 1.0000000180025095e-35 -1.4610866904258726 0.81122076511383068 -0.24115311354398725 -0.12907215952873227 -0.56782993674278248 -0.055755227804183953 -0.0063521482516080132 0.51022958755493175 0.50979629158973705 -2.088475108146667 -0.15020462125539777 -0.25413608551025385 -0.53643575310707081 -0.28115876019001002 0.75354778766632091 -0.87469249963760365 -0.37335497140884394 -0.80728662014007557 -0.024911996908485886 2.4100346565246586 0.75768798589706432 1.5245724916458132 -0.69393622875213612 -0.5142545998096465 -0.095351174473762498 3.1080296039581303 -0.16367458552122113 -2.383545875549316 -0.29646188020706171 0.036503866314888007 1.1905124783515932 -0.3883716613054275 -1.3879132270812986 0.3637347966432572 1.16080778837204 -0.1701397821307182 -0.39356602728366846 2.1081641912460332 0.59286916255950939 -0.382449060678482 -0.60835412144660939 0.060547899454832084 1.1620984673500063 -0.40719188749790186 0.57957178354263317 -0.76925063133239735 0.015804790891706947 -0.10992174968123435 -0.54232707619667042 -0.66024908423423756 -0.7983286678791045 1.2024594545364382 -0.66150423884391774 0.80531162023544323 -0.57079875469207753 -0.56401872634887684 0.44659143686294561 -0.49701619148254389 2.1515645980834965
decision_type=2 2 2 2 2 2 2 2 2 2 2 2 2 2 2 2 2 2 2 2 2 2 2 2 2 2 2 2 2 2 2 2 2 2 2 2 2 2 2 2 2 2 2 2 2 2 2 2 2 2 2 2 2 2 2 2 2 2 2 2 2 2 2
left_child=1 2 3 9 5 -5 7 8 -6 21 27 -12 14 -14 15 20 19 18 -18 -16 -13 22 26 24 28 -24 -1 -11 35 31 -31 -30 33 36 59 41 -33 -34 39 -39 -38 42 43 -23 -20 -22 -3 -48 50 -50 -49 -46 -4 54 -45 56 -55 -58 -44 60 -35 -61 -52
right_child=-2 46 52 4 6 -7 -8 -9 -10 10 11 12 13 -15 16 -17 17 -19 44 -21 45 23 25 -25 -26 -27 -28 -29 29 30 -32 32 37 34 -36 -37 40 38 -40 -41 -42 -43 58 53 51 -47 47 48 49 -51 62 -53 -54 55 -56 -57 57 -59 -60 61 -62 -63 -64
leaf_value=-0.055603055687003147 0.010860457005664594 0.012145859812414374 -0.087696988549410451 -0.067262841373107826 -0.00016599239606960081 0.056780079818537089 0.022773115319055969 0.011395257173997473 -0.068485885916682976 0.013934750197475724 0.00023061757969519331 -0.091445176372449019 0.049198561546158787 -0.080897579944923137 -0.068664008286968156 0.022964848956459838 -0.076478648283303099 -0.063486268612273244 -0.050972750365591873 0.0014147862844393515 -0.056061985148771344 0.062108817626415583 -0.077380272073735878 0.034317722743163991 0.045868032406578906 0.018607805166257468 -0.0011116213537904016 -0.081034057543505178 0.054652853949128943 -0.089947934347982123 0.002895076403892298 0.051895654465065472 0.018500812251924469 -0.02311673990755346 -0.074344748990685786 0.013763397205551219 -0.062065391489464196 -0.011979509284697321 0.02189091356469812 -0.092524899301990815 -0.022083353623448945 0.054426757231438229 0.014318599425908711 0.0017361587855553907 0.049716439437091836 0.036195645157867697 -0.065372049524863932 -0.03560855154828893 0.055291497516671485 -0.080687673657507203 -0.0025620965294840467 -0.014926959479212394 -0.017371350314646605 0.0075226549649523205 -0.10467840033376588 0.023499796064290156 -0.033821899968460661 0.024590592065100191 -0.044467114913493838 -0.034622847738031065 0.033398241451700408 0.014327003433060342 0.034553569002581205
leaf_weight=28.516915775835514 1043.7982088048011 1281.4349352605641 16.716267699375749 32.26772522367537 46.546808954328299 10.76073322445154 501.43280766159296 278.43271112628281 40.224149072542787 11.525917403399943 2260.0090625211596 19.12021417543292 7.5571209378540507 38.808268513530493 20.497489055618644 152.90953565016389 23.031106732785702 89.202148728072643 23.250111542642117 199.51536521874368 16.52770384401083 23.448718197643757 35.12862516567111 126.67930844053626 57.198179341852665 11.999551706016062 1093.3083085650578 39.043206263333559 33.32950272783637 27.998248111456633 21.759445827454329 14.450368117541073 386.36468501761556 149.0685263723135 21.184550421312451 1158.7332323379815 69.629600804299116 74.59895328246057 61.298222742974758 22.404248088598251 221.84438008442521 25.634992402046919 28.172222567722201 25.996480405330658 33.530063796788454 19.266845740377903 27.875696120783687 35.345669269561768 15.806708492338656 35.197714578360319 100.15367151424289 38.158105328679085 156.39258161559701 205.80552841350436 17.279361914843321 135.21634650975466 130.16786503791809 32.965942066162825 79.507877591997385 38.831058649346232 33.799892410635948 460.20615089125931 106.81951963156462
leaf_count=108 2122 2898 91 191 142 17 1118 559 206 32 7997 85 12 263 103 273 98 533 87 579 86 21 221 352 113 29 3376 224 69 160 67 36 982 573 111 2648 464 243 123 107 888 47 142 72 53 35 170 139 13 164 260 105 515 499 85 235 417 61 489 215 76 1283 156
internal_value=0.00288749 0.00209658 0.000911645 0.00140981 0.0112783 -0.036066 0.0136386 0.00108013 -0.0319368 0.000264672 -0.00414406 -0.00319203 -0.0145501 -0.0595253 -0.0112495 0.00731063 -0.0202903 -0.0363669 -0.015782 -0.00511962 -0.03615 0.00298405 -0.00454427 0.00537452 0.00434136 -0.0528467 -0.00250609 -0.0593049 0.00365994 -0.00137196 -0.0493223 0.000131293 -0.00103853 -0.00706615 0.00190335 0.00808348 -0.0276905 0.0101179 -0.0103092 -0.0307102 -0.0316697 -0.00125619 -0.00337488 0.0014619 -0.000939932 -0.00630142 0.00869349 -0.00506379 0.000670832 -0.038423 0.00893257 0.0152656 -0.0242379 -0.00113759 -0.0407816 0.00226287 -0.00551117 -0.0219795 -0.0290417 0.00429001 -0.0126311 0.0105019 0.0165767
internal_weight=11573.7 10529.9 8927.25 8754.14 909.665 43.0285 866.636 365.204 86.771 7844.48 2991.95 2941.38 681.374 46.3654 635.009 207.824 427.184 207.172 117.969 220.013 54.9148 4852.53 1168.95 3683.57 3556.89 47.1282 1121.83 50.5691 3499.7 1636.77 49.7577 1587.01 1553.68 1009.01 703.09 1862.93 305.924 544.666 158.301 97.0032 291.474 704.195 678.56 570.88 94.9383 35.7945 1602.63 321.199 293.323 51.0044 242.319 71.6882 173.109 547.432 43.2758 504.156 368.939 163.134 107.68 681.906 182.868 499.037 206.973
internal_count=33638 31516 27716 27110 2233 208 2025 907 348 24877 10565 10309 2312 275 2037 479 1558 876 343 682 206 14312 3734 10578 10226 250 3484 256 10113 5397 227 5170 5101 3646 2258 4716 1388 1455 473 350 1352 2068 2021 1390 245 121 3800 902 732 177 555 158 606 1369 157 1212 977 478 631 2147 649 1498 416
is_linear=0
shrinkage=0.05


Tree=80
num_leaves=64
num_cat=0
split_feature=3 55 59 52 66 50 53 67 53 65 57 70 47 18 38 52 51 55 77 61 76 59 6 67 13 62 67 63 23 18 59 45 1 20 49 60 74 79 77 59 32 7 6 69 51 5 49 34 6 73 59 48 18 55 66 75 44 20 26 20 26 59 41
split_gain=31.9101 34.2557 52.773 51.1928 32.1644 31.4789 63.3616 38.9782 35.4984 47.4486 38.9349 50.0135 36.0427 38.6102 35.4823 32.3161 30.5376 31.8767 32.8695 30.738 33.007 30.2889 28.8364 30.184 30.5302 51.1285 47.5582 79.8695 42.183 39.3752 38.5409 39.4128 36.824 36.5048 45.619 34.3035 36.8912 53.6761 40.7809 37.9206 35.733 51.5309 36.0183 37.3256 35.9145 40.8911 35.6018 34.5797 34.2712 36.9921 36.3719 33.8907 33.8528 33.7187 33.2986 38.6745 33.0791 33.0122 32.8908 53.0065 41.267 48.1122 36.2
threshold=1.3883131742477419 0.19714473932981494 0.3156310915946961 0.48225800693035131 1.4978038072586062 -0.85066324472427357 -0.65437489748001088 -0.71372923254966725 -0.47551758587360377 0.34220600128173834 1.0000000180025095e-35 0.70596449077129375 1.5895429253578188 0.59286916255950939 -0.23655980080366132 -1.0048961639404295 -0.92725625634193409 -0.11729370430111884 -0.28468306362628931 -0.18767225742340085 0.27412146329879766 -0.3396178930997848 1.7429904937744143 1.0103666782379153 -0.17258223891258237 -0.1107950024306774 0.23303259909152987 -0.08967041969299315 0.86185854673385631 -0.62560907006263722 -0.279289960861206 1.0000000180025095e-35 0.9983637034893037 2.0869296789169316 1.5445231199264529 1.749897360801697 -0.15884467959403989 0.041673393920063979 3.0808068513870244 -0.81022146344184864 -0.19683182984590528 2.7220454216003422 0.44874010980129247 -0.81412357091903675 -0.28005689382553095 1.0549177527427676 -0.56329929828643788 -0.096262421458959566 0.92936709523201 0.76678496599197399 -0.92768144607543934 -0.13700480014085767 0.21663687378168109 -0.34542459249496454 0.53317111730575573 -0.39142231643199915 1.0487720966339114 -0.84218129515647877 0.13971818983554843 -0.63194879889488209 0.34817355871200567 -0.85866042971611012 1.4328048229217532
decision_type=2 2 2 2 2 2 2 2 2 2 2 2 2 2 2 2 2 2 2 2 2 2 2 2 2 2 2 2 2 2 2 2 2 2 2 2 2 2 2 2 2 2 2 2 2 2 2 2 2 2 2 2 2 2 2 2 2 2 2 2 2 2 2
left_child=5 2 4 -3 -2 6 -1 14 15 12 11 -11 13 -10 -8 -9 17 19 -19 -7 21 -21 23 24 33 26 28 29 30 -28 52 -32 53 58 -35 36 54 40 39 -39 41 42 43 -38 -45 46 57 -42 -44 50 -50 -31 -26 -33 55 -27 -55 -46 62 -60 -61 -62 -18
right_child=1 3 -4 -5 -6 16 7 8 9 10 -12 -13 -14 -15 -16 -17 22 18 -20 20 -22 -23 -24 -25 25 35 27 -29 -30 51 31 32 -34 34 -36 -37 37 38 -40 -41 47 -43 48 44 45 -47 -48 -49 49 -51 -52 -53 -54 56 -56 -57 -58 -59 59 60 61 -63 -64
leaf_value=0.012419492865967656 0.0024122791126611762 0.018627013630428801 -0.044040446607262723 -0.066083221115874974 -0.044939231881360217 0.032159793006019843 -0.056876743901243525 -0.018167005862515569 0.010663586505401716 -0.042589012818137317 -0.069662353426298604 0.024782192486561615 0.066419402199444685 -0.033478335200472505 0.014081022539493414 -0.054498974567008279 0.0047909668256431873 -0.054437940639103288 0.01553124675506496 -0.032914473877124727 -0.047741391857971334 0.033899135629668703 0.015550759671707852 0.0094001970757277894 0.00053721375778699909 -0.034953609968085608 -0.00095412782576580744 0.042512506298146263 0.028368192460790694 -0.056475937980833391 -0.042899952016214063 -0.060379771662462056 -0.057020604242415118 -0.066300016131892167 0.053401667980216894 0.022196915916079661 -0.065116342070293182 0.0060259048338712137 0.053971640501958212 -0.060625356040289839 0.036431261438204597 0.054961868071713042 0.01924962682459937 0.029256175909127453 0.02800243597586834 -0.089148876131323163 -0.0087996179262028826 -0.007773435711067778 0.0054838811196440051 0.042896744787583277 -0.067154738424903188 -0.012632726420830598 0.018808923977902473 0.01285171550469601 0.034807296140036185 0.0084222306510561163 -0.040673816446605705 -0.079154794293235076 -0.045745950326792781 0.053197833920954764 -0.061208125214556999 0.021523589118169845 -0.051276440746154651
leaf_weight=438.97423311136663 881.31735569797456 27.007437713444233 71.645463978871703 51.764206197112799 37.281849443912506 272.85695515200496 19.198556341230869 185.19028051942587 197.42377194389701 64.674582941457629 43.576618185266852 47.751546254381537 21.75194869749248 66.017404068261385 200.31274226494133 91.959283426403999 2798.8217635191977 28.834365021437407 39.735795866698027 22.97848803922534 26.358703356236219 63.481398032978177 525.2875460498035 1695.146388463676 530.899050693959 75.238207638263702 120.13968703895807 54.479761462658644 203.08043556287885 104.32076004520059 70.192765288054943 19.620002368465066 27.726609695702791 35.02350115403533 10.163958840072153 79.84947107359767 66.062652565538883 25.503968857228756 10.059825994074343 126.0462164580822 66.529035432264209 22.979825150221586 85.505035698413849 29.144960938021541 8.7108013406395894 25.479908265173435 138.80532063357532 131.26727940700948 27.268302034586668 16.275980480015278 46.106496898457408 76.990747401490808 486.08656303957105 268.81845411285758 65.837856240570545 161.28895832784474 32.206939801573753 38.296471521258354 27.545555308461189 98.826695827767253 19.160973723977804 198.1576093044132 28.975132236257195
leaf_count=1584 1934 60 245 216 115 625 129 963 594 351 270 165 54 473 719 591 7393 200 102 120 131 180 1191 3778 1203 300 245 88 532 461 358 85 151 240 15 255 333 76 16 752 152 39 199 96 21 149 470 541 65 26 238 292 1452 673 92 462 118 260 125 161 87 545 139
internal_value=0.00295634 -0.00527147 -0.00273984 -0.0369895 0.000480367 0.00379382 -0.00325149 -0.0105923 -0.0162288 -0.00740145 -0.0295667 -0.0139329 0.00471166 -0.000387753 0.00782918 -0.0302554 0.0048566 0.0174963 -0.013855 0.0230854 0.00108541 0.0160668 0.0041942 0.00346168 0.00190188 -0.00152205 0.00344034 -0.0131183 0.00704072 -0.0231995 0.00401838 -0.00874427 -0.00183763 0.005353 -0.0392068 -0.00946772 -0.0116414 -0.0169021 -0.0428856 -0.0493792 -0.0109117 -0.0179738 -0.0214746 -0.03181 -0.0226147 -0.0298037 -0.0215954 0.0070805 -0.00335258 -0.0249627 -0.0401212 -0.0379035 0.00927641 0.00293481 0.0033757 -0.00536324 0.00709677 -0.0591743 0.00599068 0.0205977 0.0264066 0.0141813 0.00421291
internal_weight=11578 1069.02 990.245 78.7716 918.599 10509 1376.83 937.857 718.345 441.196 156.003 112.426 285.193 263.441 219.511 277.15 9132.17 454.246 68.5702 385.676 112.819 86.4599 8677.93 8152.64 6457.49 3240.82 1994.56 355.931 1638.63 301.451 1435.55 418.565 348.372 3216.68 45.1875 1246.26 1166.41 864.042 161.61 151.55 702.432 504.636 481.656 306.5 240.437 211.293 185.813 197.796 175.156 89.6508 73.3748 181.312 1016.99 320.645 302.365 236.527 301.025 47.0073 3171.49 343.691 316.145 217.319 2827.8
internal_count=33695 2570 2294 276 2049 31125 5893 4309 3461 1907 786 516 1121 1067 848 1554 25232 1358 302 1056 431 300 23874 22683 18905 10200 5658 1086 4572 998 4040 1385 1027 8705 255 4542 4287 3433 844 828 2589 1896 1857 1329 996 900 751 693 528 329 303 753 2655 876 854 762 791 281 8450 918 793 632 7532
is_linear=0
shrinkage=0.05


Tree=81
num_leaves=64
num_cat=0
split_feature=18 68 50 7 79 6 76 31 70 19 61 68 61 1 1 65 72 58 73 7 53 47 71 62 44 0 65 17 69 58 39 39 60 19 67 67 64 64 0 19 0 73 59 39 38 17 58 55 62 58 34 19 67 52 79 51 53 6 47 24 51 18 58
split_gain=41.9002 28.3677 36.6874 46.0336 31.9853 42.4313 45.397 33.4317 30.4433 30.4531 36.9843 31.3487 28.9496 32.5473 27.9863 75.9678 42.3451 37.007 43.6085 42.3876 36.7306 34.4695 31.8993 34.6579 29.2307 29.9532 30.3946 27.2157 34.7092 31.0705 27.2048 37.9 27.1898 26.9839 26.3689 28.9762 34.8622 26.3668 26.0143 47.444 39.968 39.7206 38.312 45.2192 37.6492 36.5639 36.5232 30.8647 29.819 34.4123 46.1805 39.9555 34.8873 43.9468 33.7088 33.3634 57.4638 33.6458 34.2088 31.2655 31.0168 30.0641 29.1783
threshold=-2.3423089981079097 0.082630973309278502 -0.20282028615474698 1.1824943423271181 -0.34014572203159327 -1.2791338562965391 -1.1587209105491636 -0.070920556783676134 1.673127353191376 1.0373531579971316 0.34873037040233618 -0.39886537194252009 0.6203725039958955 -0.60835412144660939 0.65494313836097728 0.54971221089363109 0.24403066188097003 0.26617446541786199 -0.26467014849185938 -0.357056975364685 -0.40096187591552729 1.0429188609123232 3.1957467794418339 -0.3179535567760467 -1.1147457957267759 -0.64260971546173085 0.82765629887580883 -2.8734526634216304 1.156225383281708 3.4068183898925786 -0.25514622032642359 -0.18597753345966336 0.075536668300628676 -1.344951808452606 2.000439047813416 0.90190422534942638 -0.31178525090217585 0.71878093481063854 -0.51133221387863148 1.6229276061058047 -0.6314023733139037 -0.49416790902614588 -0.77765852212905873 -1.0135317444801328 0.011762688867747785 0.87157329916954052 1.0596568584442141 0.59666901826858532 3.3831194639205937 -0.43596428632736201 1.1453934311866762 1.1148747205734255 0.41091933846473699 1.8072225451469424 -0.69651022553443898 0.33926309645175939 -0.16979505866765973 1.3888094425201418 -1.6297328472137449 0.26795764267444616 0.81122076511383068 0.71047577261924755 -0.98983249068260182
decision_type=2 2 2 2 2 2 2 2 2 2 2 2 2 2 2 2 2 2 2 2 2 2 2 2 2 2 2 2 2 2 2 2 2 2 2 2 2 2 2 2 2 2 2 2 2 2 2 2 2 2 2 2 2 2 2 2 2 2 2 2 2 2 2
left_child=-1 4 3 14 27 7 -7 37 9 12 -11 -12 -8 -14 17 -16 -17 18 22 -19 33 34 23 -3 -25 26 -26 -2 29 38 -15 -32 -5 -21 35 36 -22 -6 40 41 46 45 -42 -44 -43 62 47 48 49 50 52 -51 55 61 -53 -29 59 -58 -59 60 -57 -54 -40
right_child=1 2 -4 32 5 6 8 -9 -10 10 11 -13 13 30 15 16 -18 19 -20 20 21 -23 -24 24 25 -27 -28 28 -30 -31 31 -33 -34 -35 -36 -37 -38 -39 39 -41 42 44 43 -45 -46 -47 -48 -49 -50 51 -52 54 53 -55 -56 56 57 58 -60 -61 -62 -63 -64
leaf_value=0.016533475680385677 0.027332600052607875 -0.053671822192924851 0.0090489998657027788 -0.085900365610662652 -0.077216983444087395 -0.069524788266869794 0.0016696021143436748 0.017599847695439503 -0.073505546420521234 -0.033087266553272966 0.058604690245216251 -0.03026988531395236 -0.080707409881450157 -0.073916071813365777 0.030304018344689227 0.0018917510484495231 -0.077500979110235638 -0.074568708299496009 0.017401329685662235 0.017870763215424631 0.022463662065458502 -0.051477830092096714 0.047481569641003196 -0.070202504242200273 -0.07655190822503824 0.025710628631079466 0.031336055700527936 0.0077563777079860735 -0.063546201650591563 -0.049011461002610182 0.016873243279145533 -0.069761277230932575 0.011263047932733864 -0.048805476543115164 -0.03669830284133041 0.042220318218438732 -0.079191256710796923 0.00053206226256482592 0.0063789010657282486 -0.049393094219667068 0.0010427186694140433 0.00015338424062281947 0.039340135242242495 -0.066921453903875217 0.017334272261281994 -0.03378556746291371 -0.045189961898139223 -0.035940356147110372 0.045810443878574726 0.0050362153568675495 -0.077352561545378562 -0.016804566401940866 -0.075909319625425228 0.044441930576634772 0.057907507722305178 -0.077550375892088963 0.0084695239828274649 -0.00064820529296046893 -0.105439934228928 0.026173958566353541 -0.0080713422347534636 0.012197231635301169 0.026683645652711731
leaf_weight=540.49379829317331 108.81225073337555 56.298494882881641 2600.6203190926462 25.18893426284194 45.856210703030229 25.442682454362512 1717.7667787810788 18.595127779990435 14.862771967425941 144.40859073027968 23.309663554653525 17.058185311034322 20.798166582360864 14.696834782138465 189.39501718059182 40.375707259401679 28.507763583213091 30.830125596374273 251.20235345605761 18.523032635450363 24.5185866355896 24.480858985334635 18.20397275686264 14.581592753529547 17.611024374142293 60.580170929431915 10.18899045139551 478.16676438786089 19.969518227502704 29.193322649225593 64.304656291380525 15.601571395993231 9.9158358536660653 80.341725308448076 21.905945792794228 70.228460118174553 12.705156423151491 14.12815051525831 300.93943535350263 38.907521983608603 64.433988612145185 2004.9239145591855 11.655731983482836 66.393999045714736 379.20480175130069 35.08147556707263 43.377962496131659 54.090430815704167 38.545591194182634 690.55468396469951 21.637983990833163 19.311711920425296 44.133147440850735 13.127527579665182 66.959418075159192 57.091888992115855 191.17197373695672 17.726426675915722 13.929346229881046 12.675095636397598 22.604307733476162 12.243544984608887 432.18325961381197
leaf_count=811 140 286 5995 144 294 164 4991 72 104 990 53 160 131 99 510 164 169 204 744 33 63 123 24 104 125 162 19 1337 82 184 187 113 38 503 82 116 79 40 657 286 157 6249 15 322 1178 205 236 296 87 1958 144 114 202 21 214 326 414 34 72 33 66 56 778
internal_value=0.00294088 0.00227434 0.00591274 -0.00219332 0.000506714 -0.004655 -0.00327466 -0.0406967 -0.00243964 -0.00191012 -0.0212512 0.0209435 3.77179e-05 -0.0241903 -0.000150704 0.0139404 -0.0309576 -0.00526908 0.00399082 -0.019283 -0.0124914 0.00276283 -0.0149628 -0.0221571 -0.00484133 0.00595307 -0.0368601 0.00259309 0.00207195 0.00232808 -0.0116403 -4.55745e-05 -0.0583591 -0.0362572 0.0130983 0.0233213 -0.0122183 -0.0588511 0.0026221 0.00539816 -0.0019423 0.00607755 -0.0274233 -0.0509586 0.00288878 0.0159658 7.63203e-05 0.00120118 0.00238801 0.00137484 -0.00536523 0.00905534 -0.00354547 -0.0374876 0.0411253 -0.000561259 -0.0131937 0.000534586 -0.0471035 -0.0463293 -0.0579414 -0.0566986 0.0183576
internal_weight=11572.6 11032.1 3606.2 1005.58 7425.88 2136.83 2058.25 78.5795 2032.81 2017.94 184.776 40.3678 1833.17 115.401 970.479 258.278 68.8835 712.2 428.667 283.534 252.704 153.839 177.464 159.26 102.962 88.3802 27.8 5289.05 5180.23 5160.27 94.6031 79.9062 35.1048 98.8648 129.358 107.452 37.2237 59.9844 5131.07 3191.24 1939.83 3152.33 142.484 78.0497 2384.13 768.204 1797.35 1753.97 1699.88 1661.33 884.508 776.826 862.87 69.5042 86.2711 793.366 315.199 222.828 31.6558 92.3713 79.6962 56.3767 733.123
internal_count=33759 32948 9687 3692 23261 7398 6992 406 6828 6724 1203 213 5521 530 3510 843 333 2667 1464 1203 999 463 720 696 410 306 144 15863 15723 15641 399 300 182 536 340 258 142 334 15457 9353 6104 9067 494 337 7427 1640 5610 5374 5078 4991 2705 2286 2561 279 328 2282 945 520 106 425 392 258 1435
is_linear=0
shrinkage=0.05


Tree=82
num_leaves=64
num_cat=0
split_feature=54 58 13 78 3 11 57 63 52 50 40 44 5 31 4 2 76 4 57 19 24 44 62 6 55 6 44 73 18 5 75 51 75 7 74 77 48 54 64 44 50 59 67 54 78 54 58 59 13 61 18 6 64 39 38 6 68 18 7 70 51 76 79
split_gain=29.8567 39.7155 68.719 37.9358 30.5549 35.53 29.7497 36.919 27.4665 27.0632 34.9967 29.4233 29.0223 32.0969 28.6357 34.1006 27.8465 38.6833 43.0342 36.4248 26.6021 29.7938 34.5801 25.6364 24.842 24.7274 25.8296 24.3144 24.3103 45.5447 60.9184 47.4584 44.6881 34.9499 34.334 38.9749 41.0828 40.9427 54.384 40.2379 43.9957 42.9446 40.9944 41.5571 38.093 36.7106 34.0437 33.5098 33.1493 41.8296 39.1382 32.9952 32.9516 33.9992 39.445 40.0219 34.9736 43.9595 63.0355 41.1976 44.7226 37.0159 33.2548
threshold=-0.5352891981601714 -0.15590125322341916 -0.17258223891258237 0.71361809968948375 -0.63620802760124195 1.0000000180025095e-35 -0.93494999408721913 -0.30393910408020014 -0.2800332754850387 1.4748808741569521 1.0655824542045595 0.35877873003482824 -2.6298185586929317 -0.15157486498355863 0.020770022645592693 0.35066583752632147 -0.2341501712799072 0.44540189206600195 1.0000000180025095e-35 -1.1645323634147642 -0.29528823494911188 1.1240882277488711 -0.29079852998256678 0.92936709523201 -0.26961994171142573 -0.085510570555925355 0.71956750750541698 0.014739730861037971 -0.25342804193496699 1.2654822468757632 -0.259044200181961 -0.42741921544075007 -0.11924249306321143 0.48269826173782354 -1.7633216977119444 0.676885485649109 -0.88878116011619557 -0.31352096796035761 1.2138023972511294 1.1690349578857424 0.225510448217392 -0.19871518760919568 2.6436911821365361 -0.48285251855850214 0.095943417400121703 -0.11442186683416365 -0.23601043224334714 -0.30752569437026972 0.44147975742816931 0.0089772213250398653 0.75375097990036022 -1.2506669759750364 1.304504990577698 0.45383304357528692 0.39451529085636144 0.434175655245781 0.2202013581991196 -0.024793724529445168 -0.357056975364685 -0.74477985501289357 0.84308290481567394 -0.8607875108718871 -0.23832728713750836
decision_type=2 2 2 2 2 2 2 2 2 2 2 2 2 2 2 2 2 2 2 2 2 2 2 2 2 2 2 2 2 2 2 2 2 2 2 2 2 2 2 2 2 2 2 2 2 2 2 2 2 2 2 2 2 2 2 2 2 2 2 2 2 2 2
left_child=1 3 8 4 5 24 -6 -8 -3 12 14 -12 13 -2 15 20 17 23 19 -19 -11 22 -22 -16 -1 -4 -27 -10 32 33 -31 46 -14 34 -30 37 -37 39 45 42 41 47 43 -36 -38 -39 -32 -41 49 50 -33 -34 53 56 -55 -56 57 58 -45 61 62 -59 -61
right_child=9 2 25 -5 6 -7 7 -9 27 10 11 -13 28 -15 16 -17 -18 18 -20 -21 21 -23 -24 -25 -26 26 -28 -29 29 30 31 48 51 -35 35 36 44 38 -40 40 -42 -43 -44 52 -46 -47 -48 -49 -50 -51 -52 -53 -54 54 55 -57 -58 59 -60 60 -62 -63 -64
leaf_value=-0.065512508419643345 -0.072809831927060115 -0.066840009283052781 0.031748853338601855 0.042532637772485532 0.027649253912989676 0.043532974788890483 0.033625932660642753 -0.078461364427830999 0.028400146066243893 0.042643033071833453 0.0057235737174243699 -0.09885152983183082 0.011172418392962638 0.023173799065511452 -0.00040862092100724644 -0.069847187041236089 0.019350630203979816 -0.089992699393615372 0.027096221994488107 -0.017930865203551062 -0.083923082767049573 0.043839816324887343 -0.0050752974597632252 0.05289434533700485 0.022996533479680142 -0.048514117744510116 0.02463537056574347 -0.055466862676959619 0.026303106031771224 -0.076348829981305391 -0.025634960876263518 0.01366810430522707 -0.02620696720298675 0.011037060445625286 -0.037113525605307 0.022733602241204742 -0.07260387607487169 0.01472402054887563 -0.049079132739816372 0.017240961302803372 -0.02460564317661643 -0.027381863032509592 -0.069235703297368487 0.024896494597344859 -0.01519420003329439 -0.00081023570980969298 0.056769293098447096 0.062137473201130999 -0.048247699446018553 -0.059975288502473502 -0.056925957835173763 0.0015732082212277566 0.028114543303591883 0.032673434964664731 0.0089414321676802907 -0.057584187587072379 0.0044102284290578131 -0.042623428430610982 -0.065819597642361213 -0.032836774619739835 0.037866748895466588 0.0073681105749658004 -0.0062135400361646546
leaf_weight=32.804663043469191 26.60783052816987 44.895879928022623 94.532896611839533 148.60544614866376 178.54901280999184 15.578469861298798 13.531076490879061 15.761133741587399 19.950808897614479 27.768061665818095 13.250355964526536 13.364217504858969 1491.4321925230324 12.766782023012636 51.480933777987957 20.390734089538455 674.47803651914001 25.198408678174019 33.525831185281277 58.203474696725607 20.023507036268711 17.521829910576344 45.546410351991653 39.79470157623291 10.289509698748587 24.241363529115915 23.755121067166328 15.057679858058689 109.94511115550995 39.911406807601452 18.301960973069072 126.16585943475366 111.12684030085802 664.18883188068867 103.71458440460265 67.840255033224821 30.650136981159449 829.95735730603337 43.392043128609657 115.64595576934516 59.984271932393312 34.320705307647586 26.25316165573895 24.984036758542061 497.70606479048729 700.84870269428939 38.898881860077381 65.286244388669729 73.841904610395432 32.311400074511766 23.141559839248657 2734.5685823913664 73.850594958290458 114.03031826391816 84.64443788304925 30.699950454756618 362.65219063684344 41.260071678087115 80.307307483628392 313.54483910650015 32.118356047198176 352.71038402058184 188.27242313884199
leaf_count=265 190 294 333 212 463 31 24 96 46 39 36 72 2704 42 134 103 1169 92 46 166 87 23 122 48 35 150 58 91 249 199 99 300 385 1973 721 126 210 2453 196 335 266 176 140 64 1774 2489 84 135 380 199 142 6285 195 404 405 207 1186 227 389 1786 86 1158 934
internal_value=0.00263673 0.013152 -0.0038761 0.022287 0.0109678 -0.0208297 0.0199738 -0.026576 -0.0409831 0.00201646 0.00968275 -0.046774 0.00120002 -0.0415817 0.0111741 -0.0105885 0.0144166 -0.00154507 -0.0206017 -0.0398447 0.00031922 -0.0137989 -0.0293208 0.0228083 -0.0442593 0.0169058 -0.01223 -0.00758515 0.00137394 -0.000863849 -0.0182358 -0.0107796 0.00416195 0.00034863 -0.00126954 -0.00198048 -0.0138384 -5.6899e-05 0.00604034 -0.00462065 0.0131933 0.0237564 -0.00730462 -0.00639619 -0.0185471 0.00760912 0.0303173 0.0334941 -0.0200095 -0.00848077 0.0026623 0.000485729 -0.00451613 -0.00600359 0.0118234 -0.00875619 -0.00893725 -0.013627 -0.0442434 -0.0101431 -0.0191926 0.00211038 -0.0228614
internal_weight=11456 637.553 222.434 415.119 266.514 58.6726 207.841 29.2922 79.9044 10818.4 1040.55 26.6146 9777.88 39.3746 1013.93 131.251 882.681 208.203 116.928 83.4019 110.86 83.0917 65.5699 91.2756 43.0942 142.529 47.9965 35.0085 9738.51 5401.38 352.573 312.662 4337.13 5048.81 4384.62 4274.67 596.196 3678.48 1574.2 2104.28 275.237 215.253 1829.04 1802.79 528.356 1530.81 57.2008 180.932 255.461 181.619 149.307 2845.7 1699.07 1625.22 229.375 115.344 1395.85 1033.2 105.291 927.906 533.936 393.97 501.817
internal_count=33528 2098 972 1126 914 331 583 120 431 31430 2137 108 29293 232 2029 374 1655 486 304 258 271 232 209 182 300 541 208 137 29061 19687 1403 1204 9374 18284 16311 16062 2110 13952 5138 8814 912 646 7902 7762 1984 4942 183 470 1021 641 442 6670 7041 6846 1016 612 5830 4644 453 4191 2806 1385 2720
is_linear=0
shrinkage=0.05


Tree=83
num_leaves=64
num_cat=0
split_feature=3 19 74 27 59 73 65 73 14 3 1 6 16 5 51 2 79 0 65 65 31 41 62 55 53 67 66 5 51 61 53 18 7 7 79 73 4 73 19 1 6 2 73 19 53 79 0 62 58 72 67 76 75 52 76 6 4 3 60 76 22 36 66
split_gain=34.7337 42.448 44.397 39.9536 31.7978 35.2976 31.4191 60.0377 25.643 34.2712 63.1448 46.2706 32.9755 30.6796 28.5789 36.2471 27.7849 25.4941 47.3115 40.1253 43.6741 38.1744 37.4039 47.9067 37.1929 31.8587 35.0665 34.4594 33.4727 37.593 47.0741 49.2361 36.4058 33.6527 34.6072 37.2683 31.6395 31.322 36.9228 30.8703 48.0882 44.4039 39.5987 30.6137 35.6802 30.4374 34.4729 30.1811 29.8497 36.6061 46.3943 35.7321 39.5849 32.5417 29.801 29.7733 29.5139 28.9606 40.1882 31.2807 28.3307 43.1013 33.9923
threshold=1.4342653155326845 -0.74412366747856129 -0.10457585379481314 -0.63097327947616566 -0.26990951597690577 0.065744902938604369 -0.16418526321649549 -0.079455427825450883 1.0000000180025095e-35 0.91713279485702526 -0.14228327572345731 0.92936709523201 1.0000000180025095e-35 0.52808150649070751 0.47268572449684149 -0.20119279623031613 -0.21287268400192258 -0.24760751426219937 0.89238297939300548 0.85050100088119518 -1.1610842943191526 -0.97506254911422718 -0.29919020831584925 0.21988513320684436 -0.64449557662010182 0.58848738670349132 -1.3698943853378294 -0.19401572644710538 0.052503999322652824 -0.17811823636293408 0.029271265491843227 -1.3991232514381406 -0.63697540760040272 -0.21709776669740674 -0.82378327846527089 -0.047694934532046311 0.98158165812492382 -0.52630034089088429 0.88554036617279064 -0.2339520528912544 -0.13185201585292813 0.95580807328224193 0.12262671068310739 0.12058146670460702 -0.40415549278259272 0.092582613229751601 -1.1528909802436826 -0.24700325727462766 1.0012063980102541 0.70908862352371227 -1.0285738706588743 -0.68400490283966053 -0.20903374254703519 1.0861024856567385 0.55765295028686535 1.4497153759002688 -0.16389328986406324 0.1066841669380665 -0.10431862249970435 -0.36291486024856562 1.7651606202125552 4.1110708713531503 -1.1376679539680479
decision_type=2 2 2 2 2 2 2 2 2 2 2 2 2 2 2 2 2 2 2 2 2 2 2 2 2 2 2 2 2 2 2 2 2 2 2 2 2 2 2 2 2 2 2 2 2 2 2 2 2 2 2 2 2 2 2 2 2 2 2 2 2 2 2
left_child=8 2 6 -3 -5 -6 -2 -8 17 12 14 -12 -10 -14 -11 16 -16 19 39 20 -1 -22 36 25 -25 28 -27 56 37 30 31 -30 -33 54 35 -35 48 38 -24 40 41 -19 -42 -21 -45 46 -39 -36 49 50 -23 -52 -53 55 -31 -50 -28 58 -49 -60 -41 -62 -63
right_child=1 3 -4 4 5 -7 7 -9 9 10 11 -13 13 -15 15 -17 -18 18 -20 43 21 22 23 24 -26 26 27 -29 29 33 -32 32 -34 34 47 -37 -38 45 -40 60 42 -43 -44 44 -46 -47 -48 57 53 -51 51 52 -54 -55 -56 -57 -58 -59 59 -61 61 62 -64
leaf_value=0.021913239851761843 0.013190743422365392 -0.060173311225775489 0.012244862547035046 -0.0055369816635376127 -0.075539005521948949 -0.012374496402196698 -0.10848937294606298 0.015788570866812433 0.022826350834426339 0.020905425199349872 -0.075645820467734159 0.016203966677386709 0.0085209726000001085 -0.051136770153832667 -0.10430942188991579 0.0094320717671143237 -0.0076864319410857211 0.0041445751134252347 -0.07708665197200365 0.024143105433604956 -0.035616121793232085 -0.091011110241257021 0.041807480776728197 0.070821973145280243 -0.025969452327664788 -0.039436136391170773 -0.056101631340227422 0.02819725881700887 0.0066988695433297168 -0.053819285876340772 0.012977863426800013 0.024445577211892434 -0.042509883512632608 -0.092746814895628735 0.061584133942377842 0.0075628534916158396 -0.062192283329389524 -0.067720235088073497 -0.023651860569781399 0.0022856860205878854 0.028897865454098892 -0.063145063806564192 -0.009672320696196654 0.017635874083152456 -0.072874892226172341 -0.028619485857632063 0.014244153556290974 -0.081295946765653243 -0.071131907657492721 0.0061968768352638412 0.012728207490002273 0.0025309010295068149 -0.021197389712898709 0.013767638758465275 0.032302335152753249 0.019568514800280976 0.0078772329199625121 0.017271851992551487 -0.068141706253399756 0.0071885908775519008 0.030946681710872743 0.048311663821369893 -0.071559424766141383
leaf_weight=184.10035078041255 22.949947744607925 48.297772765159607 333.53697868809104 356.58179230242968 37.833006892353296 53.725434344261885 24.650126680731773 15.85831296443939 522.32557263597846 163.743218280375 43.882477950304747 19.760222744196653 81.487203424796462 29.151379857212305 15.809096582233908 54.288284063339233 14.233147732913492 308.00637076050043 17.554022436961532 248.19388573430479 87.621113333851099 17.699767544865608 124.07830057293177 10.334780767560003 195.82828969787806 27.663573157042265 20.467387668788433 309.24185268580914 90.574436720460653 42.126009477302432 109.58717702701688 22.179473718628287 222.24811426736414 17.155041679739952 27.826947055757046 19.773633398115635 26.617453407496214 13.382870340719817 25.891404062509537 4135.147004481405 441.70528331771493 26.533263973891735 78.080489557236433 25.367679122835398 18.858917150646448 62.008219430223107 258.46632064506412 16.945804182440042 50.849556870758533 452.53214372880757 151.91155427321792 256.87422863021493 554.00582871958613 23.5625303350389 13.028743028640745 10.85719647631049 145.76470889151096 304.97434340044856 15.212993463501332 137.57609120756388 171.87691858038306 8.3011530153453368 19.696716638281941
leaf_count=433 36 193 568 918 175 164 101 28 1083 302 194 41 219 120 69 102 32 714 92 425 337 106 203 10 889 121 106 535 165 241 248 59 991 105 46 58 111 110 140 12998 666 130 211 100 138 362 964 115 321 1025 469 631 2275 64 26 25 361 697 126 512 523 27 163
internal_value=0.00222366 -0.00723807 0.00493891 -0.016985 -0.0123068 -0.0385833 -0.0333413 -0.0597946 0.00302982 0.010889 -0.0026673 -0.0470685 0.0175724 -0.00718466 0.00871795 -0.0148838 -0.0588755 0.00225163 0.00461083 -0.000576799 -0.00186988 -0.0030046 -0.00224586 0.00189148 -0.0210612 0.0042303 0.0151377 0.018331 0.000622992 -0.00443124 -0.0154297 -0.0247386 -0.0364064 0.003785 0.00759778 -0.0390251 -0.00822714 0.0114879 0.0304648 0.00488963 0.0135778 -0.00119469 0.0230936 0.0173051 -0.0209239 0.00294196 0.0101673 0.0110409 -0.00727375 -0.00555811 -0.0109886 -0.00950303 -0.0136751 -0.0360076 -0.0333634 -0.0550866 0 0.00805521 -0.00847595 -0.000318901 0.00317597 0.0215595 -0.0357952
internal_weight=11386.4 893.433 396.995 496.438 448.14 91.5584 63.4584 40.5084 10493 944.681 311.716 63.6427 632.964 110.639 248.074 84.3305 30.0422 9548.29 5206.9 4341.39 4048.97 3864.87 3777.25 2232.34 206.163 2026.17 503.138 475.474 1523.04 1039.21 444.589 335.002 244.428 594.62 539.465 36.9287 1544.91 483.827 149.97 5189.35 854.325 334.54 519.786 292.42 44.2266 333.857 271.849 502.536 1518.29 1433.02 980.491 962.792 810.88 85.2693 55.1548 61.7068 166.232 474.709 169.735 152.789 4335.02 199.875 27.9979
internal_count=33519 2183 733 1450 1257 339 165 129 31336 2162 740 235 1422 339 505 203 101 29174 15524 13650 12987 12554 12217 7190 899 6291 1123 1002 5168 3389 1463 1215 1050 1926 1659 163 5027 1779 343 15432 1721 844 877 663 238 1436 1074 1496 4916 4506 3481 3375 2906 410 267 346 467 1450 753 638 13711 713 190
is_linear=0
shrinkage=0.05


Tree=84
num_leaves=64
num_cat=0
split_feature=74 0 3 44 18 49 19 52 58 79 15 17 6 1 3 79 68 1 54 12 0 5 2 52 54 3 65 54 53 75 65 54 4 0 79 73 63 63 63 18 60 3 55 76 48 70 69 51 60 68 1 68 67 75 17 51 31 76 44 19 64 52 63
split_gain=37.6278 31.4917 36.2197 34.3518 28.3276 34.2303 33.347 26.1007 30.1062 25.4802 23.8266 23.3503 21.0748 20.1276 19.6726 19.6015 19.4435 19.003 49.9516 22.8069 21.4195 21.3466 19.4586 21.0187 32.5312 18.6553 17.6972 43.4473 60.8037 63.1302 39.6005 41.1004 39.501 37.893 37.3811 48.9068 36.4241 36.6987 37.407 40.3129 36.0721 43.6534 34.0753 42.139 33.0652 37.1381 38.421 38.1312 43.7955 43.4422 40.213 36.681 34.5638 35.7341 35.5858 37.3179 34.3334 42.6273 32.4093 33.4141 31.6464 50.6482 34.1358
threshold=6.6647734642028817 -1.1717461943626402 1.4735875129699709 -1.0953093767166135 -2.3423089981079097 -0.66865712404251088 -0.16793970763683316 -0.054215406998991959 -0.42783865332603449 -0.72196483612060536 1.0000000180025095e-35 -2.8734526634216304 -0.52840241789817799 -1.1480150222778318 0.78750672936439525 -0.23832728713750836 -0.15123867988586423 2.7154667377471928 -0.39915990829467768 -1.0549764856696127 2.3730113506317143 -1.0117596983909605 0.28646606206893926 -0.6006697118282317 0.75914117693901073 -0.94358408451080311 0.031898573972284801 0.78312695026397716 0.69658455252647411 -0.28927820920944208 0.26224948465824133 -0.44438368082046503 0.95346033573150646 -1.0491286516189573 -0.84923788905143727 -0.49971276521682734 0.75499245524406444 0.39382858574390417 0.54386988282203685 0.44825600087642675 -0.16321622580289838 0.89175626635551464 -0.15898227691650388 -0.053153211250901215 -0.60053768754005421 -0.26119840145111078 -0.32153632491827006 0.5981428623199464 1.0876919031143191 2.2493646144866948 -1.0293632149696348 -0.35759425163269037 -0.017918790690600869 1.3375848531723025 -0.13185044378042218 -0.38161741197109217 0.40237013995647436 -0.98861780762672413 -0.81226631999015797 0.14109840989112857 -0.42396467924118036 -1.3442468047142027 0.75810748338699352
decision_type=2 2 2 2 2 2 2 2 2 2 2 2 2 2 2 2 2 2 2 2 2 2 2 2 2 2 2 2 2 2 2 2 2 2 2 2 2 2 2 2 2 2 2 2 2 2 2 2 2 2 2 2 2 2 2 2 2 2 2 2 2 2 2
left_child=1 2 3 -1 5 6 -3 9 10 -5 14 15 -8 16 -9 -6 -13 20 -19 21 26 -20 23 24 -21 -22 27 34 -29 -30 31 -28 33 -33 35 -15 37 -36 -39 -40 41 -35 43 -38 -32 -46 56 48 49 52 -49 -52 54 -54 55 -48 57 -47 -31 -60 61 -56 -62
right_child=-2 4 -4 7 11 -7 12 8 -10 -11 -12 13 -14 17 -16 -17 -18 18 19 22 25 -23 -24 -25 -26 -27 30 28 29 58 44 32 -34 40 36 -37 42 38 39 -41 -42 -43 -44 -45 45 46 47 50 -50 -51 51 -53 53 -55 60 -57 -58 -59 59 -61 62 -63 -64
leaf_value=-0.07197153642559824 -0.070737346116252361 0.011384624320280996 -0.093023068363267139 -0.050328558886342016 0.029802995964249297 0.021767023478970336 -0.0087612062872319731 -0.062781277801480614 -0.066126305841715624 0.015925289576451215 0.033099089320814006 -0.0082085557549602898 -0.078530289643881604 0.025567743769382069 0.00039170513047344997 -0.0099567403154128438 0.043753283019242729 -0.065032477237474157 0.036362390290602897 -0.071058853742037964 0.013404347007253264 -0.04872591993645492 0.056158585054124549 0.033372566778980532 0.04776193023316589 -0.073246962903428858 -0.036937492901930817 -0.07042648172205733 -0.06658297546481487 0.039932178879763289 0.0071176106205213963 -0.070162388853774335 -0.058557399575344074 0.012459883329430856 0.0067931016211449473 -0.044101122881529543 -0.027468945509129775 -0.072438766252530304 0.0090019832065227536 -0.05562571515074366 -0.016482474321327226 -0.022123534629633238 0.035189298385314066 0.02064811165772076 0.0052378347832514527 0.044320796167008535 -0.0009900689733248712 -0.056679806385655833 0.028478317211978844 -0.037773261010106661 -0.049811496555755577 0.01065285543485496 0.0035169470776297593 -0.050894605023444076 0.042882902154256664 -0.058895750386828649 0.029927495381607112 -0.062516575681030515 0.0038675910122486449 -0.068329557790614934 -0.010818759793798236 -0.061413469291435624 0.025490660089324713
leaf_weight=20.477214213460684 17.458513341844082 73.778598576784134 13.661290800198911 16.169111562892795 133.26525366306305 384.04201453924179 21.914422377943993 21.444887639954686 30.000436758622527 132.71450303774327 24.791836466640234 26.478330999612808 21.695728987455368 37.112007172778249 28.42688725143671 40.11037190258503 55.006399691104889 16.639339251443744 12.290435660630466 13.767325544729831 9.4132246766239422 17.993935899809003 57.533287512138486 64.597747990861535 9.7183683402836305 17.528496224433184 115.37502083554864 41.184749731794 34.354192228987813 53.469170525670052 1973.9231232181191 20.511928563937545 33.355738863348961 459.32128927856684 2273.2340343696997 77.540661450475454 62.770257148891687 26.419262550771236 96.267446048557758 32.060985941439867 273.35659375973046 113.69394516199827 213.07354276441038 164.21984757296741 1531.5060026422143 10.610065767541526 42.328862357884645 24.492794344201684 78.655579619109631 126.64156963117421 25.944327212870121 664.49271222017705 635.95291756279767 31.573906728997827 14.434024371206759 82.119382357224822 16.610382672399282 71.385598842054605 116.66876528412104 18.461033031344414 402.67784081120044 57.811230160295963 76.974821457639337
leaf_count=156 131 112 65 82 165 531 50 130 148 421 46 78 74 81 68 82 79 156 37 106 35 137 104 134 18 113 599 215 139 130 4520 115 133 1176 6601 400 301 149 240 248 1023 338 544 455 4247 28 141 120 223 467 135 1690 1914 166 37 379 53 421 270 135 1823 400 307
internal_value=0.00239172 0.00250483 -0.0138219 -0.00982268 0.00292831 0.0145419 -0.00905123 -0.00475725 -0.0238915 0.00866745 -0.00678865 0.00237858 -0.0436855 0.00207547 -0.0267439 0.0205753 0.0268177 0.00187994 0.0174397 0.025302 0.00158434 -0.0140236 0.033519 0.018628 -0.0216848 -0.0428492 0.00170342 0.00474635 -0.0146804 -0.00433342 0.000267395 -0.00884702 -0.00523768 -0.00317378 0.00646883 -0.0215038 0.00758951 0.00518742 -0.0183568 -0.00713611 -0.00153629 0.00558668 0.0208271 0.0073139 0.00184583 -0.000825195 -0.00475742 -0.00342355 -0.00783285 -0.00978028 0.00612364 0.00836668 -0.00713599 0.000928563 -0.0151017 -0.0392569 -0.0352993 -0.048594 0.00700841 -0.00600203 -0.00963978 -0.0404763 -0.00497729
internal_weight=11411.5 11394 287.686 274.025 11106.4 501.431 117.389 253.548 104.664 148.884 74.6636 10604.9 43.6102 10431.6 49.8718 173.376 81.4847 10350.1 192.54 175.901 10157.5 30.2844 145.617 88.0834 23.4857 26.9417 10130.6 3246.84 264.138 222.953 6883.75 1015.61 900.239 866.884 2982.7 114.653 2868.05 2427.98 154.748 128.328 846.372 573.015 440.064 226.99 5868.14 3894.21 2362.71 2264.1 1549.17 1470.51 714.93 690.437 1343.87 667.527 676.346 124.448 98.606 81.9957 188.599 135.13 551.898 72.2453 479.653
internal_count=33621 33490 1116 1051 32374 767 236 895 392 503 244 31607 124 31360 198 247 157 31203 692 536 30511 174 362 258 124 148 30363 9908 889 674 20455 3384 2785 2652 9019 481 8538 7238 637 488 2537 1514 1300 756 17071 12551 8304 7802 5857 5634 1945 1825 5167 2080 3087 520 502 449 535 405 2567 437 2130
is_linear=0
shrinkage=0.05


Tree=85
num_leaves=64
num_cat=0
split_feature=19 3 17 51 65 27 18 6 60 75 63 5 0 51 62 58 50 69 49 53 44 18 6 65 75 66 79 7 60 64 50 60 19 67 51 66 54 3 29 5 67 50 67 65 65 15 13 61 53 66 49 58 17 50 55 54 53 67 67 54 19 66 65
split_gain=24.467 26.3711 26.724 25.9458 41.1883 43.7497 26.0336 44.2033 27.82 25.7811 31.4981 25.305 49.9509 56.5281 51.9824 91.1242 55.4858 42.3222 43.7695 41.5077 40.7983 38.0316 47.1156 49.4084 35.458 33.0933 33.0959 32.4826 32.9319 32.4874 31.1405 28.9694 38.4247 45.2665 31.4624 56.9007 41.5306 46.1918 42.1846 38.0011 43.7512 32.8048 28.0676 28.0336 75.7018 50.6437 45.1885 43.6716 40.9515 40.8391 37.2379 35.757 35.5674 34.3808 30.8869 31.0671 31.5894 29.2972 40.0694 29.3135 38.8316 34.6208 39.8104
threshold=-2.020808100700378 1.3883131742477419 -1.632750868797302 0.5941600799560548 -0.057576574385166161 -0.11943450570106505 0.66456446051597606 0.33288648724555975 -0.21755432337522504 -0.44912384450435633 0.65793201327323925 -0.3252288550138473 -0.33281278610229487 0.81918632984161388 -0.16345706582069394 0.095839142799377455 0.26515933871269232 0.41734452545642858 0.70138651132583629 -0.71656176447868336 -0.86936083436012257 0.44825600087642675 -0.74620720744132985 0.50783023238182079 1.3375848531723025 1.5311490893363955 -0.87469249963760365 0.48269826173782354 -0.27862815558910364 1.1404044628143313 0.085798438638448729 -0.20968110859394071 -0.36313699185848231 -0.30831311643123621 -0.35971221327781672 1.2810591459274294 -0.46625138819217676 -0.60888823866844166 1.5144705772399905 -1.4610866904258726 0.44723625481128698 1.1905124783515932 -0.78500181436538685 0.010957582388073208 0.29842029511928564 1.0000000180025095e-35 1.0555417239665987 0.10579653829336168 1.255739748477936 1.6347577571868899 1.2283326387405398 0.72439962625503551 1.6830432415008547 1.5894734263420107 -0.36407622694969172 -0.55566850304603566 -0.52290773391723622 0.74696525931358349 -0.12380504980683325 -0.27963176369667048 0.017717069946229461 0.042518431320786483 0.21084887534379962
decision_type=2 2 2 2 2 2 2 2 2 2 2 2 2 2 2 2 2 2 2 2 2 2 2 2 2 2 2 2 2 2 2 2 2 2 2 2 2 2 2 2 2 2 2 2 2 2 2 2 2 2 2 2 2 2 2 2 2 2 2 2 2 2 2
left_child=-1 2 3 -2 5 -5 7 8 -6 10 -3 12 14 24 15 17 27 18 21 -17 -20 22 23 -4 25 26 -14 28 -16 42 -24 32 33 -28 35 -33 -36 38 39 40 -38 -39 -30 -13 48 46 54 -47 53 50 52 -49 -48 57 -46 -56 -57 58 -45 61 -61 62 -59
right_child=1 9 11 4 6 -7 -8 -9 -10 -11 -12 43 13 -15 16 19 -18 -19 20 -21 -22 -23 30 -25 -26 -27 31 -29 29 -31 -32 34 -34 -35 36 -37 37 41 -40 -41 -42 -43 -44 44 45 47 49 51 -50 -51 -52 -53 -54 -55 55 56 -58 59 -60 60 -62 -63 -64
leaf_value=0.010912168805843316 0.016172772465889936 -0.083793582927742194 -0.073062728100709989 -0.085352296215419329 -0.011169967133955091 0.022278685452569322 0.038397539813932839 0.02295286499049904 -0.081368411428245899 -0.0039414493062377414 0.010840975269280413 0.0091611808897617535 0.041541752928336423 0.033252252456862148 0.037080928524978081 0.044615249942516505 0.021132308772593367 0.016693594800370477 0.016065543937487766 -0.062950848842393339 -0.076017945793735497 -0.042683503643949461 0.030425285598052576 0.011996286606638538 -0.044314468959371599 -0.056453246393607465 -0.057043470502240373 -0.073564233436834256 -0.071231282263774717 0.040718350501614077 -0.018498755652863248 -0.049503956565625153 0.012976614002016921 0.00032051588840382447 0.055159767453606269 0.071266916835037705 0.012879896409384342 0.0098662015603168743 0.051745163512975811 -0.065051049929806759 -0.082965520198767836 -0.063157733586894041 -0.013952275150323058 -0.013340953145903001 0.02521143694534584 0.01944952959082168 -0.039969268347817069 0.0007839220794970043 0.023714208663450902 0.058267522039954382 0.016970486194000749 -0.065176763982738126 0.032024225236371884 -0.092637745372476363 -0.044772631126346343 0.02689214554446849 0.00088106686746282001 -0.084927698058952603 -0.047952012927814036 -0.09941009235720405 0.0098248364516068734 0.030640205212423902 0.023226502489755968
leaf_weight=916.90670082718134 684.04249154403806 22.28150275349617 37.041553940623999 27.273950546979904 42.876302018761635 14.262292996048926 47.937258169054985 69.879830323159695 21.124307513237 896.02603896986693 14.306981131434439 1916.8362140469253 54.155740244314075 148.91571138985455 35.791638411581516 9.5196964573115093 217.95131104812026 118.33137987554073 15.590666046366094 127.86524404585361 50.907375279814005 65.966251611709595 108.53807966038585 31.3901930116117 41.862995548173785 23.510017909109592 43.086498618125916 19.931954573839903 24.013439372181892 24.099208164960146 46.211279161274433 78.194281257688999 690.52889269590378 168.01303638704121 29.59260774217546 11.020434092730282 48.191006366163492 268.20546040683985 14.369406055659054 65.147824922576547 15.68462837487459 16.203559972345829 195.04657490365207 351.63542519509792 151.52248024381697 795.18758656457067 179.55480754189193 130.58947652578354 67.985879559069872 16.06188291311264 45.463469635695219 24.250870425254107 18.814566852524877 14.632170185446737 35.102136867120862 125.10185703076422 1732.740978394635 16.204199593514204 109.98134292475879 14.50100841373205 18.173016184940934 90.453123889863491 17.618550799787045
leaf_count=1502 1240 86 207 107 95 23 71 103 82 2207 29 5643 119 299 86 37 592 314 43 734 250 497 255 85 237 121 186 138 187 53 139 589 2232 409 74 25 195 847 39 415 83 81 956 1369 360 1622 885 408 144 25 102 131 87 71 192 416 5177 88 507 69 54 159 38
internal_value=0.00307653 0.00239543 0.00317366 0.0113408 -0.00343578 -0.0483102 0.00680922 -0.0044842 -0.0345088 -0.0056301 -0.0467242 0.00232283 -0.00154628 0.00382261 -0.00971971 -0.0195873 0.00194448 -0.00917688 -0.0178009 -0.055434 -0.0543619 -0.00935944 0.000482556 -0.0340119 0.00102207 0.00227197 0.00319795 -0.0120333 -0.00759404 -0.014203 0.0157808 0.00175789 0.00726649 -0.0113856 -0.00731902 -0.0344664 -0.00200662 -0.00598468 -0.0291186 -0.0381963 -0.0106696 0.00566752 -0.0202837 0.00419806 0.00179154 0.00500341 0.000995991 0.0147173 -0.0131071 -0.018635 -0.0237431 -0.00954987 -0.0331031 -0.0170716 0.00349474 0.00175252 0.00263662 -0.0152613 -0.0216066 0.00337135 -0.0386574 0.0144837 -0.0285395
internal_weight=11474.2 10557.3 9624.69 907.396 223.354 41.5362 181.818 133.88 64.0006 932.615 36.5885 8717.29 2844.88 1716.68 1128.2 611.362 516.834 473.977 355.645 137.385 66.498 289.147 223.181 68.4317 1567.77 1525.9 1502.39 298.883 278.951 243.159 154.749 1448.24 901.628 211.1 546.609 89.2147 457.394 427.802 143.393 129.023 63.8756 284.409 219.06 5872.41 3955.57 3254.39 2304.36 950.028 701.185 259.895 243.833 154.84 198.369 633.199 2044.47 1892.94 1857.84 618.567 461.617 156.95 32.674 124.276 33.8228
internal_count=33616 32114 29792 1721 481 130 351 280 177 2322 115 28071 10524 5951 4573 2561 2012 1790 1476 771 293 1183 686 292 5652 5415 5294 1420 1282 1196 394 5175 2827 595 2348 614 1734 1660 732 693 278 928 1143 17547 11904 9405 7244 2161 2499 1099 1074 539 972 2355 6145 5785 5593 2284 1876 408 123 285 126
is_linear=0
shrinkage=0.05


Tree=86
num_leaves=64
num_cat=0
split_feature=4 18 79 6 4 7 18 17 3 47 67 76 13 51 50 60 2 7 55 73 5 72 64 3 58 0 44 59 18 54 31 64 13 73 21 32 6 73 7 54 70 58 19 72 64 44 59 6 5 17 32 17 73 74 44 53 17 59 18 74 31 50 73
split_gain=30.7631 45.3144 49.7853 39.7406 36.3677 36.6942 34.9467 49.3706 35.9477 31.7851 30.8326 45.9639 42.7287 34.6171 47.4889 34.7311 57.1301 32.4022 45.1769 43.4346 43.6437 43.5395 40.6017 46.8895 39.0136 36.3998 69.3354 42.5286 36.3194 36.2662 33.226 58.8016 32.2091 35.3044 40.317 39.6065 31.9879 42.2662 30.4784 30.4026 30.3756 30.1739 53.6833 33.7989 29.6061 30.8804 36.4243 30.0305 29.081 34.9904 28.7262 30.6127 28.4972 28.4027 28.2973 27.5543 28.4353 27.2735 28.5207 27.0405 29.6396 33.8896 40.421
threshold=0.28979727625846868 1.0804717540740969 2.3071334362030034 1.1902032494544985 0.9731452763080598 1.0425351262092593 1.0183156728744509 0.20051464438438418 0.47110028564929968 -1.3901417851448057 -0.38020157814025873 0.39006917178630834 -2.3217991590499873 0.40497872233390814 0.17946831881999972 -0.33223678171634669 -0.20119279623031613 1.0000000180025095e-35 0.87141612172126781 -0.43040931224822992 -1.2544897794723509 1.9493742585182192 0.4586122483015061 0.071019854396581664 -0.64000013470649708 0.072654537856578841 0.28346253931522375 -0.89441910386085499 0.51286146044731151 -0.30092701315879816 -0.47685138881206507 -0.26831896603107447 1.3625727295875552 -0.25811369717121119 3.9143719673156743 -0.92284214496612538 -0.54561492800712574 -0.58106163144111622 0.20277985930442813 -0.086600657552480684 0.70596449077129375 0.14230489730834964 -1.1909825801849363 0.52561005949974071 0.92338228225708019 1.1702497601509096 1.1894797682762148 0.78504660725593578 1.2822027206420901 -1.5757770538330076 -0.20669273287057874 0.95327827334404003 0.55015674233436596 -0.26174056529998774 -0.9300996959209441 -0.41968941688537592 0.83295711874961864 -0.96690818667411793 -1.2177126407623289 0.50488045811653148 5.2035222053527841 0.65983575582504284 -0.34101305902004236
decision_type=2 2 2 2 2 2 2 2 2 2 2 2 2 2 2 2 2 2 2 2 2 2 2 2 2 2 2 2 2 2 2 2 2 2 2 2 2 2 2 2 2 2 2 2 2 2 2 2 2 2 2 2 2 2 2 2 2 2 2 2 2 2 2
left_child=10 2 6 4 5 52 7 9 -8 41 11 17 -12 15 36 -13 -17 18 19 20 -1 30 23 24 -19 26 -22 -28 -27 -20 31 -21 48 -34 35 -35 37 -15 -37 -16 -4 53 -43 -44 45 46 47 55 49 -14 -46 -52 -3 -2 -38 56 -9 -31 -59 60 61 -32 -63
right_child=1 3 40 -5 -6 -7 8 44 -10 -11 12 13 32 14 39 16 -18 22 29 21 25 -23 -24 -25 -26 28 27 -29 -30 57 59 -33 33 34 -36 38 54 -39 -40 -41 -42 42 43 -45 50 -47 -48 -49 -50 -51 51 -53 -54 -55 -56 -57 -58 58 -60 -61 -62 62 -64
leaf_value=-0.057154584155013788 -0.045240151551555252 -0.038894737141326505 -0.070802594499423985 -0.069902342873807255 0.04442012829197927 0.048300825007516639 0.053909493081407002 0.033848531609454537 -0.0063114000489094893 0.0087900921128570789 -0.068762740202130052 0.037042119021716509 0.019316934963395233 0.031794790840747891 -0.061480385732212865 -0.035896805192020292 0.019943315881632825 0.044620391717627744 0.072812328133530071 0.05101482954239607 -0.054996662004064126 0.021052131196937218 0.027159684062415451 -0.046030631964241946 -0.030923521790331671 0.026926019878580496 -0.032278315237065217 0.024155635901980693 -0.036643536331000447 0.06042058854227416 -0.052605160666202536 -0.045744941994055051 0.0018765093745816816 0.031136648754465049 0.051747460023124907 -0.074118013191521365 0.074875808104325522 -0.077449563172165697 0 -0.00072861833112372999 -0.011011206056453062 0.012307864692500552 -0.091818522098469912 -0.018333859070247739 -0.045303627817393007 0.016136388759547742 0.012185158072557448 -0.0097167304948831031 0.018768199311230183 0.00035748854294246935 -0.022754736069256896 0.03878734227726599 0.012198417786701766 0.0037902101510635419 0.0055767920022067085 -0.05829618432859926 -0.061912715785830935 0.031102398963634544 -0.064659285501875247 0.016319619128476938 0.045977898162033445 -0.090373866257077232 -0.0079360348880820851
leaf_weight=38.504783380776644 30.657842636108398 111.05029745399952 31.086279783397913 31.326003286987543 27.026700228452682 18.392252571880817 73.511610470712185 18.7032506428659 37.117010252550244 3815.5314935464412 21.38796578720212 120.28632880374789 263.83590898290277 16.867138218134642 53.700128834694624 64.532263172790408 157.01031805947423 41.774659911170602 24.116142828017473 30.624173849821091 71.680458482354879 41.26731425896287 110.46060119755566 60.962952243164182 28.716445472091436 136.75791450589895 50.582665964961052 97.58721286803484 26.733504790812731 12.123986996710299 265.47694747429341 32.005500581115484 130.88994202017784 13.962077461183069 11.50773357786238 68.881513589061797 25.418619185686111 18.347394376993179 17.275700893253088 33.641131177544594 67.59398452565074 51.104820877313614 32.65848171710968 30.462269946932793 18.832956712692976 56.147622046992183 55.041664423421025 87.595465680584311 274.02181069180369 3129.0241041695699 27.7477106153965 72.95071979239583 35.941672384738922 739.4967231657356 35.295731149613857 114.18069506436586 13.073412613943217 12.624217931181191 19.748925330117345 21.920371111482382 9.5287666004151088 17.408615872263908 100.14168715290725
leaf_count=240 89 695 152 227 67 44 153 51 139 8069 118 245 446 36 242 302 488 100 61 105 461 86 277 305 185 267 181 226 171 14 1898 204 511 26 22 480 42 115 59 80 204 84 163 78 88 153 172 336 646 10335 102 141 150 1551 101 673 116 20 186 97 22 104 403
internal_value=0.00165829 0.00429217 0.00521099 -0.0177455 -0.00919609 -0.0180097 0.00587028 0.00527309 0.0336722 0.00681031 -0.000924251 -0.00639253 0.00154503 0.00601521 -0.011498 0.0154201 0.00364645 -0.0116057 -0.0155475 -0.0184092 -0.00647858 -0.0281054 0.00481121 -0.0139365 0.0137745 -0.00136181 -0.0146576 0.00484755 0.0164848 0.0235639 -0.0323713 0.0014941 0.0019327 -0.0157076 -0.036354 -0.0465719 0.0127446 -0.02504 -0.0592443 -0.0381655 -0.0299499 -0.00172553 -0.025698 -0.0565188 -0.0102758 -0.0177149 -0.0243215 -0.0329479 0.00310114 0.00183381 0.0111346 0.0217739 -0.0263679 0.00182633 0.0347471 -0.0468396 -0.00546291 -0.00311866 -0.0271813 -0.0374997 -0.0405211 -0.0426975 -0.0202536
internal_weight=11303.9 5597.23 5373.49 223.737 192.411 165.384 5274.81 5164.19 110.629 4699.91 5706.63 1775.85 3930.79 525.099 183.27 341.829 221.543 1250.75 1008.83 940.22 421.847 518.373 241.915 131.454 70.4911 383.342 219.85 148.17 163.491 68.6133 477.106 62.6297 3909.4 242.517 111.627 100.119 95.9289 35.2145 86.1572 87.3413 98.6803 884.38 114.226 63.1208 464.273 344.742 288.594 233.553 3666.88 3392.86 119.531 100.698 146.992 770.155 60.7144 145.957 31.7767 44.4971 32.3731 414.476 392.556 383.027 117.55
internal_count=33604 13697 12514 1183 956 889 12158 11866 292 10034 19907 7264 12643 1651 616 1035 790 5613 4746 4465 1546 2919 867 590 285 1306 868 407 438 281 2833 309 12525 1098 587 565 294 151 539 322 356 1965 325 241 1832 1501 1348 1176 11427 10781 331 243 845 1640 143 840 167 220 206 2524 2427 2405 507
is_linear=0
shrinkage=0.05


Tree=87
num_leaves=64
num_cat=0
split_feature=19 3 67 44 18 59 40 50 69 54 41 15 62 59 41 5 19 6 3 76 47 65 79 65 65 26 59 53 78 41 17 53 41 54 54 0 19 18 19 66 76 78 7 5 59 59 51 66 44 3 51 54 52 0 6 61 53 49 75 0 38 44 19
split_gain=27.2235 40.2641 28.6257 40.4895 38.8388 32.8085 31.2563 26.4447 24.4638 23.6203 20.9124 31.8941 40.2871 32.2991 31.0152 47.2761 37.2094 46.6191 31.5682 56.7173 41.2476 35.1659 35.8241 32.8333 29.6411 31.7192 46.2714 31.3485 28.9657 40.2206 36.1882 28.9274 27.8576 34.5311 27.7526 27.3858 31.7077 31.4508 37.4898 27.1663 26.8454 26.6121 26.4927 26.4859 42.5897 43.6708 49.6313 37.6997 52.0836 44.9382 37.3665 48.0418 55.0646 35.6228 33.5284 32.548 29.1142 33.1614 28.6332 28.6091 41.2177 39.9107 48.3386
threshold=-2.020808100700378 -1.2707355618476865 1.0000000180025095e-35 0.78395068645477306 0.71803399920463573 1.0037563443183901 -0.2333511412143707 0.010535713750869037 2.6339871883392338 -0.30802541971206659 -0.77451270818710316 1.0000000180025095e-35 0.10768210887908937 0.97792384028434765 -0.22363532334566114 -1.4860256910324094 1.5757796168327334 -0.75878557562828053 -0.091527104377746568 0.43019281327724462 0.5528773069381715 0.40693271160125738 0.041673393920063979 -3.1035391092300411 -0.49162623286247248 0.10463162884116174 -0.61222177743911732 -0.4572788774967193 -0.47430151700973505 -0.38483676314353937 1.0328981280326845 0.10002044960856439 -0.38102884590625757 -0.37110972404479975 -0.33928135037422175 -0.0094241402111947519 0.64116147160530101 -0.50378212332725514 -1.7944707870483396 -1.0459682941436765 0.12429859116673471 0.914563149213791 0.76261669397354137 -0.42271764576435084 -0.324449673295021 -0.78845474123954762 0.88888472318649303 -1.4389667510986326 -1.3929297327995298 -1.7483172416687009 0.33328895270824438 -0.369735836982727 0.92516046762466442 0.91643527150154125 1.4497153759002688 -0.37896911799907679 -0.25353266298770899 -0.036321828141808503 -0.11064853891730307 -0.14343461394309995 -0.12453468516469 -0.13077640533447263 0.12058146670460702
decision_type=2 2 2 2 2 2 2 2 2 2 2 2 2 2 2 2 2 2 2 2 2 2 2 2 2 2 2 2 2 2 2 2 2 2 2 2 2 2 2 2 2 2 2 2 2 2 2 2 2 2 2 2 2 2 2 2 2 2 2 2 2 2 2
left_child=1 -1 3 4 7 -4 -6 -3 9 -7 11 -2 31 -14 15 16 17 -12 19 20 -17 22 -21 -20 -25 27 -27 -26 30 -30 39 -13 34 -34 -19 37 -37 -28 -39 -22 -16 -31 -41 44 45 -42 47 48 -47 -49 -45 52 -52 54 59 58 -54 -58 -51 60 -46 -61 -63
right_child=10 2 5 -5 6 8 -8 -9 -10 -11 14 12 13 -15 40 18 -18 32 23 21 28 -23 -24 24 25 26 35 -29 29 41 -32 -33 33 -35 -36 36 -38 38 -40 42 43 -43 -44 50 53 46 -48 49 -50 55 51 -53 56 -55 -56 -57 57 -59 -60 61 -62 62 -64
leaf_value=-0.03736096564462265 0.012022569348916341 -0.043054120197542858 0.029133328464760501 0.021155689158109316 0.00062138383880605162 0.0030208514793193027 -0.090205924840782242 0.0061495167021830771 0.029546961170473736 -0.069578522686384564 -0.039604343978005635 -0.013406970388347612 -0.072376107852374735 0.018953244569239195 -0.0013001235899326384 -0.061004265198343705 0.090708497696164347 0.0064559351718670669 -0.067907098010287201 -0.080513275291850664 0.027200112745341589 0.032582695389558096 0.008157813953375179 0.017105406238106809 -0.041743711350155296 -0.080168358158133571 0.032105997387225409 0.0018515918065253952 -0.073265349002394162 -0.050239632883718625 0.037171583460769785 0.032029140533076032 0.042280413182425834 -0.081488934803625651 0.064520930266416726 -0.084714243122431157 0.013195973811451387 0.046460291417872973 -0.055943439230544456 -0.043060831782659487 0.0028709418460983525 0.037775558462721189 0.03452170244466201 0.011739963190799662 0 0.078334065992208463 0.065886422624066507 0.049103823009817332 -0.051167545929703032 0.0029580943242928899 -0.042781604905384844 0.005453489933001039 0.057804871852353001 0.025669719231588624 -0.048781272427243033 -0.070901434583393153 -0.050560772430069803 0.010216088894514112 -0.061897754553574519 -0.045907810650453157 0.043192266366318927 -0.027063403265983905 0.044785326767712311
leaf_weight=42.33530555665493 854.50943201780319 31.600337296724319 324.8391715362668 199.58035664260387 15.487443968653677 23.747166126966476 23.848874181509018 196.82659284025431 26.563011318445206 20.887614220380783 33.903309443965554 98.212733229622245 37.319976449012756 12.904818292707203 3895.3229630449787 84.906292611733079 16.454759161919355 35.34464224614203 19.524719059467316 17.282742597162724 23.557680334895849 68.584838816896081 32.758442927151918 158.55116770043969 44.465089198201895 32.101046301424503 43.920161765068769 550.62668225448579 48.673970622941852 15.768589861690996 35.014585899189115 54.290649939328432 10.712965253740551 11.620315028354524 49.9351771697402 22.952171687036753 12.730802807956932 12.236914694309233 32.087591139599681 81.739262823015451 184.33829717896879 18.60407380759716 12.564251765608786 1709.3570640236139 194.07743504084647 15.726099763065578 12.550217613577841 11.693173579871653 15.112308479845522 38.542538203299046 124.57205403968692 942.64160325750709 20.71180310100317 165.92137667723 34.358569104224443 94.554460823535919 30.922823823988438 80.841874696314335 30.167202403768897 61.436392994597554 77.132947007194161 50.920540884137154 43.121026907116175
leaf_count=113 2272 86 403 277 33 42 109 329 32 67 214 283 193 31 13019 481 37 145 94 105 90 151 111 417 247 167 65 1475 310 99 140 80 28 77 76 133 46 11 174 465 515 30 31 4332 646 32 10 31 86 92 537 2248 24 433 152 544 122 151 162 324 169 157 103
internal_value=0.00184793 0.0101628 0.0125029 0.00410724 -0.0085845 0.0223941 -0.0544078 -0.000651244 -0.00828129 -0.0309211 0.00112448 0.00779012 -0.0100224 -0.0488194 0.000371018 -0.00614781 0.019733 0.0113869 -0.00913988 -0.020183 -0.0311065 0.00931934 -0.0224663 -0.00391015 -0.00252375 -0.00667557 -0.0267359 -0.0014039 -0.0203042 -0.0440681 -0.00734181 0.00274574 0.0275198 -0.0219718 0.0405499 -0.0128014 -0.0497033 0.00210316 -0.0275188 -0.0206287 0.00164205 -0.00248531 -0.0326458 0.00455304 -0.00233492 -0.0150251 -0.0301511 -0.0360613 0.0147502 -0.0450493 0.00699274 0.000224169 -0.0189279 0.00580876 -0.00133197 -0.0518492 0.00348022 -0.006585 -0.025493 0.00248765 0.0122989 -0.0145915 0.00584097
internal_weight=11323.6 905.716 863.381 467.344 267.763 396.037 39.3363 228.427 71.1978 44.6348 10417.9 1057.24 202.728 50.2248 9360.65 1526.62 157.971 141.516 1368.65 439.455 320.829 118.626 50.0412 929.196 909.672 751.12 156.029 595.092 235.922 83.0466 152.876 152.503 107.613 22.3333 85.2798 123.928 35.683 88.2447 44.3245 117.861 7834.02 34.3727 94.3035 3938.7 1029.65 402.684 218.346 205.796 30.8384 174.957 2909.05 1199.69 257.049 626.968 461.047 163.264 132.477 111.765 68.7097 426.688 271.21 155.478 94.0416
internal_count=33658 1491 1378 834 557 544 142 415 141 109 32167 2859 587 224 29308 5419 577 540 4842 2013 1646 367 216 2829 2735 2318 596 1722 1165 439 726 363 326 105 221 429 179 250 185 586 23889 129 496 10870 3456 1472 957 947 118 829 7414 3082 834 1984 1551 798 297 273 254 1399 815 584 260
is_linear=0
shrinkage=0.05


Tree=88
num_leaves=64
num_cat=0
split_feature=56 7 0 6 27 68 52 38 76 6 53 65 5 26 78 50 0 6 1 6 47 73 19 47 10 64 6 4 13 58 4 51 6 50 5 19 68 65 19 66 4 76 75 16 58 4 78 26 78 3 61 59 60 51 63 60 44 1 5 0 2 47 67
split_gain=23.5742 21.9504 24.8528 38.133 40.5416 50.3086 37.019 28.4381 54.4548 30.3312 30.7157 28.5008 27.5529 44.7274 38.1682 41.3554 43.7018 38.6412 37.1714 29.8604 28.0753 28.067 30.4384 38.6163 27.6378 31.6193 45.5333 27.1843 26.2896 34.7944 27.8928 25.9229 45.2471 40.6731 39.0222 29.8361 25.7338 36.519 29.5894 26.5467 25.1792 24.8461 43.8231 36.8208 36.556 27.8439 24.3828 31.7533 36.9943 32.1464 35.7254 27.6873 27.5954 31.068 53.334 43.8523 36.5829 50.861 23.6925 23.3951 26.3985 27.1536 23.3115
threshold=0.56179577112197887 -0.21709776669740674 -0.8231198489665984 -0.87132909893989552 -0.67135792970657338 0.81175401806831371 -1.1708286404609678 -0.83496096730232228 0.38167539238929754 -0.50920382142066944 -0.26673527061939234 0.69629916548728954 -0.994330734014511 0.10463162884116174 -0.1904942989349365 1.3337971568107607 -0.98142328858375538 -0.77864620089530934 -0.93950966000556935 0.14950676262378695 0.41090588271617895 -0.31457678973674769 1.0198512077331545 -1.0849376320838926 1.0000000180025095e-35 0.80732688307762157 0.54473310708999645 0.52320420742034923 -1.4007062315940855 1.6665601134300234 -0.37902136147022242 0.33328895270824438 1.4199244379997256 1.0047765970230105 0.47253558039665228 1.0806733369827273 -0.2475379481911659 -0.0080796831753104908 -1.4508710503578184 1.456122159957886 0.31182564795017248 0.06198397837579251 -0.28927820920944208 1.0000000180025095e-35 0.81585064530372631 -0.37902136147022242 0.12885467708110812 1.493646025657654 0.013431709725409748 1.4735875129699709 -0.079684283584356294 1.7476789355278017 -0.22963772714138028 0.36913383007049566 0.83597487211227428 -0.21733476966619489 1.1678202152252199 -0.31755043566226954 0.99767145514488231 0.7584579885005952 -0.15806867182254788 -0.83140081167221058 -0.30831311643123621
decision_type=2 2 2 2 2 2 2 2 2 2 2 2 2 2 2 2 2 2 2 2 2 2 2 2 2 2 2 2 2 2 2 2 2 2 2 2 2 2 2 2 2 2 2 2 2 2 2 2 2 2 2 2 2 2 2 2 2 2 2 2 2 2 2
left_child=1 46 3 4 -3 41 -7 8 9 10 62 -11 -5 14 15 16 17 -14 27 -19 24 22 23 -18 25 -21 -27 -15 29 30 59 35 33 34 40 -16 37 -17 -39 -40 -33 42 -6 -43 45 -44 47 48 49 51 -51 -1 -48 56 55 -55 57 -54 -37 60 61 -9 -4
right_child=-2 2 7 12 5 6 -8 28 -10 11 -12 -13 13 18 31 36 21 19 -20 20 -22 -23 -24 -25 -26 26 -28 -29 -30 -31 -32 32 -34 -35 -36 58 -38 38 39 -41 -42 43 44 -45 -46 -47 52 -49 -50 50 -52 -53 53 54 -56 -57 -58 -59 -60 -61 -62 -63 -64
leaf_value=-0.0039476496537811144 0.03635942093103172 0.018616164222069239 0.0016045732015639307 0.015626553330385859 0.046571971096601633 0.067308473950792341 -0.012492342783304036 0.01272241830986868 0.018057686284300507 -0.028523152423441403 0.011929423916821842 -0.097871958455392885 0.046780000515049908 -0.059551830365837 0.02336431184831687 0.048901538457822663 -0.096604148226508257 -0.034378036883293467 -0.079735275361761046 0.01309886671307528 -0.046541394775513535 -0.053345509993955133 0.041354745650388651 -0.0094443115868355562 0.033815714960960919 0.022751276967354336 -0.073130282551067016 0.0061614263415254514 0.0045087623348641836 -0.040940569001914832 0.020648425643007558 -0.030045926728492635 -0.065350475813942127 0.025916550876413813 0.0072839158822141413 -0.070858719780721321 0.041815339485492702 0.011755943776540668 -0.093134234548995096 0.00062885942108360641 -0.11846056031259924 -0.070668371376257685 0.007395844755051232 -0.0033334532487719914 0.046203282202938845 -0.058928943847665366 0.017531816399841787 0.027878717290571287 -0.071008725628379163 -0.088911104875729063 -0.0002089519537352341 -0.044066248462859545 -0.070153445609819259 0.0087507070474336281 0.016027210334838813 -0.085426849147726427 0.043553022513469715 0.0083540015532548688 0.028829974824239692 0.026359957151113573 0.0093354632169610988 -0.086968454317797372 -0.083505346358168059
leaf_weight=748.93785387184471 52.035377286374569 67.896570825949311 14.570799969136713 294.9447386264801 20.536190701648593 22.013304974883795 42.125255765393376 9.5408398620784265 132.04041930288076 128.02114862203598 91.057146763429046 16.786056131124496 35.129528254270554 22.407766314223409 326.50752146542072 26.601304467767477 16.218675121665001 81.847881879657507 29.870921989902854 85.606843134388328 27.524965221062303 88.219241945073009 19.518387949094176 58.334345702081919 65.786986159160733 19.966276034712791 32.06423856690526 51.925561644136906 6677.5254507483914 27.002941191196442 600.90950472839177 26.359951363876462 25.164787542074919 112.54337518662214 58.536869157105684 15.601848944090309 59.879252579063177 33.742737986147404 18.704510871320966 12.433777108788489 11.71601566672325 77.629566788673401 20.162491062656045 27.708854578435421 12.60533303208649 70.986369157209992 250.1308869458735 57.647915562614799 24.387017965316772 25.334936050698161 20.706185937859118 45.57211278565228 25.399457536637783 17.337238050997257 41.214386008679867 42.03286774456501 49.770086295902729 107.66129985079169 9.4489887673407775 30.248197631910443 26.453099489212036 23.046119412407279 17.54870568588376
leaf_count=2952 64 203 58 915 32 31 142 22 285 475 226 91 72 151 612 37 81 384 182 232 146 438 61 191 128 34 143 128 18732 111 1164 100 92 164 134 105 74 54 92 27 59 524 99 86 38 504 528 223 139 123 67 305 148 37 110 216 70 325 30 78 63 136 115
internal_value=0.00280721 0.00265165 0.00350113 -0.00142722 -0.0161433 -0.0241976 0.0148808 0.00478418 -0.00819423 -0.0211496 -0.0028616 -0.0366586 0.00176403 -0.00121407 0.00137205 -0.00666752 -0.013253 -0.00284416 -0.0326887 -0.00844648 0.000732862 -0.0330798 -0.0139852 -0.0285765 0.00717374 -0.00553941 -0.0362676 -0.013634 0.00548703 0.0145864 0.0167717 0.0107329 -0.00213026 0.00547983 -0.0182772 0.0193189 0.0163618 -0.000271598 -0.0205538 -0.0556516 -0.0576212 -0.0351363 -0.0199058 -0.0530236 -0.0331441 -0.0442108 -0.00307531 -0.00799751 -0.0103974 -0.00862466 -0.0492141 -0.00626035 0.00542648 -0.00524197 -0.0275567 -0.0578726 0.00701553 -0.00663586 -0.033093 -0.00925697 -0.027603 -0.0576783 -0.0448555
internal_weight=11331.2 11279.2 9823.02 2028.27 361.664 293.767 64.1386 7794.75 400.024 267.984 123.177 144.807 1666.61 1371.66 1267.46 681.579 530.217 347.927 104.204 312.797 230.949 182.291 94.0714 74.553 203.424 137.637 52.0305 74.3333 7394.73 717.201 690.198 585.879 234.321 209.156 96.6128 351.558 151.362 91.4823 64.881 31.1383 38.076 229.629 124.29 105.338 103.754 91.1489 1456.13 922.586 864.938 840.551 46.0411 794.51 533.546 283.415 100.584 59.3701 182.831 133.061 25.0508 89.2883 59.0401 32.587 32.1195
internal_count=33388 33324 28081 6525 1659 1456 173 21556 1250 965 399 566 4866 3951 3490 2194 1910 1139 461 1067 683 771 333 272 537 409 177 279 20306 1574 1463 1296 549 457 293 747 284 210 173 119 159 1283 673 610 641 603 5243 3809 3586 3447 190 3257 1434 906 363 253 543 473 135 299 221 158 173
is_linear=0
shrinkage=0.05


Tree=89
num_leaves=64
num_cat=0
split_feature=79 68 56 55 17 3 5 6 17 47 14 73 65 6 73 1 32 13 40 18 76 52 47 0 50 18 5 62 6 3 55 6 19 49 64 52 3 66 65 63 4 39 13 55 18 41 48 55 76 58 2 51 67 50 35 54 49 54 76 76 63 63 62
split_gain=28.8156 29.1248 28.827 27.5183 24.9943 27.5336 26.4307 36.9231 25.3892 40.6813 57.7575 44.4971 43.4426 41.4921 40.934 53.0531 39.883 38.054 37.6275 35.7185 34.8299 39.1904 31.82 30.678 29.4285 28.7302 30.6215 27.7923 27.503 27.0606 47.6374 34.1423 26.7256 25.6296 45.9404 50.1199 47.7037 38.9833 43.6215 35.5813 33.8076 33.4333 30.6387 31.8234 38.1479 34.3545 40.3493 30.883 45.6489 28.1345 28.7563 26.2137 25.5793 25.2781 25.2079 26.4596 32.4651 30.1671 28.6865 25.0229 34.6601 52.5993 38.3802
threshold=3.8853191137313847 2.9922447204589848 2.3623583316802983 -0.29220265150070185 -1.8525771498680113 0.013636892661452295 1.3822420835494997 -0.75878557562828053 1.0000000180025095e-35 -0.73903951048851002 1.0000000180025095e-35 -0.40947017073631281 0.02237994130700827 1.267659664154053 -0.0075742448680102816 -0.21587340533733365 -0.28188224136829371 -0.17258223891258237 -0.028042398393154141 0.11067339777946474 -0.40828645229339594 -0.94501078128814686 -1.2013038992881773 1.2013488411903384 0.07614080980420114 -0.56361716985702504 -0.67012381553649891 0.21679470688104632 0.40239866077899938 0.63273274898529064 1.2910588383674624 -0.20202621072530744 -0.53566399216651905 -0.21021213382482526 1.0241414904594424 0.51968637108802807 0.8533485233783723 -0.6112881302833556 -0.0080796831753104908 0.75913953781127941 0.54570126533508312 0.4982986599206925 0.74851074814796459 0.2000047713518143 0.93068814277648937 0.93777674436569225 -0.13700480014085767 0.79501751065254223 0.20511060953140262 -0.72363081574439991 -0.95375669002532948 0.65589293837547313 -0.38680489361286158 0.78884038329124462 4.531510829925538 3.1099760532379155 0.49063710868358618 3.0993283987045293 -0.3516585081815719 0.44283406436443334 0.39382858574390417 0.63158008456230175 -0.25577197968959803
decision_type=2 2 2 2 2 2 2 2 2 2 2 2 2 2 2 2 2 2 2 2 2 2 2 2 2 2 2 2 2 2 2 2 2 2 2 2 2 2 2 2 2 2 2 2 2 2 2 2 2 2 2 2 2 2 2 2 2 2 2 2 2 2 2
left_child=2 3 4 -2 5 -1 8 53 9 10 12 24 13 17 15 18 -16 22 25 52 21 -11 -6 -17 -12 -14 -27 -24 -28 54 33 -32 -23 34 35 37 -36 51 40 -40 -39 -38 43 44 45 49 -47 48 -45 50 -35 -31 -18 -8 55 57 -57 59 -59 60 -10 62 -62
right_child=1 -3 -4 -5 6 -7 7 -9 29 20 11 -13 14 -15 16 23 19 -19 -20 -21 -22 32 27 -25 -26 26 28 -29 -30 30 31 -33 -34 42 36 -37 41 38 39 -41 -42 -43 -44 47 -46 46 -48 -49 -50 -51 -52 -53 -54 -55 -56 56 -58 58 -60 -61 61 -63 -64
leaf_value=0.037388070731327439 0.016684906805125382 0.023909919782211762 0.044550233524752701 -0.077563351542183842 -0.096242582449821076 0.0070763114581615357 -0.064165084085334598 0.025843532503118112 0.00041012495793316291 0.016927406811720534 0.017570616307205002 -0.078886629572774203 -0.0063301040174418887 0.038472884369128206 -0.056776518629484407 -0.085849835748920314 0.021298087799307482 0.010379794063266917 0.019158489903487331 0.035001314782612501 0.0069615021787630309 -0.0066446410222830935 -0.060267036656170385 -0.017051213296299446 -0.062179201226293029 0.022054990558740391 -0.031318252364589627 0.016994128303356858 -0.084492167689868058 0.021371276479861322 -0.0055909308884831907 -0.080007340704844956 -0.067806157324684063 -0.041374481630591264 0.027735462482190401 0.018714349839614106 -0.060953709484552379 0.026492901907156665 -0.052799740694503043 0.015042678986748357 -0.038222592915605223 0.014045797240830641 -0.0023529484264973428 -0.09074170508544116 -0.031420169182113836 -0.074370219352330069 0.035202935964398538 0.032419051466690205 0.002250405689957114 0.026690953986664219 0.013160034635843122 -0.042428016224329783 -0.047029771458750071 0.023438125115890183 0.035598063032081823 -0.040466880563496073 0.0026012631722704379 0.057570675439686761 0.0090647645720811267 0.006816703815508883 0.040696846547833412 -0.006486214303614052 -0.058926274724593677
leaf_weight=80.875738315284252 10.065555863082407 16.093456611037254 40.155953451991081 31.938235327601433 16.158129263669252 1021.3245243653655 21.016520608216524 205.05063468590379 3561.9561262410134 40.903213527053595 30.340319328010082 53.064202927052975 110.2013887707144 81.281838089227676 22.454381722956896 49.156889107078314 24.562339939177036 147.95867654681206 61.386843234300613 85.770079970359802 788.95969253219664 29.706190306693316 19.766109440475702 24.531632158905268 18.512915171682835 16.122537355870008 64.445007966831326 27.884429585188627 39.635740086436272 122.54777406528592 38.521481158211827 25.791383318603039 45.529075453057885 27.849174339324236 29.319968521595001 373.30913187563419 71.80881467834115 61.897183749824762 101.61926832050085 23.680887199938297 29.793221432715654 18.559846457093954 284.75628646835685 22.061398759484291 36.814217370003462 20.04494160041213 14.262595035135744 24.045520536601543 32.364340912550688 735.18595778383315 177.8217228539288 18.396498423069715 30.558257654309273 13.325047604739664 50.230184739455581 88.035639991983771 86.471426540985703 42.292104329913855 109.88762011006474 1088.7738367822021 10.858006235212086 674.42942487914115 80.23332679644227
leaf_count=103 32 34 42 179 80 1930 128 400 12142 117 59 237 228 116 85 244 45 364 129 178 2036 73 82 84 69 38 244 64 191 360 172 169 258 81 57 856 271 169 482 64 117 46 758 112 182 93 29 47 76 1176 326 85 94 26 165 444 219 64 281 3087 25 3141 461
internal_value=0.00212692 -0.0329603 0.00230814 -0.0548735 0.00215657 0.00930821 0.00137954 0.017794 0.000982438 -0.0043365 -0.0117184 -0.0472118 -0.00730573 0.00812347 -0.0158652 -0.0251653 0.00491551 -0.00351449 -0.0155579 0.0148164 0.00319282 -0.0223498 -0.0357764 -0.063068 -0.0126137 -0.0248335 -0.0417362 -0.0150093 -0.0516775 0.00218649 0.00678728 -0.0355896 -0.0437641 0.00801534 0.00118833 0.0058951 -0.0275071 -0.0074623 -0.0207661 -0.0399363 0.00539151 -0.0454966 0.0122356 0.0160497 0.0184305 0.0203206 -0.0287024 -0.0145744 -0.0354494 0.0221164 0.00573489 0.0129844 -0.0165082 -0.0300592 0.000366515 5.68799e-05 -0.0191079 0.000658709 0.0226068 4.0708e-05 -0.00166307 -0.0113149 -0.0469649
internal_weight=11352.4 58.0972 11294.3 42.0038 11254.1 1102.2 10151.9 239.392 9912.51 1828.89 923.792 101.917 821.874 293.049 528.825 365.48 163.345 211.767 291.792 140.891 905.098 116.138 63.8087 73.6885 48.8532 230.405 120.203 47.6505 104.081 8083.62 2290.45 64.3129 75.2353 2226.14 850.933 731.244 119.689 357.935 216.991 125.3 91.6904 90.3687 1375.21 1090.45 1011.98 975.164 34.3075 78.4713 54.4257 940.857 205.671 140.944 55.1206 34.3416 5793.17 5742.94 174.507 5568.43 152.18 5416.25 4327.48 765.521 91.0913
internal_count=33746 245 33501 211 33459 2033 31426 554 30872 5115 2631 365 2266 706 1560 1158 402 590 830 317 2484 448 226 328 128 701 473 146 435 25757 5728 341 331 5387 2507 2133 374 1277 832 546 286 317 2880 2122 1887 1705 122 235 188 1583 407 445 139 154 20029 19864 663 19201 345 18856 15769 3627 486
is_linear=0
shrinkage=0.05


Tree=90
num_leaves=64
num_cat=0
split_feature=56 53 48 68 61 3 44 26 67 44 65 78 55 3 25 32 3 2 54 55 4 13 18 3 67 47 59 64 54 60 54 59 54 61 76 63 18 27 47 77 3 55 57 6 51 44 60 59 60 19 51 3 76 18 76 3 54 76 44 53 52 55 63
split_gain=19.8753 18.3615 29.4831 28.1228 24.9051 30.993 46.1193 39.0304 24.0941 22.1994 18.7234 45.1286 18.6726 22.1844 21.4045 27.3997 21.109 20.8982 35.8454 40.5862 37.3393 44.0281 36.4134 68.5432 41.1702 35.2933 32.3774 38.2361 47.7024 32.0877 31.149 44.8627 49.2292 36.2846 33.4896 35.4636 31.795 29.6523 29.5658 37.4488 33.2135 36.8099 30.9996 30.6035 58.552 30.2036 29.5411 35.3099 29.4037 29.0462 36.366 28.4304 27.177 32.2177 40.8396 34.1215 32.1746 49.0455 47.8938 39.4085 35.8247 32.1297 31.4882
threshold=2.3623583316802983 1.3458021283149721 0.74459826946258556 2.159943819046021 0.11711278557777406 1.4127752780914309 1.1568872332572939 -0.30402339994907374 -0.9695414900779723 0.56529080867767345 0.66964697837829601 0.066096708178520217 -0.38509009778499598 -0.038716485723853104 -1.1186330914497373 -1.0806168913841245 0.73469612002372753 0.28646606206893926 -0.35416512191295618 -0.21922980248928067 -0.10390114784240721 -1.0936752259731291 0.38870622217655187 -0.57711040973663319 -0.60271418094634999 0.91820791363716137 0.75067323446273815 1.0318111181259157 -0.51605477929115284 1.4504217505455019 -0.11442186683416365 -0.81505927443504322 0.62736251950263988 2.1060402393341069 0.2552917748689652 -0.16639499366283414 -1.4295040965080259 -1.0078966617584226 -0.52185302972793568 2.6000224351882939 0.35267646610736852 -0.37517450749874109 -0.33018272090703243 -0.37150350213050837 0.61208254098892223 0.5458543896675111 1.9762395620346072 1.5135188698768618 1.0876919031143191 -0.20915862917900083 0.21181461215019229 -1.6916201114654539 0.59291374683380138 0.73258858919143688 -0.98861780762672413 0.92833504080772411 -0.33275538682937617 0.17051647603511813 0.8629111945629121 -0.34718337655067438 1.7236324548721316 0.27959664165973669 -0.17404606193304059
decision_type=2 2 2 2 2 2 2 2 2 2 2 2 2 2 2 2 2 2 2 2 2 2 2 2 2 2 2 2 2 2 2 2 2 2 2 2 2 2 2 2 2 2 2 2 2 2 2 2 2 2 2 2 2 2 2 2 2 2 2 2 2 2 2
left_child=1 12 4 8 5 -3 7 -7 -4 -9 11 -6 13 -1 -14 -16 -15 18 19 20 21 -17 37 24 -24 26 27 28 -23 51 46 -32 33 34 -33 -36 -37 -21 42 40 41 -40 -22 -44 -45 -42 48 -48 52 -34 -51 -26 53 -20 55 -55 57 58 -56 61 -61 -58 -59
right_child=-2 2 3 -5 10 6 -8 9 -10 -11 -12 -13 14 16 15 17 -18 -19 30 22 38 25 23 -25 29 -27 -28 -29 -30 -31 31 32 49 -35 35 36 -38 -39 39 -41 45 -43 43 44 -46 -47 47 -49 -50 50 -52 -53 -54 54 56 -57 59 62 -60 60 -62 -63 -64
leaf_value=0.039999419904907518 0.039195384894106844 0.019076654824894086 0.018277890287286033 0.040671636668528396 -0.070540638777419382 0.021057765069757581 0.040921537582484097 -0.039089948561352034 -0.070762888433673773 -0.11968057642194185 0.01825068072431045 0.0096045732344950951 -0.053162148771395447 -0.0356590507509284 0.048715797998643159 -0.067875331500093145 0.018320197921123476 -0.0024293143155342737 0.0072457326759647819 -0.067923687563426524 0.016718846841655081 0.0023451501369283916 0.06619700487437119 -0.062094875664220783 0.046214626549006231 0.036543719693233452 0.018553358259344226 0.022866083737188733 -0.055455277376537153 0.062546683994318605 0.018975581608006969 -0.059629330336396558 0.0066306516947889187 0.046365738894154192 0.016674698880411093 0.029790117467084438 -0.078470700372345423 -0.0035340531565219505 -0.050205118173416934 -0.082105448628124689 -0.085494256603091498 0.0044060996077389947 0.024844250317329453 -0.082980633091506648 -0.00030905825540922211 -0.0065778908745690494 -0.061971017677049704 0.030518695032039619 0.032810418807853986 0.0093031182105661608 -0.041727494602263437 -0.054441605575375952 0.02085966052575006 -0.00099734517067155974 -0.049173940229413876 0.090107431247507919 -0.021543892260048825 -0.015726048051648851 0.028182225241403215 -0.050082243535967491 0.016175836594348406 0.068078544807584462 0.0440784383052766
leaf_weight=68.127711718901992 35.949141338467598 593.92447460442781 10.092322217300532 11.482301674783228 31.320205336436629 17.883156359195709 26.090247750282288 24.21268767118454 29.263419788330793 13.500092878937719 36.372485797852278 39.57787898927927 17.988215409219265 26.074529320001602 30.245144011452794 33.948978988453746 58.635098449885845 2940.9871881576255 3035.4097199756652 18.51047557592392 612.68019707873464 54.90299865603447 18.756200317293406 91.826304456219077 8.4318449264392239 38.812175180763006 56.353662280365825 34.631462769582868 101.04090801998973 9.8285549953579885 173.58233819901943 87.664888844825327 341.42396006733179 13.512675024569033 41.898902995511889 8.9511272907257062 26.615753117948771 465.58934513106942 32.134854052215815 14.238991864025591 21.022903427481651 717.61494825594127 48.016278080642223 29.495691742748022 77.954077761620283 28.861017182469368 32.046841118484735 15.042475011199711 111.16080837696791 60.101602436974645 82.657127076759934 38.653473200276494 311.72415087744594 22.808388041332364 63.140350624918938 18.445260263979435 23.548652209341526 31.718130648136139 29.103759542107582 123.99017886072397 24.236744273453951 17.176798740401864 70.745410278439522
leaf_count=137 42 1185 31 14 173 30 31 75 176 63 82 83 93 95 50 201 110 10397 6781 90 1273 209 82 664 37 138 191 85 608 20 409 475 701 24 91 12 167 1411 162 80 122 2520 91 135 163 78 168 35 235 232 429 305 567 95 389 18 142 121 81 719 65 40 153
internal_value=0.00212077 0.002002 0.00914376 -0.02769 0.0115453 0.0151017 -0.0137263 -0.0394888 -0.0478142 -0.0683115 -0.0108006 -0.0257797 0.00143231 0.0187773 0.0011745 0.00127048 0.0016234 0.00112967 0.00256027 -0.00221898 0.00146879 -0.0141102 -0.0129881 -0.0330821 0.00209472 -0.0076834 -0.0146672 -0.0245214 -0.035085 -0.0190218 0.00512134 -0.00363605 -0.00956714 -0.0319936 -0.0384602 -0.0143936 -0.0510773 -0.00601996 0.00462081 -0.00201448 -0.000571966 0.00205237 0.0116569 -0.00825746 -0.0231055 -0.0400407 0.00698632 -0.0323176 0.00746504 -0.00127747 -0.0202171 -0.0362508 0.00671594 0.00543979 -0.007448 0.0397357 -0.0125436 0.00169722 -0.0247092 -0.0272377 -0.039211 0.0162079 0.0255196
internal_weight=11331.7 11295.8 833.719 50.838 782.881 675.611 81.6862 55.5959 39.3557 37.7128 107.271 70.8981 10462.1 152.837 10309.2 10291.2 84.7096 10261 7320.01 2553.31 1901.71 319.69 651.596 167.496 75.6701 285.741 246.929 190.575 155.944 56.9139 4766.71 836.408 662.826 178.643 165.131 77.4658 35.5669 484.1 1582.02 813.873 799.634 749.75 768.146 155.466 107.45 49.8839 3930.3 47.0893 3883.21 484.183 142.759 47.0853 3772.05 3460.32 424.914 41.2536 383.66 194.708 92.2441 188.952 148.227 40.7255 102.464
internal_count=33681 33639 1943 221 1722 1384 199 168 207 138 338 256 31696 342 31354 31261 205 31211 20814 8665 6056 1432 2609 1108 444 1231 1093 902 817 362 12149 2540 2131 769 745 270 179 1501 4624 2962 2882 2682 1662 389 298 200 9609 203 9406 1362 661 342 9171 8604 1823 113 1710 744 470 966 784 182 274
is_linear=0
shrinkage=0.05


Tree=91
num_leaves=64
num_cat=0
split_feature=55 17 54 57 0 67 73 73 65 54 53 64 2 78 18 61 75 1 65 60 6 60 78 5 60 61 78 79 17 59 76 13 44 76 2 58 5 51 65 13 5 52 5 39 41 2 4 24 53 0 51 1 5 24 60 51 79 62 61 39 73 14 64
split_gain=21.8566 38.0236 36.1614 29.7485 25.7528 21.7941 30.7071 28.6382 27.9633 27.9324 33.6357 50.2332 36.547 35.7153 37.2096 53.0564 31.6912 28.6026 33.0305 27.7637 43.1749 36.162 78.8261 28.8781 31.233 27.7168 32.1674 28.9238 27.5156 26.49 25.6969 25.6766 43.731 24.8936 39.7101 36.7865 31.3125 55.9781 29.0726 28.6279 31.3671 29.8977 27.5266 24.5422 27.6389 32.9042 38.0559 36.455 38.0944 40.5462 44.0811 33.0768 29.1981 26.5722 26.4563 27.1885 30.5367 25.895 49.6196 43.6038 40.3257 34.0939 37.0213
threshold=1.5893585681915285 -1.2785800695419309 -0.28237953782081598 2.0888862609863286 0.52924951910972606 -0.37346643209457392 -0.26467014849185938 -0.25813749432563776 -2.9188776016235347 -0.47289183735847468 -0.22256959974765775 -0.24098843336105344 -0.87658730149269093 1.4377605319023135 -1.1678475737571714 0.38385687768459326 -0.23991958796977994 -0.85365453362464894 -0.10326600819826125 0.125744603574276 1.9753597378730776 0.23361524939537051 -0.094250895082950578 0.43654407560825353 0.16302537173032763 -0.24881404638290402 -0.27825802564620966 -0.82378327846527089 2.1328159570693974 0.30895997583866125 -1.4200663566589353 -1.0936752259731291 0.68069463968276989 0.32017809152603155 -0.20119279623031613 1.3708961606025698 0.88091161847114574 0.65191018581390392 0.45642960071563726 0.74851074814796459 1.0359300971031191 0.37870614230632788 -0.61287745833396901 -0.76773580908775318 -0.37722092866897577 -1.0407615303993223 -0.036878675222396844 -0.21170362085103986 1.3458021283149721 -0.53676110506057728 0.62801358103752147 -0.2339520528912544 -1.733715236186981 -1.2584101557731626 0.015433173626661302 0.82316905260086071 0.72894781827926647 -0.29919020831584925 -0.36491851508617396 0.70086428523063671 -0.44472984969615931 1.0000000180025095e-35 0.82283058762550365
decision_type=2 2 2 2 2 2 2 2 2 2 2 2 2 2 2 2 2 2 2 2 2 2 2 2 2 2 2 2 2 2 2 2 2 2 2 2 2 2 2 2 2 2 2 2 2 2 2 2 2 2 2 2 2 2 2 2 2 2 2 2 2 2 2
left_child=5 -2 -3 4 -4 6 9 -8 -9 16 11 12 -11 14 -14 -16 -1 18 -18 43 21 22 -21 -24 -25 -19 27 -27 31 -13 -10 32 -23 35 -35 38 37 -36 39 40 41 -33 -43 -7 45 46 -45 54 49 -49 51 -51 -53 -46 55 56 -47 59 -59 61 -61 -55 -63
right_child=1 2 3 -5 -6 19 7 8 30 10 -12 29 13 -15 15 -17 17 25 -20 20 -22 28 23 24 -26 26 -28 -29 -30 -31 -32 33 -34 34 36 -37 -38 -39 -40 -41 -42 42 -44 44 53 47 -48 48 -50 50 -52 52 -54 57 -56 -57 -58 58 -60 60 -62 62 -64
leaf_value=0.038170359952943933 0.023046240179986216 0.024684059641509985 -0.074266396338677196 0.011762310635429908 -0.023542064622848909 0.014728142091804244 -0.081213679050084545 0.033369116083631592 -0.0647127105237085 -0.079630943406178586 0.0041752861536616627 -0.0010239030215984594 0.016813962967955315 -0.065056809875035079 -0.043669142260035827 0.03355033273757236 0.012001952511104502 0.027336531579029585 -0.077854262198324961 -0.063229039355895064 0.069213488726291877 -0.053149527478106612 0.01892335873946854 0.017592039057513234 -0.086800541554994781 0.029409264345364075 0.015519251410244517 -0.070237543461561233 -0.065244768229565875 0.047793743880164413 -0.0064974268457896334 -0.058654601189252802 0.010839426372988785 0.033990157003844078 -0.05593405872094636 -0.039152825735985372 0.028128920162186068 0.036377885969325778 0.014781894743851713 0.014398545469424149 0.014358734571845517 0.03733149368152501 -0.038353218499741631 0.059473285480911998 0.059873017409236264 -0.0036394656842148551 -0.011690300813601721 -0.067742408188547598 0.027979876190419469 0.0012760598818723223 0.019495673022069126 0.021968338343700065 -0.075993161190996417 -0.0031307936803831623 0.046001005366711652 0.036694564011922774 -0.062778948935332812 0.035912202825143694 0.0071592128344240341 -0.027527118260239659 0.026415049178696321 -0.0021918180702855975 0.034320625405817019
leaf_weight=107.14156455174088 51.462414763867855 27.953120993450284 52.435524550266564 24.022199284285307 48.750673142261803 635.75396811775863 12.703078718855975 43.394835415296257 19.172766095027328 27.995249509811401 1626.1107547134161 291.88188329711556 75.051250029355288 36.24071703478694 104.21754902135581 28.119995256885886 20.437243193387985 135.87465246766806 20.164718633517623 77.030613880604506 20.133643940091133 55.194341409951448 77.895015114918351 12.909802630543711 15.739822100847958 9.74642091616988 57.54490040242672 27.502060141414404 15.977545786648987 30.59370594471693 1246.8156671151519 64.282980995252728 51.375074364244938 144.65276142768562 49.028342366218567 60.181316405534744 44.116399770602584 24.519224267452955 234.55274503678083 78.675724942237139 41.756197400391102 20.471375234425068 28.715421732515097 38.865749482065439 22.376050103455782 206.02009630203247 36.03792984969914 59.007738921791315 29.273607864975929 32.737391944974661 49.708785178139806 8.8292258791625482 50.140597030520439 1875.36242420692 29.794804491102695 36.041319526731968 24.351923635229468 161.67848436906934 2092.4710602108389 39.63164634257555 267.37798888422549 141.66427766531706 135.56954180449247
leaf_count=164 100 134 390 69 272 1443 87 114 123 194 4131 985 156 177 649 111 65 298 145 408 15 260 181 30 86 26 162 216 146 65 4792 374 108 293 252 311 82 39 623 241 107 50 125 61 29 655 114 303 52 86 102 27 306 5335 53 57 140 262 5718 164 701 353 179
internal_value=0.00213005 -0.0140538 -0.026559 -0.0380496 -0.0499246 0.00243139 -0.000558859 -0.0067633 -0.00603104 0.00259595 0.000453253 -0.00972489 -0.0255646 -0.0193013 -0.011254 -0.0272103 0.0151509 0.00602995 -0.0325834 0.00408569 -0.00314573 -0.00448441 -0.0247284 0.00309337 -0.0396887 0.0128595 -0.00784585 -0.0440212 -0.000408476 0.00360538 -0.00738806 0.0007473 -0.0222736 0.00385777 0.0164493 -0.00238281 -0.00508299 -0.0250837 0.00233763 -0.0101209 -0.0225819 -0.0362206 -0.00674022 0.00543921 0.00433149 -0.00576618 0.0251982 -0.0101898 -0.0251354 -0.0329284 -0.0183288 -0.0388845 -0.0612289 0.0056136 0.00138757 -0.00359848 -0.00993714 0.0053537 0.00922524 0.00180331 0.0194287 -0.000708945 0.015651
internal_weight=11215.2 204.624 153.162 125.208 101.186 11010.6 3920.71 1322.09 1309.38 2598.62 2220.21 594.1 271.625 243.63 207.389 132.338 378.412 271.27 40.602 7089.9 1117.21 1097.07 183.575 106.545 28.6496 230.668 94.7934 37.2485 913.499 322.476 1265.99 897.522 106.569 790.952 262.317 528.636 117.664 73.5476 468.454 233.902 155.226 113.47 49.1868 5972.69 5336.94 600.809 74.9037 525.905 229.697 200.424 141.416 91.7072 58.9698 4736.13 296.208 266.413 230.372 4713.76 2254.15 2459.61 307.01 2152.6 277.234
internal_count=33496 965 865 731 662 32531 12660 5116 5029 7544 6468 2337 1287 1093 916 760 1076 912 210 19871 3731 3716 705 297 116 702 404 242 3011 1050 4915 2865 368 2497 666 1831 373 291 1520 897 656 549 175 16140 14697 1956 175 1781 876 824 521 419 333 12741 905 852 795 12712 5980 6732 865 5867 532
is_linear=0
shrinkage=0.05


Tree=92
num_leaves=64
num_cat=0
split_feature=19 75 64 19 5 58 18 18 48 78 41 75 53 53 17 0 44 64 4 0 1 19 17 64 67 61 69 67 68 0 51 5 55 32 60 50 55 5 18 54 66 78 73 38 39 55 70 41 41 15 19 50 17 66 6 27 51 64 7 55 75 17 2
split_gain=29.3897 33.3365 34.276 34.5175 30.8196 30.9078 35.9231 43.9374 29.8897 31.3038 40.9169 29.3591 28.9576 49.2898 42.5329 34.1404 43.4579 32.8998 43.4754 31.9434 26.667 26.6153 34.383 26.398 26.2854 25.5306 25.347 25.1142 42.8838 28.1972 28.1701 36.6479 29.7451 31.9224 26.4993 38.9294 26.2938 34.7306 26.1203 26.3536 38.1795 25.7322 35.6051 24.287 40.9809 31.1659 44.272 31.1931 28.4797 32.5862 26.4043 37.1756 24.0389 43.3126 51.3049 41.1471 36.3792 36.2799 35.6774 42.896 37.048 36.5176 33.6656
threshold=1.3501608967781069 -0.38578075170516962 -1.5861861705780027 1.4259246587753298 -2.2961179018020625 -0.037246722728013985 0.56232470273971569 0.38870622217655187 -0.68583902716636647 0.33672848343849188 -0.12589896470308301 -0.41178488731384272 -0.15496134012937543 -0.18350849300622937 0.48892822861671453 -0.81673735380172718 -0.014157816767692564 0.83089366555213939 0.88643786311149608 -0.67481476068496693 -0.73100432753562916 1.0547562241554262 2.8757534027099614 1.304504990577698 -0.30831311643123621 0.068101938813924803 -0.81412357091903675 -0.0076398514211177817 1.2519792914390566 3.3346296548843388 -1.2040584683418272 -0.70498171448707569 -0.097510524094104753 0.65860316157341015 -0.20526965707540509 -0.83371752500534047 1.768556594848633 -0.18012924492359159 -1.6755484938621519 -0.34420444071292872 -0.77206027507781971 -0.44448696076869959 -0.45613482594490046 0.17886680364608767 -0.099516604095697389 0.38649366796016699 1.0000000180025095e-35 -0.59173312783241261 1.4956352710723879 1.0000000180025095e-35 0.71778467297554027 -0.29542893171310419 -0.039122426882386201 0.89639699459075939 1.4351509213447573 0.069027140736579909 -1.014877140522003 -0.97439411282539357 0.48269826173782354 -0.19124188274145124 -0.07508316263556479 -2.7295937538146968 -0.79833704233169545
decision_type=2 2 2 2 2 2 2 2 2 2 2 2 2 2 2 2 2 2 2 2 2 2 2 2 2 2 2 2 2 2 2 2 2 2 2 2 2 2 2 2 2 2 2 2 2 2 2 2 2 2 2 2 2 2 2 2 2 2 2 2 2 2 2
left_child=8 11 -3 -4 -5 6 7 20 9 12 -11 25 13 14 15 16 -1 24 -19 -17 -6 27 -23 -16 26 -2 -18 28 29 30 31 32 33 -10 -33 -36 -29 -38 39 40 -32 42 -42 44 45 50 47 -47 49 -46 51 -14 53 54 55 58 -54 -56 59 61 -61 -40 -57
right_child=1 2 3 4 5 -7 -8 -9 21 10 -12 -13 43 -15 23 19 17 18 -20 -21 -22 22 -24 -25 -26 -27 -28 36 -30 -31 38 34 -34 -35 35 -37 37 -39 52 -41 41 -43 -44 -45 48 46 -48 -49 -50 -51 -52 -53 56 -55 57 62 -58 -59 -60 60 -62 -63 -64
leaf_value=-0.076382852658644321 -0.041312492232583577 -0.06591094597477791 -0.055999789474717634 0.063284799085845084 -0.045546429768811826 -0.035830295835343556 -0.044312764507633703 0.057360127804900886 -0.072356479105113336 0.018985159084731487 -0.011922199917713292 0.068970900033586233 -0.049386160424255705 -0.053262661355755025 -0.057336088524989726 0.028479372934645808 0.018985456229731242 -0.012026968001617667 -0.099377140344173859 0.0025367882787882966 0.0095619954290833108 -0.015314421733231423 0.08536033363703241 0.039924172110298084 0.023786059130047152 0.033335220195351796 -0.070564648089345317 0.0052035843870884791 -0.073042784399341518 0.038418253937929525 -0.06104393256603291 0.032020122192138789 0.039861645039276597 0.036006494252083028 0.015399728489329545 -0.070444551605113065 0.029393575424112181 -0.06331578092875495 0.019191523058183137 0.014265118444784688 0.01865551567012046 0.018824917825257591 -0.054587733084284107 0.028526110073782099 -0.077938172192512353 0.0027307926774015547 0.022660100173741329 -0.089012787767288507 0.028774320388185861 0.014001574320430641 0.044028153512779569 0.012679825496007092 -0.074914615394200301 0.0033999714474775705 0.05174693698075309 0.039461675647026934 -0.0011851721691233769 -0.015102103560310724 -0.086757345586178425 0.010272414225669326 -0.0396080881905847 -0.059433064709789533 -0.021622482617799109
leaf_weight=25.207426104694605 21.376901362091303 32.547341052442789 39.385822916403413 15.038923218846319 28.943432461470366 81.204133661463857 35.657114643603563 38.745770642533898 29.391118578612804 753.46052036806941 124.54264719039202 21.710859408602118 25.132130760699511 45.030965473502874 46.615042850375175 145.34611075557768 14.503364130854608 67.279720637947321 18.047989889979362 647.58283481374383 89.602170748636127 337.64822041615844 8.5877890400588495 8.0655931383371335 89.086552929133177 24.432840380817652 16.997385963797569 3245.3563125189394 20.544065915048122 45.234550599008799 28.960033528506756 175.07093662582338 12.954626478254793 8.6957713402807695 61.595278026536107 16.697529044002295 14.868720959872006 30.728550847619772 16.56670455634594 412.35058302804828 29.633018858730793 89.867034167051315 37.280882269144058 147.24224970676005 33.549379073083401 14.255118101835249 31.617850132286549 25.798312369734049 14.198044292628763 13.347845651209353 63.05062691681087 538.58466652035713 16.749238915741444 298.5874993596226 37.493020679801702 35.737422205507755 2441.1402233177796 43.872462164610624 31.500458560883999 83.176656629890203 67.078919006511569 126.49216396734118 60.74647487141192
leaf_count=148 111 269 324 46 196 668 437 102 211 1256 322 19 94 174 349 253 32 176 88 1602 318 2039 7 20 171 67 80 8392 109 127 103 395 47 32 214 96 44 184 25 655 46 137 125 280 166 33 66 142 33 29 123 1001 132 681 52 57 8859 132 163 196 269 569 247
internal_value=0.00186282 -0.010973 -0.0170102 -0.0121325 -0.00612351 -0.00997089 0.000899302 0.011202 0.0023741 0.00670495 0.0145945 0.0212192 0.00329052 -0.00206942 6.77118e-05 0.00236831 -0.0145304 -0.00690091 -0.030656 0.00730143 -0.00387788 0.00077173 -0.012779 -0.0428519 0.00987823 -0.00140399 -0.0292468 0.00139659 -0.00115217 -0.000798175 -0.00122655 0.0134119 -0.0251614 -0.0474553 0.0212093 -0.00291103 0.00467208 -0.0329768 -0.0023834 0.00721757 -0.00840057 0.00132438 -0.0220977 0.00993807 0.00632476 0.00976662 -0.0214201 -0.056311 -0.0328925 -0.0516899 0.0133437 0.00989561 -0.004147 -0.0116684 -0.0206281 -0.0276515 -0.00169266 0.0156661 -0.0361659 -0.0306879 -0.0119741 -0.0502861 0.000968618
internal_weight=11201.8 428.645 361.125 328.577 289.192 274.153 192.948 157.291 10773.1 2908.54 878.003 67.5206 2030.54 1123.76 1078.73 1024.05 231.122 205.915 85.3277 792.929 118.546 7864.61 346.236 54.6806 120.587 45.8097 31.5008 7518.37 4227.42 4206.87 4161.64 304.405 51.0415 38.0869 253.364 78.2928 3290.95 45.5973 3857.23 598.092 185.741 156.781 66.9139 906.776 759.534 698.439 71.6713 40.0534 61.0953 46.8972 626.767 563.717 3259.14 801.252 502.664 421.299 2457.89 81.3655 324.815 293.314 150.256 143.059 96.4839
internal_count=33540 2557 2360 2091 1767 1721 1053 616 30983 6638 1578 197 5060 3093 2919 2550 695 547 264 1855 514 24345 2046 369 283 178 112 22299 13679 13570 13443 995 290 243 705 310 8620 228 12448 1066 411 308 171 1967 1687 1459 241 175 228 195 1218 1095 11382 2391 1710 1526 8991 184 1222 1059 465 594 304
is_linear=0
shrinkage=0.05


Tree=93
num_leaves=64
num_cat=0
split_feature=65 65 64 0 18 79 62 56 58 31 70 65 74 2 72 5 47 26 67 5 51 64 58 6 0 47 79 4 6 7 67 76 75 5 49 6 53 20 76 76 27 50 33 6 65 52 64 67 50 31 27 38 7 76 19 34 50 7 59 5 18 59 4
split_gain=25.7156 43.2177 53.6406 45.0985 52.4891 47.1692 43.2315 35.0735 30.602 38.1218 33.4006 29.0053 28.0295 27.8482 35.0381 26.8798 26.0308 41.4474 32.114 38.8163 32.4007 34.6308 25.4566 34.3402 24.9349 24.0523 31.2698 50.5705 29.2616 29.2026 26.6949 45.3734 37.4242 40.0167 32.3961 55.091 43.5139 41.6528 35.9932 35.6756 31.8818 34.579 31.8108 25.9347 25.6824 24.8475 24.6992 25.6646 27.507 24.6413 39.587 24.1355 32.8204 28.1188 25.2558 23.7658 27.2471 38.467 23.4582 38.8601 23.4527 34.9586 37.9156
threshold=0.11946999654173852 0.26224948465824133 -0.38906662166118616 -0.36709283292293543 -0.25342804193496699 -0.77287405729293812 -0.30926802754402155 0.00554745295085013 2.225629568099976 4.2595999240875253 0.70596449077129375 0.77244821190834057 2.1520768404006962 -0.89251115918159474 0.90767666697502147 -1.6489793658256529 1.33086234331131 -0.1223989389836788 -0.67106902599334706 0.36456106603145605 0.70368611812591564 0.043914793059229858 -0.35796992480754847 0.75260761380195629 0.7454848885536195 -0.25254167616367335 1.1362215280532839 0.52320420742034923 -0.99843707680702198 1.1824943423271181 -0.58101016283035267 -0.43126128613948816 -0.27421158552169794 -0.59700721502304066 -0.036336103454232209 1.7615271210670473 0.11057648807764055 1.5417395234107973 0.24671977758407596 0.37388055026531225 -0.77905035018920887 1.0698593854904177 1.5278613567352297 0.48184114694595342 -0.29934984445571894 -1.1783143281936643 -1.6250936985015867 -1.1782692670822141 0.35403130948543554 -0.24995557963848111 -0.63097327947616566 -0.27203440666198725 0.48269826173782354 0.21709869056940082 -1.2432193756103513 1.0000000180025095e-35 -0.26867209374904627 0.48269826173782354 -0.44047935307025904 0.82026451826095592 -0.54360279440879811 0.71520376205444347 -0.41206391155719752
decision_type=2 2 2 2 2 2 2 2 2 2 2 2 2 2 2 2 2 2 2 2 2 2 2 2 2 2 2 2 2 2 2 2 2 2 2 2 2 2 2 2 2 2 2 2 2 2 2 2 2 2 2 2 2 2 2 2 2 2 2 2 2 2 2
left_child=12 2 6 4 22 -6 24 8 9 -3 11 55 16 14 -5 -15 25 18 19 -18 -20 -22 23 -4 -2 46 29 28 -28 30 31 44 33 -33 35 37 -36 38 40 -38 -32 42 -42 -31 -27 -40 51 48 -48 50 -49 53 54 -1 -53 56 -10 -58 -24 -60 -51 62 -62
right_child=1 7 3 13 5 -7 -8 -9 10 -11 -12 -13 -14 15 -16 -17 17 -19 20 -21 21 -23 58 -25 -26 26 27 -29 -30 43 34 32 -34 -35 36 -37 39 -39 45 -41 41 -43 -44 -45 -46 -47 47 49 -50 60 -52 52 -54 -55 -56 -57 57 -59 59 -61 61 -63 -64
leaf_value=0.015435988192369941 -0.036869407103211099 0.0021311329865799787 -0.070396459608930192 -0.053985607631635728 0.01674424778822331 -0.069322928966825237 -0.069643139939864526 0.032380696851305457 0.018403955857805417 -0.054027005263777163 -0.077326901097419534 -0.071911167475050677 0.035747158030850879 0.057803720223098633 0.025719807432509612 0.0068154856659471052 -0.068357819795994701 -0.029634134211113002 0.033851639477624228 0.030879578770439925 -0.07718312899116378 0.03184753698936716 0.055158907320881578 0.005671461391456435 0.035383157841993411 -0.071769484397651573 -0.03872981432977516 -0.044013392035953565 0.027528806584412736 -0.01569785778493011 0.026599128154703028 0.018814875107607598 0.02173345899104781 -0.084100252897465422 0.0042638655146324447 0.037878396745036749 -0.0758499160047722 0.035601429827932532 -0.012647950277693276 0.0084366762597227942 -0.054941295866347252 0.017666072580609333 0.046573127004856302 -0.083427170607908954 0.0018682491577281463 -0.080202445360517072 -0.0079156893413928602 -0.0085469604387882654 -0.094747747449287087 0.010408428653633601 0.034103304623895006 -0.021531006546400822 -0.033001297803404217 -0.071992876634463202 0.032061171625002223 0.029358260121731723 -0.065773732622643452 0.032725604981621102 -0.043634429328144382 0.038653491463636322 -0.044952933981380915 0.020216620462484281 -0.0036387561647942949
leaf_weight=23.506168877705932 29.06904361397028 6247.0137900328264 26.405226428061724 38.740779953077435 20.052962627261877 74.920053999871016 64.299155840650201 92.012181151658297 31.970253774896264 30.260615849867463 21.992351470515132 17.093398900702596 74.833848165348172 28.350095998495817 21.204382605850697 288.4529288969934 19.907205488532782 41.825357031077147 273.5833203131333 19.254971340298653 14.201940862461926 14.680336739867924 25.08576874807477 33.42338901758194 20.080402236431837 24.997569389641285 17.907906055450439 32.500793997198343 216.10712241195142 45.854840658605099 27.621991235762835 19.210279185324907 277.72080819308758 18.311593521386385 479.59305107779801 34.345388323068619 32.564544046297669 22.221633249893785 18.120957558974624 20.200597442686558 90.164010612294078 26.719880718737841 8.3098281715065223 20.54142490029335 22.162507211789489 57.496399063616991 32.328092645853758 80.702976908534765 12.700827788561581 599.49429112672806 165.61796552687883 23.694368280470371 23.790829110890627 14.913206534460185 277.15178276970983 39.457622092217207 38.093477806076407 13.24078583717346 28.776676379144192 28.399616114795208 61.23421685397625 137.31059368699789 592.5002463310957
leaf_count=59 139 17973 108 189 64 473 414 128 95 196 145 107 195 44 36 783 159 262 754 52 90 36 24 65 41 193 85 148 573 175 77 48 880 112 1407 73 185 80 76 49 599 69 20 111 89 356 101 235 70 1083 309 64 87 78 579 107 191 19 96 35 366 356 1821
internal_value=0.0022323 0.000455312 -0.0111048 -0.00525458 -0.0223394 -0.0510993 -0.0426809 0.00174348 0.00130442 0.00185876 -0.0201528 -0.0110776 0.0054427 0.00548563 -0.0257123 0.0114109 0.00486511 0.0172442 0.0230052 -0.0194838 0.0285276 -0.0216736 -0.00305882 -0.027879 -0.00723661 0.00352899 -0.00124827 0.0142888 0.0224227 -0.00457606 -0.00275414 0.00853307 0.0153893 -0.0313674 -0.00776525 -0.0213672 -0.000471374 -0.029517 -0.0358863 -0.0435322 -0.021851 -0.0325934 -0.0462856 -0.0368208 -0.0371275 -0.0641178 0.00706513 0.00450758 -0.032674 0.00553541 0.0201116 0.0188949 0.0233366 -0.0184702 0.0278179 -0.00251485 -0.0176888 -0.0402561 0.0149439 -0.00267838 0.00294852 -0.00269926 -0.00752252
internal_weight=11274.3 7258.39 727.26 613.812 237.064 94.973 113.449 6531.13 6439.12 6277.27 161.848 139.856 4015.91 376.748 59.9452 316.803 3941.07 383.453 341.628 39.1622 302.466 28.8823 142.091 59.8286 49.1494 3557.62 1512.67 266.516 234.015 1246.16 1179.76 362.403 315.243 37.5219 817.358 285 532.358 250.655 228.433 52.7651 152.816 125.194 98.4738 66.3963 47.1601 75.6174 2044.95 1681.89 45.0289 1636.86 246.321 363.056 324.637 38.4194 300.846 122.762 83.3045 51.3343 82.2621 57.1763 1390.54 791.045 653.734
internal_count=33633 21472 2511 1917 865 537 594 18961 18833 18169 664 519 12161 1052 225 827 11966 1353 1091 211 880 126 328 173 180 10613 5405 806 658 4599 4313 1322 1040 160 2991 1350 1641 1277 1197 234 765 688 619 286 282 432 5208 4341 171 4170 544 867 730 137 643 412 305 210 155 131 3626 2543 2187
is_linear=0
shrinkage=0.05


Tree=94
num_leaves=64
num_cat=0
split_feature=42 66 63 51 54 63 18 63 49 55 61 59 58 19 62 55 13 66 50 58 19 1 68 20 44 9 44 17 70 19 51 50 69 49 4 58 65 49 55 44 63 40 53 0 55 2 48 17 26 45 51 50 2 66 44 50 3 6 44 58 79 58 6
split_gain=28.0934 47.6015 29.9181 33.6751 35.8341 29.262 29.2568 33.8292 27.8513 30.7009 36.008 29.5959 39.4367 48.2488 36.0399 34.1908 51.7856 60.9535 30.6982 30.4613 30.5989 29.4645 29.3546 29.9241 31.9923 27.0766 27.057 26.5659 30.1492 37.4611 26.5278 41.6168 34.3319 31.1873 42.8764 33.7274 32.347 31.4519 38.4671 34.65 31.1354 26.2018 25.8398 39.7123 35.1743 33.9314 33.4536 50.9025 38.9068 47.0687 33.5027 32.1323 30.28 31.7768 46.9284 47.5544 42.8891 28.5466 27.1156 26.9513 26.0947 44.1568 28.4546
threshold=1.0000000180025095e-35 0.04132752679288388 -0.22057835012674329 0.81122076511383068 -0.5092998445034026 -0.17404606193304059 0.83535632491111766 -0.15222138911485669 0.078690234571695342 1.4224435091018679 -0.28226788341999048 0.088645506650209441 -0.58727657794952381 -1.5973139405250547 -0.41988503932952875 -0.34244877099990839 1.0555417239665987 1.298922657966614 0.91832920908927929 -0.53163322806358326 -0.74412366747856129 1.3408828973770144 0.013845780631527306 -0.23398572951555249 0.29196599125862127 1.0000000180025095e-35 1.1240882277488711 -2.1545928716659541 0.70596449077129375 -1.0474610924720762 0.86299672722816478 0.83477309346199047 -0.32153632491827006 0.59600871801376354 0.90049853920936596 0.084292590618133559 0.59730535745620739 1.5444964170455935 -0.28589354455471033 0.27374432981014257 -0.12854900211095807 -0.24961321800947187 -0.1484677046537399 -1.235700726509094 -0.36525732278823847 0.35066583752632147 0.71647691726684581 0.11648997291922571 4.581261634826661 1.0000000180025095e-35 0.21181461215019229 -0.6649227738380431 -1.1533452272415159 -0.28855302929878229 -1.1329674720764158 -0.45636743307113642 -0.90220433473587025 0.77048215270042431 -1.4986153244972227 0.11914205923676492 1.2889491915702822 0.27862142026424414 1.0015273690223696
decision_type=2 2 2 2 2 2 2 2 2 2 2 2 2 2 2 2 2 2 2 2 2 2 2 2 2 2 2 2 2 2 2 2 2 2 2 2 2 2 2 2 2 2 2 2 2 2 2 2 2 2 2 2 2 2 2 2 2 2 2 2 2 2 2
left_child=8 2 3 4 -2 -4 7 -7 9 42 -11 12 21 -14 15 -15 17 18 22 20 -16 -10 25 -24 -25 -17 -23 -21 30 -30 31 33 -33 -29 35 36 37 38 -35 -39 -40 -9 44 -44 45 57 47 -46 49 50 -49 -52 -48 54 55 58 -55 59 -54 -1 61 -58 -63
right_child=1 -3 5 -5 -6 6 -8 41 11 10 -12 -13 13 14 19 16 -18 -19 -20 27 -22 26 23 24 -26 -27 -28 28 29 -31 -32 32 -34 34 -36 -37 -38 39 40 -41 -42 -43 43 -45 46 -47 52 48 -50 -51 51 -53 53 56 -56 -57 60 -59 -60 -61 -62 62 -64
leaf_value=-0.037418114868311279 0.019523349796751202 0.015195096250640087 0.023364169887861615 0.03635075694613063 -0.064013485200715245 -0.05536847522197496 -0.043581722903139268 -0.027568160289453802 0.0079794945146004163 0.0076018614345997534 -0.051319965931602374 0.009274605010652302 0.015491856686831874 0.0092311666035227568 0.014887205499944243 -0.07078794259918833 0.013694941970899098 0.00088440835327153198 -0.10530385122290375 0.025704834955800657 -0.060415890285300214 -0.056322768511649017 0.0284330649206056 -0.090356665426402652 -0.0037352959290203915 -0.010900032042310272 0.0266972630100357 0.013709484565750897 0.034359158092406673 -0.063060718502405452 0.044641335057814494 -0.0061655175307222176 -0.063584007198669454 -0.083747107624174033 -0.077114490203791686 -0.054570492610716462 -0.057871395621299664 -0.025973867866493906 0.019388806820473871 0.043767551788316719 -0.05672111366074363 0.010756770370739709 -0.056428556966896387 0.0046942140030953455 -0.005086210811160387 0.038198043531472305 -0.070975194190000077 -0.058902320897036564 0.072672755950904375 -0.050133391246503893 0.062651257473974417 -0.0095054889098036468 0.0069636987955436387 -0.046552460286586703 -0.030514321331132289 -0.022519870987572757 0.033951098389060221 0.023275151752207478 0.091753807145099453 0.024302585716774683 0.073286420380226411 -0.065812839265314754 0.026921679810908213
leaf_weight=60.706662360578775 16.617167802527547 974.44733166135848 121.10446533374488 15.598805893212555 54.564689476042986 25.416026134043932 43.049036679789424 53.259492229670286 1487.9967362731695 42.863938922062516 64.928896301425993 1661.5168825406581 254.13788467645645 80.228319399058819 19.611036241054535 93.094937948510051 64.031710414215922 80.525280751287937 22.680816996842623 88.823786094784737 42.237546075135469 33.475834932178259 23.425227448344231 18.841353680938482 24.690437227487564 23.974831540137529 13.704581514000891 305.80856130085886 12.898465394973753 40.442633509635925 31.090040527284145 59.958915432915092 46.241105247288942 15.384658720344303 21.569512233138084 28.654046583920717 19.663044959306717 22.724516030400991 60.629568889737129 80.106120422482491 17.148285437375307 270.41819270513952 26.862152421846986 1800.3497093962505 2048.5279739201069 92.459375955164433 11.708454256877301 23.280072566121817 9.0498140063136798 149.27270268835127 20.679305059835315 59.578109546564519 15.408140278421341 20.477360622957349 90.802445126697421 31.256809456273913 145.49128196947277 71.753363244235516 24.829689346253872 24.760349966585636 28.743459129706025 20.714308109134436 13.561704207211731
leaf_count=295 38 2034 267 25 261 107 291 204 3467 166 505 4072 398 195 40 460 160 196 116 125 213 169 42 103 54 72 27 889 19 224 43 178 200 87 95 130 89 93 141 116 92 695 134 5136 7029 255 90 278 21 1148 55 342 98 167 556 195 437 158 59 80 46 149 38
internal_value=0.00217774 0.00837275 -0.00269911 -0.0298368 -0.0444419 0.00188455 -0.00474047 4.60936e-05 0.0011709 -0.00148021 -0.027858 0.00387984 0.00101777 -0.00447677 -0.00825588 -0.0201636 -0.0268923 -0.0359593 -0.0503298 -0.00262105 -0.0364725 0.00674257 -0.0434737 -0.0169286 -0.0414624 -0.0585859 -0.0320966 -0.000151359 -0.0031736 -0.0393897 -0.0004366 -0.00251767 -0.0312497 0.00281555 -0.00969604 -0.00369427 0.0030646 0.0092299 -0.0117696 0.0282966 0.00249277 0.00442859 -0.000885034 0.00378986 -0.00376959 0.01418 -0.00542358 -0.00774336 -0.0285012 -0.03217 -0.00620008 0.00907919 0.00786205 0.0102514 -0.00664784 0.0235945 0.0222484 8.25095e-06 0.0595071 -0.0194713 0.0290482 0.0219102 -0.0290043
internal_weight=11267.9 1574.48 600.028 86.7807 71.1819 513.247 392.143 349.094 9693.38 4898.07 107.793 4795.32 3133.8 1598.62 1344.48 431.493 351.265 287.233 206.708 912.992 61.8486 1535.18 184.027 66.957 43.5318 117.07 47.1804 851.143 762.319 53.3411 708.978 677.888 106.2 571.688 265.88 244.31 215.656 195.993 93.1625 102.831 77.7779 323.678 4790.27 1827.21 2963.06 249.68 2713.38 2310.39 261.86 252.81 103.537 80.2574 402.994 391.285 162.297 71.4946 228.988 157.22 40.2378 85.467 208.511 179.767 34.276
internal_count=33664 3922 1888 324 299 1564 1297 1006 29742 17437 671 12305 8233 4570 4172 1398 1203 1043 847 2774 253 3663 731 199 157 532 196 2521 2396 243 2153 2110 378 1732 843 748 618 529 320 209 233 899 16766 5270 11496 788 10708 8873 1844 1823 675 397 1835 1745 908 352 837 533 157 375 670 624 187
is_linear=0
shrinkage=0.05


Tree=95
num_leaves=64
num_cat=0
split_feature=1 55 5 19 55 17 0 73 65 5 75 66 2 58 66 55 50 39 62 61 62 47 13 63 64 61 63 73 66 47 47 19 55 54 61 13 51 2 5 19 32 10 66 5 22 48 61 26 53 63 1 73 21 18 73 18 65 18 74 55 26 3 18
split_gain=21.4879 50.3177 37.661 38.528 34.5067 34.1356 34.8837 47.8151 32.6518 32.7678 28.4638 28.4735 28.4208 28.227 27.638 29.234 25.7665 25.6734 23.919 36.5443 34.9364 34.3915 32.0872 35.3847 31.1195 31.1179 27.6263 25.6093 39.189 29.9878 34.6326 42.9879 26.1659 26.0522 34.8818 32.7064 30.3105 42.2645 27.9419 25.967 28.1579 30.8578 25.9225 25.7917 24.6155 25.0473 24.4248 57.6271 41.8265 38.2896 35.6684 31.9278 27.0305 24.3816 35.2264 24.3797 23.8572 39.8921 36.9382 23.7012 58.7092 40.5987 40.784
threshold=-0.2339520528912544 -0.061555886641144746 -2.383545875549316 -0.85059779882431019 0.6384284794330598 -1.2213047146797178 -0.441146969795227 -0.38658720254898066 0.88286432623863231 0.7460143268108369 -0.41178488731384272 1.2024594545364382 -1.1433658003807066 3.4068183898925786 -1.1257588863372801 2.0838845968246464 0.37445548176765447 -0.84555062651634205 -0.50337618589401234 -0.37896911799907679 -0.53590232133865345 1.7810102105140688 1.3625727295875552 0.75768798589706432 -0.18747801333665845 0.050056554377079017 -0.33013713359832758 -0.53206929564476002 -0.73633313179016102 -1.3901417851448057 -1.7332965731620786 -0.85059779882431019 -0.34719868004322046 -0.34031176567077631 -0.3402217030525207 -0.17258223891258237 0.66385847330093395 0.79502040147781383 -0.12600029259920117 -0.99214428663253773 -0.19929704815149304 1.0000000180025095e-35 0.69632500410079967 -0.994330734014511 0.2212774530053139 -0.13700480014085767 0.6203725039958955 -0.28132033348083491 -0.30114334821701044 1.2676752209663393 -0.69638016819953907 -0.52630034089088429 3.0045431852340703 -1.2177126407623289 -0.34101305902004236 0.12217392399907114 0.51925256848335277 0.76733529567718517 -0.31771345436573023 -0.28393296897411341 1.0375208854675295 -1.5654233694076536 -1.0310717821121214
decision_type=2 2 2 2 2 2 2 2 2 2 2 2 2 2 2 2 2 2 2 2 2 2 2 2 2 2 2 2 2 2 2 2 2 2 2 2 2 2 2 2 2 2 2 2 2 2 2 2 2 2 2 2 2 2 2 2 2 2 2 2 2 2 2
left_child=2 8 3 -1 12 16 -7 -8 13 -10 11 14 17 -2 -3 -16 -6 -4 20 -20 21 27 26 24 -24 -22 -21 28 -14 30 -29 -32 43 34 36 -35 38 -38 39 -34 -41 -42 -36 -31 53 -46 52 -48 51 50 -50 -49 59 54 -40 -45 57 58 -51 60 -28 62 -61
right_child=1 10 4 -5 5 6 7 -9 9 -11 -12 -13 18 -15 15 -17 -18 -19 19 22 25 -23 23 -25 -26 -27 46 29 -30 32 31 -33 33 35 42 -37 37 -39 44 40 41 -43 -44 55 45 -47 47 48 49 56 -52 -53 -54 -55 -56 -57 -58 -59 -60 61 -62 -63 -64
leaf_value=0.016770118253569662 -0.0030794332670543117 0.0089385527387251824 -0.033273502454442043 -0.070217030056320337 -0.027047502336442476 -0.049595103093742932 0.038293193571967629 -0.038637363911138083 -0.077376548399359174 0.0055717630301457691 0.0085255765239467835 0.048106042296275547 -0.036325110439108757 -0.070194279559342251 -0.048167664657816349 0.032922814042179685 0.037628153145054924 0.020391352613478967 0.03219560262925291 -0.05530500191436382 -0.06834246284255617 -0.051638198284483086 -0.040382093582706217 -0.060291885976725336 0.0059297071465042525 0.0162224623767632 0.0044497106047497797 0.0076939804236794314 0.018782606692638495 0.050242112494132823 -0.0034769072923564108 -0.060911928208976299 0.026524145573677407 0.017567985932507631 -0.083219240055611363 -0.0076422172848341456 -0.066310475609643246 0.032459522265244088 0.0050895170263119439 -0.045406371536910239 -0.03480677988208724 0.05610394050296074 0.011255863348342617 -0.011683882833277308 -0.00031853399858179052 0.064329986772286213 -0.066455518567878832 0.037392030550837556 -0.073191667414114356 0.041413043918852199 0.0077065967288857066 -0.070085322785364099 -0.037227712728354734 0.0076212140016708591 -0.074533221985847567 0.027885647573221053 0.048459153750087455 0.068714043883739959 -0.0534841249545292 -0.027998568047544928 -0.083530046820826861 0.010416368206337005 0.052111012666985937
leaf_weight=20.252926029264927 3141.1306914687157 50.350658109411597 23.405666768550873 33.664238481782377 23.344657316803932 82.942097757011652 37.082914954051375 44.089672630652785 29.742887809872627 19.610211972147226 1586.9809804018587 16.608791768550873 35.545833796262741 15.652757251635192 80.19342496432364 12.75241347029805 44.515799168497324 411.70923227071762 134.68455514498055 17.588062804192305 34.084779629483819 30.597700757905841 46.48286490701139 32.576247598975897 163.40845662727952 15.783268868923185 924.12136981077492 77.4840870462358 335.44013468362391 47.757407404482365 60.811217285692692 70.589472757652402 24.930303901433945 296.99935648031533 25.616811267100275 226.50933905504644 41.213325839489698 14.534036625176666 32.001359440386295 83.932128066197038 20.305677721276879 17.07797641120851 9.9638806059956533 77.187772896140814 26.935609303414822 33.232324700802565 35.49273719638586 8.8556329142302257 21.184450797736645 15.705169040709732 37.565703585743904 29.743820561096072 31.632568791508675 218.91166366450489 24.285873353481293 78.131721798330545 64.995097856968641 17.574115911498666 28.954251879826188 18.561745431274176 19.25555619597435 1812.7099287416786 105.10997783299536
leaf_count=38 10291 135 77 265 77 550 64 207 164 60 4999 18 131 130 327 31 59 851 240 76 176 235 231 209 466 41 2707 149 613 83 122 273 39 605 166 639 191 26 57 398 108 31 21 198 87 40 224 19 111 21 96 251 167 580 85 192 94 37 136 62 122 4448 261
internal_value=0.00213012 -0.000328512 0.00408024 -0.0374789 0.00444346 -0.0144665 -0.0268064 -0.00342698 -0.00404938 -0.0443717 0.00649754 -0.0135912 0.00518039 -0.00341602 -0.0208056 -0.0369647 0.0152985 0.0174861 0.00421025 0.00664886 -0.000224643 0.000852478 0.0056438 -0.0118799 -0.00431711 -0.0414986 0.00697805 0.00171242 0.0134806 -0.0011793 -0.0187606 -0.0343923 0.00164408 -0.00140558 -0.00877586 0.00665123 -0.00558566 -0.0404584 -0.00153115 -0.0197695 -0.029338 0.00662946 -0.0566653 0.018127 0.00641081 0.0353531 0.00732676 -0.00734185 0.00200374 0.0118603 -0.021454 -0.0452654 0.00863901 5.43317e-05 -0.0292474 0.00819409 0.0272878 0.0050544 -0.0199824 0.00914584 0.00263997 0.0123125 0.0400342
internal_weight=11200.1 4953.02 6247.07 53.9172 6193.16 231.975 164.115 81.1726 3206.14 49.3531 1746.89 159.905 5961.18 3156.78 143.296 92.9458 67.8605 435.115 5526.07 3566.2 1959.86 1910 3431.52 242.468 209.891 49.868 3189.05 1879.4 370.986 1508.41 208.885 131.401 1299.53 1096.45 572.941 523.509 537.36 55.7474 481.613 146.246 121.316 37.3837 35.5807 203.077 335.367 60.1679 3171.46 260.071 224.578 185.979 58.7502 38.5995 2911.39 275.199 56.2872 155.319 127.229 62.2335 44.6594 2879.76 943.377 1936.38 123.672
internal_count=33607 16155 17452 303 17149 957 821 271 10645 224 5510 511 16192 10421 493 358 136 928 15264 9978 5286 5069 9738 906 697 217 8832 4834 744 4090 544 395 3546 3073 1829 1244 1642 217 1425 576 537 139 187 473 849 127 8756 989 765 495 207 270 7767 722 142 390 288 194 157 7600 2829 4771 323
is_linear=0
shrinkage=0.05


Tree=96
num_leaves=64
num_cat=0
split_feature=59 0 73 73 31 20 24 60 74 19 33 33 2 48 17 48 64 64 78 19 51 26 51 0 5 0 63 50 48 64 16 71 52 54 50 3 20 40 2 67 44 73 52 18 74 54 65 5 63 52 39 31 51 62 13 3 73 73 76 51 52 73 0
split_gain=23.7795 39.0308 27.0425 24.8869 20.5727 22.5021 21.5501 39.2362 39.9376 29.9737 30.5282 35.8707 43.268 38.4192 30.3877 28.014 41.3013 39.3337 49.6441 36.5595 32.0077 32.0132 31.2397 55.8854 28.2463 28.1323 32.2043 33.7491 26.7757 36.0244 36.5247 25.8512 31.1673 25.0375 25.0208 35.9081 27.125 24.4671 23.2607 23.174 22.8584 21.3845 36.0779 30.5409 27.2274 21.8304 46.7231 29.5788 29.4309 28.2334 23.8436 22.4113 22.9608 27.1715 31.1942 22.4243 34.2007 40.2158 32.852 35.4973 39.8625 26.7911 29.9476
threshold=3.1136400699615483 -0.015356792602688072 0.35860645771026617 1.3472352027893069 -1.3560729622840879 -1.2497880458831785 -0.17940960824489591 4.0806660652160653 1.1891049742698672 -1.7944707870483396 0.62270939350128185 0.2928318083286286 -0.66514599323272694 1.7145490646362307 0.79813623428344738 0.47885186970233923 0.33188104629516607 -0.45594294369220728 -0.56495407223701466 -0.044148229062557214 0.85104840993881237 0.20782735943794253 0.52446168661117565 0.39590822160243994 -1.0117596983909605 -0.22008112818002698 -0.18959165364503858 -0.051676312461495393 -0.61647313833236683 0.92338228225708019 1.0000000180025095e-35 0.39315669983625418 -0.81401145458221424 0.72376361489295971 -0.15174894779920575 0.30649577081203466 -0.25327315926551813 0.0085472830105572956 -0.10925242677330969 1.1371814012527468 -0.69321817159652699 2.5249007940292363 -1.3604657649993894 0.038977170363068588 5.0977897644042978 -0.5352891981601714 0.79148545861244213 -0.73898944258689869 -0.12848997861146924 -1.2718852758407591 -0.29961183667182917 -0.63993278145790089 -1.9548097252845762 0.9046601951122285 1.6696037054061892 -1.5471339821815489 0.19849085062742236 0.074394896626472487 0.29049880802631384 -0.0092288623563945276 -0.76535457372665394 -0.48387649655342096 -0.92840617895126332
decision_type=2 2 2 2 2 2 2 2 2 2 2 2 2 2 2 2 2 2 2 2 2 2 2 2 2 2 2 2 2 2 2 2 2 2 2 2 2 2 2 2 2 2 2 2 2 2 2 2 2 2 2 2 2 2 2 2 2 2 2 2 2 2 2
left_child=4 -2 -3 -4 5 -1 7 8 9 31 11 12 28 15 -12 17 -17 20 19 22 21 -14 -19 -24 38 40 -27 -28 33 30 34 32 -6 37 35 -30 -36 -11 -20 -21 -26 44 -43 -44 45 46 47 48 49 -8 -48 -47 53 54 -53 56 57 58 59 -54 -61 -60 -63
right_child=1 2 3 -5 6 -7 41 -9 -10 10 14 -13 13 -15 -16 16 -18 18 24 39 -22 -23 23 -25 25 26 27 -29 29 -31 -32 -33 -34 -35 36 -37 -38 -39 -40 -41 -42 42 43 -45 -46 51 50 -49 -50 -51 -52 52 55 -55 -56 -57 -58 -59 61 60 -62 62 -64
leaf_value=-0.029313252975188171 -0.082109158555966885 0.036741812298896712 -0.079868035984231811 -0.0042267475800649625 -0.055177015458843029 0.024917639567274164 0.041364106989650928 0.064266184281084257 -0.058176469837061345 -0.081185505514187767 -0.0500274213136844 0.026908841548763052 -0.048175454097218212 -0.070159704639867398 0.018584522669199546 0.040474150173883679 -0.038994077572125252 0.029050763326253767 0.020272043136691398 -0.057178379169301886 0.047325319836254348 0.043026446974103787 -0.095997114912876089 0.03204286442129977 0.063083773667894347 0.027717473437918 0.021758286278041765 -0.067515554545709053 -0.052143591422074843 0.019056022220409582 0.025270592266183684 0.037041810652704996 0.01193589967461637 0.0092658835874933222 -0.072847290055548214 0.024682265332281992 -0.0034049144247912779 0.00086380886581729718 -0.065261028125283227 0.001953606776746151 0.022290911286704882 0.060153243079124896 -0.0021790105819040639 -0.056976047724010749 0.043412215738871607 0.048640358316957052 0.025041428322940401 0.022120685115702032 0.02190375967948861 -0.056645203039213991 -0.07661169319018829 -0.04895843653211801 0.046337774373248819 0.033568816976589401 0.046807294846503415 0.001976318086128945 0.034015092577374388 -0.074090789219332778 0.01013112619348182 -0.042714943546818228 0.016265067666817911 0.0042914760624562726 -0.084971978793390066
leaf_weight=21.418262418359518 21.217556979507208 25.237811921164393 15.189445253461598 38.2455113530159 20.947789371013641 167.98606149107218 9.023730877786873 20.858140900731087 33.90612175129354 44.8361607901752 69.796046826988459 86.199121233075857 88.750075681135058 18.813289547339082 20.801068322733045 86.982096819207072 19.983639592304826 53.672480806708336 14.114238828420641 60.18777066282928 12.11814111471176 10.654732223600147 16.99038440734148 16.845371000468731 50.509754855185747 51.05443262681365 17.824439682066441 25.600927133113146 29.601576353423297 59.430919105187058 28.314503164961934 78.18421944975853 97.034211590886116 14.203553427010773 57.870876334607601 30.992981191724539 18.78213744238019 11.235488642007111 17.79333183914423 22.617125999182463 109.55002407357097 12.837751982733606 53.469521056860685 48.744147763587534 41.930431483313441 26.123280674219131 7.802155144512656 411.26278726384044 38.368190922774374 37.019621018320322 20.9374715462327 63.200787056237459 72.796086421236396 17.151774255558848 9.6894282940775138 8183.0218495279551 138.64792852289975 15.381875684484838 36.047534231096506 35.137984184548259 152.68431048840284 15.428786022588609 23.492993269115686
leaf_count=80 152 59 105 178 69 372 36 29 209 219 380 212 478 160 99 208 95 101 37 361 18 21 82 30 67 90 53 112 225 149 73 85 163 28 318 75 66 30 93 63 208 21 134 306 87 52 23 1104 168 248 144 378 245 62 24 23419 345 109 110 217 494 54 149
internal_value=0.00219079 -0.0220784 -0.00574129 -0.025931 0.0024103 0.0187465 0.00212548 -0.00362345 -0.00464578 -0.00330561 -0.00635071 -0.00399587 -0.00669606 0.000117682 -0.0342159 0.0020932 0.0255584 -0.00231849 0.00417335 -0.0171835 -0.0289316 -0.0383163 0.00530181 -0.0321976 0.0168905 0.0224612 0.000768286 -0.0307914 -0.0227241 -0.0142658 -0.0262617 0.0147647 0 -0.0496743 -0.03694 -0.0127903 -0.0559237 -0.0646834 -0.0273243 -0.040984 0.0352264 0.00298626 -0.0184229 -0.0283899 0.00325029 0.00306847 0.0129799 0.0165841 -0.0103259 -0.0372806 -0.0488507 0.00247636 0.00233761 -0.0227615 -0.0361129 0.00259903 0.0129938 0.00466788 0.00831372 0.0167142 0.00518756 -0.0208059 -0.0495391
internal_weight=11176.6 99.8903 78.6728 53.435 11076.7 189.404 10887.3 1417.06 1396.2 1362.29 1166.13 1075.53 989.33 694.062 90.5971 675.249 106.966 568.283 456.76 170.313 111.523 99.4048 87.5082 33.8358 286.447 254.54 94.4798 43.4254 295.268 224.993 165.562 196.166 117.982 70.2752 137.248 60.5946 76.653 56.0716 31.9076 82.8049 160.06 9470.2 115.051 102.214 9355.15 9313.22 524.414 495.674 84.4115 46.0434 28.7396 8788.8 8762.68 90.042 72.8902 8672.64 489.617 350.97 335.588 260.618 187.822 74.9693 38.9218
internal_count=33581 494 342 283 33087 452 32635 4706 4677 4468 4151 3672 3460 2277 479 2117 303 1814 1297 637 517 499 213 112 660 530 255 165 1183 906 757 317 232 277 684 300 384 249 130 424 275 27929 461 440 27468 27381 1723 1556 452 284 167 25658 25606 464 402 25142 1723 1378 1269 956 711 313 203
is_linear=0
shrinkage=0.05


Tree=97
num_leaves=64
num_cat=0
split_feature=25 18 64 40 40 0 6 5 6 17 17 52 12 49 79 62 19 72 64 58 53 48 28 66 5 40 0 79 23 57 75 75 78 76 31 62 79 5 32 18 41 54 72 8 10 47 13 19 39 59 75 79 0 61 55 50 54 78 3 50 64 61 61
split_gain=31.8067 23.9706 27.703 22.0268 50.1281 34.2421 49.2252 38.4507 40.6724 40.4527 34.5108 35.8265 32.7966 31.7422 33.3712 27.898 45.3839 32.2242 31.2397 28.5552 27.4906 26.2528 26.1406 29.6868 29.221 38.4224 34.5546 33.8038 29.6011 31.1197 40.0365 27.9745 26.0217 25.1745 24.9913 24.6448 41.7078 29.5646 27.9113 49.1662 31.7121 30.5675 30.37 33.9559 47.2556 33.4825 30.0614 35.5361 28.7913 27.3666 26.9725 26.5926 38.0582 32.528 40.5478 28.9255 45.1629 49.2801 29.3641 26.8305 33.5421 26.6169 25.4248
threshold=-1.1186330914497373 -2.3423089981079097 -1.0722371339797971 -0.20082697272300717 -0.18659766018390653 0.54412895441055309 -0.59195640683174122 -0.22292228788137433 0.92936709523201 2.336968302726746 -0.48657554388046259 -1.3816751837730405 1.0000000180025095e-35 0.17443566769361499 -0.085599645972251878 0.093102473765611662 0.017717069946229461 0.52561005949974071 -0.57519564032554615 -0.88762211799621571 -0.12005554139614104 0.1995135769248009 2.7228900194168095 0.11873632296919824 0.11006996408104898 0.057333521544933326 -0.87266734242439259 1.670768201351166 1.8354883790016177 -0.93494999408721913 -0.36112274229526514 0.3447588980197907 1.8324389457702639 2.9153851270675664 -0.24995557963848111 -0.30196675658226008 -0.90014711022377003 1.0642699003219607 0.060784788802266128 0.52980691194534313 -0.039586424827575677 -0.4520545601844787 0.68265238404273998 1.0000000180025095e-35 1.0000000180025095e-35 1.6815617680549624 0.44147975742816931 -1.7541111111640928 -0.073578312993049608 -0.84119549393653859 -1.0716978311538694 -0.74741944670677174 1.6026942133903506 -0.10917382314801215 -0.34542356431484217 1.7707323431968691 -0.51605477929115284 1.6837258934974673 0.31712646782398229 -0.74776756763458241 -0.55725052952766407 -0.27872569859027857 -0.14943649619817731
decision_type=2 2 2 2 2 2 2 2 2 2 2 2 2 2 2 2 2 2 2 2 2 2 2 2 2 2 2 2 2 2 2 2 2 2 2 2 2 2 2 2 2 2 2 2 2 2 2 2 2 2 2 2 2 2 2 2 2 2 2 2 2 2 2
left_child=-1 2 -2 33 -5 7 12 8 9 10 -6 -12 13 14 32 16 17 18 -8 -18 -17 -10 24 -24 25 -9 27 -26 29 -28 -31 -32 -7 35 -22 38 37 -37 42 40 -40 -42 45 44 46 48 47 -44 -3 -50 -38 52 -52 54 55 56 58 61 59 60 -53 -58 -56
right_child=1 3 -4 4 5 6 15 22 21 -11 11 -13 -14 -15 -16 20 19 -19 -20 -21 34 -23 23 -25 26 -27 28 -29 -30 30 31 -33 -34 -35 -36 36 50 -39 39 -41 41 -43 43 -45 -46 -47 -48 -49 49 -51 51 53 -54 -55 62 -57 57 -59 -60 -61 -62 -63 -64
leaf_value=-0.064040727660893318 -0.033389532250139679 -0.0035063502915547128 0.015593225227380107 -0.055284498126789018 0.00228214237134342 -0.065985791397884339 0.037325743937798105 -0.042574973699051777 0.013580934130331327 0.057646916084408154 0.029093270379858174 -0.048217267520902857 0.062439282182423964 0.032665969686015671 0.021878931867641043 0.026436296759324504 0.032620147610878433 0.033983063811750432 -0.055657169571220827 -0.071520032841303094 0.019881648884684248 -0.049155976701447404 -0.027087495954560323 0.045577657782120654 -0.046148179343290997 0.024420455285257762 0.032730072317849988 0.040332898190788696 -0.052799446896101304 -0.063598943679035944 0.0024057412537999145 -0.056884634488055356 0.046931125205735169 -0.052485461474212153 -0.074724311807481444 -0.074381571991805548 0.027689064712888203 0.0089103491874921777 0.040726114319576866 0.033754161632184726 0.027042395153886185 -0.020967687238643604 0.025933023476655843 0.0089653207210678206 -0.093288253532931742 -0.046404813646208999 0.029248433670888741 -0.05326292856978028 0.0090297529586979269 -0.078919444720750881 0.015556121750532975 0.036392958869189293 -0.052238968087356875 -0.0015298259058922098 0.008015538152447977 0.032102639698880199 -0.019504525274701465 0.022302621776322452 -0.044509577190756738 0.058196267531743763 -0.06871431098570796 -0.075896364900621655 0.030019514014979688
leaf_weight=18.16089977696538 30.57690741121769 2201.4141126275063 475.90887350589037 45.56701129116118 53.284991230815649 28.083143727853894 12.677314613014458 24.839387502521276 110.51848966255784 12.557569129392503 16.035952808335423 202.29122879635543 47.945912551134825 112.76134747639298 39.143760081380606 84.111100295558572 7.5277149677276602 40.122686512768269 30.455671064555645 46.756821352988482 12.867368184030058 19.521163020282984 18.498593462631106 56.812989229336381 88.175458905287087 149.35289408452809 62.709321722388268 12.818286746740339 28.067254701629281 27.174430157989264 358.87712911516428 20.9589962977916 6.1011038795113555 20.64576792344451 14.908549176529048 28.065330671146512 131.21810245886445 16.944382697343826 35.665277738124132 157.03694317024201 42.226399291306734 152.02346045896411 21.020962879061699 844.92647007480264 18.26908915117383 48.061406878754497 37.664883490651846 42.617921754717827 13.65480994991958 24.427772866562009 704.27588947955519 18.150015592575077 21.200726358219981 1952.0376831926405 1879.5022624377161 31.2123062312603 32.593356773257256 25.320808224380016 19.421974077820778 31.428215175867081 12.877573205158113 60.208687752485275 141.28653382509947
leaf_count=100 79 6572 727 233 154 272 28 118 294 53 57 1267 63 266 135 247 18 72 148 364 33 126 112 124 454 337 180 29 159 123 1076 117 8 83 106 152 228 41 52 491 102 496 28 1720 101 341 72 187 35 159 1806 43 131 6875 4954 44 102 41 73 47 97 330 318
internal_value=0.00188523 0.00199448 0.0126202 0.0014841 -0.00356647 -0.00221075 0.00909904 -0.00654608 -0.0190317 -0.0296296 -0.0337028 -0.0425053 0.0255691 0.0160142 -0.00953384 -0.00633869 -0.021427 0.00171759 -0.0281896 -0.0569534 0.0121669 0.0040941 -0.000442073 0.0276505 -0.00318886 0.0148194 -0.00843763 -0.0350934 -0.00301356 -1.74504e-05 -0.00508204 -0.000866796 -0.0456088 0.00251696 -0.030804 0.00264799 0.00488894 -0.0429644 -0.000494861 0.0121961 -0.002515 -0.0104969 -0.00200679 0.00543161 -0.0194832 -0.00514531 -0.00604502 -0.0270251 -0.00425559 -0.0473126 0.00531637 0.00471927 0.0135611 0.00319199 0.00728697 -0.0125345 -0.0195381 -0.039315 0.00894555 0.0256931 -0.00715034 -0.0561869 0.00955786
internal_weight=11081.6 11063.4 506.486 10556.9 1791.52 1745.96 483.462 1262.49 414.209 284.17 271.612 218.327 234.035 186.089 73.328 249.427 137.54 83.2557 43.133 54.2845 111.887 130.04 848.285 75.3116 772.973 174.192 598.781 100.994 497.787 469.72 407.011 379.836 34.1842 8765.4 27.7759 8744.75 5105.74 45.0097 3639.01 386.952 229.915 194.25 3252.06 964.499 119.573 2287.56 101.304 63.6389 2239.5 38.0826 5060.73 4929.52 725.477 4204.04 2252 231.213 200.001 118.123 81.8778 62.4558 31.0276 92.802 2020.79
internal_count=33400 33300 806 32494 6773 6540 1760 4780 1951 1531 1478 1324 744 681 415 1016 630 248 176 382 386 420 2829 236 2593 455 2138 483 1655 1496 1316 1193 280 25721 139 25638 15282 193 10356 1141 650 598 9215 2108 388 7107 287 215 6766 194 15089 14861 1937 12924 6049 777 733 473 260 187 140 432 5272
is_linear=0
shrinkage=0.05


Tree=98
num_leaves=64
num_cat=0
split_feature=3 6 59 67 74 62 64 47 62 67 58 18 59 58 19 53 44 17 53 47 62 17 58 59 62 33 0 65 66 5 54 12 50 18 6 79 50 70 79 50 1 73 19 5 1 44 2 44 74 54 66 74 66 44 69 49 67 73 58 17 43 20 0
split_gain=21.0834 35.8786 41.3038 35.7254 31.983 30.2069 28.8604 37.7483 32.3876 35.0243 30.8201 42.3034 30.2922 29.4855 26.8711 25.7979 28.2536 24.4547 49.239 44.0859 39.6087 35.0329 32.3682 65.1074 30.8671 26.1569 23.6833 30.5639 22.7631 28.7206 29.8685 32.1572 29.1394 27.2163 27.2129 44.4629 37.5871 40.0072 31.9268 39.1323 30.7743 29.9787 29.8679 29.0345 29.0462 45.0149 43.22 43.1107 42.0825 28.4974 29.298 25.6085 34.6237 39.6145 32.413 25.5219 25.3001 45.8898 26.9208 25.0442 24.8053 25.5185 36.3644
threshold=1.4342653155326845 0.57849615812301647 -1.0271719694137571 0.99127545952796947 -0.3639418482780456 -0.14464277029037473 1.2903680205345156 1.7810102105140688 -0.16367458552122113 -0.1725194230675697 0.27862142026424414 -0.92914167046546925 -0.85866042971611012 -1.0077608227729795 0.56340590119361889 -0.25633223354816431 0.18020650744438174 1.4422553777694704 -0.50013637542724598 1.2388438582420351 -0.14968337863683698 1.3802005648612978 -0.64612215757369984 -0.55807247757911671 -0.33854214847087855 0.48593086004257208 0.83726388216018688 0.27557557821273809 -1.0578773021697996 -1.8640781641006468 -0.26371756196022028 -1.0549764856696127 0.35403130948543554 -2.3423089981079097 -0.40195645391941065 1.925314247608185 0.55315598845481884 0.70596449077129375 0.88167545199394237 -1.2489622235298155 -0.93950966000556935 0.10162361338734628 -1.1289294362068174 -1.6875213980674741 -0.30371548235416407 0.36728216707706457 0.63390856981277477 1.1350212097167971 -0.054848771542310708 -0.33813643455505366 -1.4985120296478269 -0.034054012969136231 -1.4270577430725095 -2.0379763841629024 0.66363814473152172 0.70138651132583629 0.58848738670349132 0.48752637207508093 -0.27473263442516321 -1.8525771498680113 6.7303278446197519 -0.075829170644283281 2.2088763713836674
decision_type=2 2 2 2 2 2 2 2 2 2 2 2 2 2 2 2 2 2 2 2 2 2 2 2 2 2 2 2 2 2 2 2 2 2 2 2 2 2 2 2 2 2 2 2 2 2 2 2 2 2 2 2 2 2 2 2 2 2 2 2 2 2 2
left_child=6 15 -3 4 -4 -5 7 17 -9 -10 12 -12 13 -8 -6 -2 -17 21 24 22 -21 28 -20 -24 -19 -22 -25 -28 29 32 34 -32 -1 -30 36 43 38 42 39 -31 -41 51 -38 -36 45 -45 47 -46 -47 50 -37 52 53 -40 -54 -49 58 -58 -42 -48 61 62 -35
right_child=1 2 3 5 14 -7 10 8 9 -11 11 -13 -14 -15 -16 16 -18 18 19 20 25 -23 23 26 -26 -27 27 -29 33 30 31 -33 -34 60 35 49 37 -39 41 40 56 -43 -44 44 46 48 59 55 -50 -51 -52 -53 54 -55 -56 -57 57 -59 -60 -61 -62 -63 -64
leaf_value=-0.071456443257767982 0.0091089338436517141 -0.071611921160848455 -0.057665030838946356 -0.077985157243063666 0.0051470814480545184 0.0061682482402214559 0.017664142257331227 -0.060773016713963346 -0.049401906824424115 0.026251936806557814 0.029202907614836845 -0.054978049127421103 0.03111149706554597 -0.052941912963584831 -0.045691677642720335 -0.021016697326594305 -0.10365308945802008 -0.031965545364655151 -0.065907470516100783 0.028414014973719665 -0.068446845932508757 0.039527824306007708 0.033034004263162199 -0.04455372384700932 0.045582572309533304 0.042069433531768334 -0.063446048728180229 0.011708544099284129 0.017568719060093628 -0.031094109733253269 -0.041654021578434119 0.011111650004846962 0.0043674249097187985 0.001983906289147692 0.039997154756339227 -0.032455314246688356 0.029069305058850487 -0.069730464968853531 0.034805775799821248 -0.037640600589338151 0.015575367028189189 -0.07514673858252173 -0.033336069612224344 -0.071642093334387855 0.0027787641431822403 0.0075094535551238854 0.018189450727457368 -0.084675699030335352 -0.06366289438351487 -0.031408591231754768 0.034220811749477859 0.039965981129415871 0.023988761642942991 -0.076884175249851264 -0.043212065229875168 -0.0032873739541574264 -0.06620246847815163 0.037291677098019858 0.046948326629808919 -0.076923668455799274 0.044105759038613648 0.0090445493519964778 -0.02810314907518234
leaf_weight=29.529578233137727 16.53540676087141 21.221410192549229 22.083392884582281 26.779818125069141 705.36063382215798 17.480116464197636 41.108560960739851 43.536330124363303 25.782238594256341 37.265277380123734 27.397817224264145 32.44546066224575 236.72065220400691 22.927068274468184 26.872772660106421 20.055472739040852 21.809404088184237 16.31175334751606 43.395331332460046 82.675784915685654 20.881674768403176 64.450200401246548 48.108827568590641 127.4937461251393 58.023319684900343 7.0526998639106742 18.27945813909173 50.96185676753521 343.41913006454706 40.977850845083594 30.38085101544857 538.17010780982673 21.912120927125216 5492.044057264924 19.05778125859797 19.761193335056305 35.118327517062426 34.352149464190006 10.332882598042486 21.167308937758207 150.43120842706412 16.328590538352728 41.928420934826136 66.082584973424673 220.66080912388861 59.247503720223904 8.394352085888384 24.85345720499754 31.783567408099771 30.707994904369116 95.203745977953076 27.112481754273176 62.505080003291368 32.764121111482382 25.033268369734287 15.915183559060095 20.099742695689201 22.658687081187963 126.52367183286697 36.498151959851384 36.693625446408987 1371.710110318847 102.18292906694114
leaf_count=227 45 75 77 104 1515 35 77 380 239 123 38 179 427 89 140 64 110 138 380 264 179 187 160 934 257 18 192 250 510 240 173 1420 75 15123 41 95 51 168 27 126 459 111 192 411 687 128 14 142 167 122 205 63 173 209 114 35 98 39 273 238 51 4221 503
internal_value=0.0017996 -0.00563394 -0.00292747 -0.00108725 0.00147057 -0.0446977 0.00243602 0.00192955 -0.0276484 -0.00463551 0.0163305 -0.01637 0.022857 -0.00758055 0.0032685 -0.0434707 -0.0643295 0.00225205 -0.00883313 -0.015805 0.0109906 0.00281512 -0.0261052 -0.0190064 0.0284785 -0.0403155 -0.0317678 -0.00812278 0.00255868 -0.00229395 -0.00127307 0.00827646 -0.0391157 0.0038247 -0.0054682 -0.0129374 0.00155597 -0.0249299 0.00687576 0.0149702 0.0205298 -0.0108501 -0.00482574 -0.0202494 -0.0227458 -0.0402356 -0.0137487 -0.00593492 -0.0173281 0.0112444 0.0226982 -0.00411963 -0.0133311 -0.0499712 0.00468697 -0.0531116 0.0244073 -0.0112828 0.0299376 -0.0590266 0.00314972 0.00293263 0.00143296
internal_weight=11144.6 878.198 819.798 798.577 754.317 44.2599 10266.4 9905.76 106.584 63.0475 360.6 59.8433 300.756 64.0356 732.233 58.4003 41.8649 9799.18 473.184 398.849 110.61 9325.99 288.239 244.844 74.3351 27.9344 196.735 69.2413 9261.54 1915.49 1864.05 568.551 51.4417 7346.05 1295.5 628.166 667.334 111.399 555.935 381.858 340.881 174.076 77.0467 482.493 463.436 157.114 306.322 261.429 91.0311 145.673 114.965 157.748 130.635 43.097 87.5383 40.7686 319.713 42.7584 276.955 44.8925 7002.63 6965.94 5594.23
internal_count=33607 2165 1946 1871 1732 139 31442 30632 742 362 810 217 593 166 1655 219 174 29890 2772 2377 461 27118 1916 1536 395 197 1376 442 26931 6523 6221 1593 302 20408 4628 2285 2343 411 1932 1235 995 697 243 1863 1822 706 1116 864 295 422 300 586 523 236 287 177 869 137 732 252 19898 19847 15626
is_linear=0
shrinkage=0.05


Tree=99
num_leaves=64
num_cat=0
split_feature=17 4 69 53 64 68 1 50 53 25 59 6 0 75 0 76 44 72 44 63 55 5 65 79 4 59 49 52 55 5 25 77 52 7 55 78 51 59 53 31 6 48 79 6 54 3 65 58 76 19 50 76 26 77 59 3 73 60 66 51 5 25 6
split_gain=29.9396 28.7254 29.5816 34.0071 31.958 51.9438 44.4988 38.248 30.9791 30.0102 35.5717 35.4163 31.6651 39.9955 29.3116 27.2506 24.2456 22.4164 22.404 46.4618 28.3265 27.7459 22.2597 22.1257 22.2493 29.1524 20.8856 35.3666 18.5233 28.9443 23.1399 22.8332 22.5274 17.982 17.4344 20.3979 17.0501 16.7901 26.4419 34.3138 33.3212 29.0131 40.1512 29.7884 32.491 27.9394 35.5621 45.8812 42.274 33.2199 29.7434 27.0655 29.5346 50.5105 39.6484 33.846 37.3548 36.8041 32.108 25.7217 37.3328 23.8306 26.6501
threshold=-2.5299543142318721 -1.0037832856178281 3.1265742778778081 -0.098522584885358797 -0.087280113250017152 0.83926808834075939 -0.80728662014007557 0.81245189905166637 -0.1137360781431198 -0.22902812063693997 -0.70666146278381337 -0.22916905581951139 -0.13011286407709119 -0.79360157251358021 -0.78230544924736012 0.50053682923316967 -0.8414209485054015 1.664219915866852 1.0000000180025095e-35 0.65793201327323925 0.39834235608577734 -1.5803970694541929 -0.65725043416023243 -0.1874180734157562 -1.0398722887039182 -0.20693765580654142 0.7014017403125764 -0.071681983768939958 -0.37757974863052363 -0.31049217283725733 -1.1186330914497373 -0.12442163750529288 1.9157648086547854 -0.91689383983612049 -0.09344856813549994 -0.47740526497364039 0.57026350498199474 0.088645506650209441 -0.26126064360141749 -1.2426249384880064 1.1723287105560305 0.59086847305297863 2.4853156805038457 0.59835678339004528 -0.36458376049995417 1.2826919555664065 0.62966871261596691 2.225629568099976 0.11977865919470788 -0.88877588510513295 1.7393768429756167 -0.60729926824569691 -0.23385029286146161 0.83714690804481517 0.16099659353494647 0.32867164909839636 -0.39499789476394648 0.10527822747826578 -1.5532935857772825 0.56229794025421154 0.84548690915107738 -0.19258953630924222 0.25940220057964331
decision_type=2 2 2 2 2 2 2 2 2 2 2 2 2 2 2 2 2 2 2 2 2 2 2 2 2 2 2 2 2 2 2 2 2 2 2 2 2 2 2 2 2 2 2 2 2 2 2 2 2 2 2 2 2 2 2 2 2 2 2 2 2 2 2
left_child=22 2 3 4 6 7 -2 17 9 -8 11 -11 16 -14 -5 -7 -12 26 19 21 34 -16 -1 -24 -25 -26 -6 -28 29 31 -30 32 -3 -15 35 -20 -18 -32 39 -39 41 42 43 51 -45 46 50 48 -48 -47 -40 59 53 -53 -54 57 -57 -56 -58 60 -41 -50 -63
right_child=1 28 -4 14 5 15 8 -9 -10 10 12 -13 13 33 18 -17 36 -19 20 -21 -22 -23 23 24 25 -27 27 -29 30 -31 37 -33 -34 -35 -36 -37 -38 38 45 40 -42 -43 -44 44 -46 49 47 -49 61 -51 -52 52 54 -55 55 56 58 -59 -60 -61 -62 62 -64
leaf_value=-0.023563648920792633 -0.071901349434269901 -0.069714347410655783 0.038744407973286099 -0.077614085105132971 0.024620181720660762 -0.079923444996417653 -0.054473556736302033 -0.067796847127475676 0.057202710783953309 0.046042040563538493 0.043447896093031318 -0.032860326469256462 0.048981050140091652 0.00573241458769028 0.021179860810308933 0.012881235906790123 -0.072111162424416966 -0.030989844878398943 -0.054723532391975728 0.01097489379189831 -0.064084913157610529 -0.077474682170007553 0.025578055318669059 0.063083071542955255 -0.053726858406537105 0.0096949379917454573 -0.069705175131152902 0.020377559084033495 -0.056472589792804118 0.02147818154188991 0.00082086067861952469 0.014169737867281146 0.016319577589613523 -0.07229412687671595 0.020509530651662819 0.0081237351975727134 0.020011534665281355 -0.079327238529799698 0.014952478923567342 -0.067955667555160415 -0.027328500743762738 0.031234503917878461 -0.062660367333670836 0.037842200467850209 -0.034212729143955498 0.014411404307333137 -0.015108121969529445 -0.063881978274995921 0.018348777722371017 -0.027008892449684702 -0.040801887802633052 0.023396775142036211 0.028793537160342154 -0.076535274496048106 0.00052517539153344923 0.018225367940940877 0.041147098749375291 -0.052400622640978216 -0.065571152875412722 0.060315863531140879 0.052756342562192964 -0.064547801931015808 0.0095371110466701339
leaf_weight=33.414333060383797 31.029230455867946 24.262901516631246 34.661607753485441 23.039768991991878 273.40483403857797 24.619307897984982 36.652507079765201 14.122852079570292 16.67633219063282 49.181101821362972 24.506647051312029 19.834733493626118 9.6733228713273984 8.5676500443369132 8.1489358693361265 11.46956220269203 10.997148191556336 23.644342076033354 21.996853603050113 31.785335080698133 17.851294015534222 51.041956936009228 293.13170450180769 11.215241894125937 27.281761676073074 53.237745463848114 16.679720913991332 30.871010690927505 16.657803930342197 271.094975464046 6283.2628721734509 34.498354613780975 10.894299142062662 48.021982833743095 65.643122736364603 30.740382291376591 8.9925325624644739 13.979961637407539 1456.0806895522401 12.634853132069113 103.67753666453063 80.483586265705526 24.895088484510779 92.041791079565883 18.691430117934942 82.806318495422602 211.47211252711713 27.083472885191441 307.15492900460958 115.93521675653756 24.179994828999043 127.00267704389989 48.871394709683955 13.927365188486872 192.85002027638257 20.555802831426263 7.5928999930620185 39.446363953873515 81.022294692695141 31.408793915063143 12.768087182193993 19.366107452660799 31.956770654767752
leaf_count=83 286 153 61 175 977 142 247 97 24 110 78 99 18 39 28 27 87 92 111 118 116 345 399 8 82 91 123 71 92 544 18671 77 21 382 147 88 26 96 3555 112 472 267 160 212 81 144 662 136 580 385 85 403 124 91 718 52 16 274 454 49 26 99 75
internal_value=0.00234035 0.0018306 -0.0064996 -0.00823403 -0.00226523 0.00673188 -0.01573 0.0124995 -0.00820379 -0.0132907 -0.00484096 0.0232789 -0.0224132 -0.04431 -0.0239238 -0.0503365 0.0101092 0.0158236 -0.0184256 -0.0376339 -0.00554329 -0.0637956 0.0154652 0.0188719 -0.002507 -0.0117717 0.0192964 -0.0111965 0.00263032 0.0140854 0.00221868 -0.0146049 -0.0429422 -0.0604035 0.003289 -0.0180494 -0.0305268 0.00232292 0.0052725 -0.00186699 -0.000660096 0.00277478 -0.000387189 0.00183277 0.0256145 0.00816632 0.00988105 -0.000411976 0.00260596 -0.00972727 0.0140357 -0.00264033 -0.00615757 0.0134383 -0.013247 -0.0192852 -0.0422462 -0.00845935 -0.0563347 0.0301159 -0.00711809 0.013071 -0.0183919
internal_weight=11200.7 10782.4 943.854 909.192 658.945 394.812 264.133 358.723 233.104 216.428 179.775 69.0158 110.759 66.263 250.248 36.0889 44.4963 344.6 227.208 90.9762 136.232 59.1909 418.281 384.866 91.7347 80.5195 320.956 47.5507 9838.56 340.751 9497.81 69.6556 35.1572 56.5896 118.38 52.7372 19.9897 9481.15 3197.89 921.85 907.87 804.192 723.709 698.814 110.733 2276.04 2077.29 597.033 569.95 198.742 1480.26 588.081 531.269 140.93 390.339 341.467 109.171 232.296 88.6152 56.8117 25.4029 358.478 51.3229
internal_count=33663 33000 4114 4053 2925 1529 1396 1360 1110 1086 839 209 630 439 1128 169 191 1263 953 491 462 373 663 580 181 173 1171 194 28886 795 28091 251 174 421 346 199 113 27999 9328 3607 3511 3039 2772 2612 293 5721 5192 1552 1416 529 3640 2319 2132 494 1638 1514 522 992 470 187 138 754 174
is_linear=0
shrinkage=0.05


Tree=100
num_leaves=64
num_cat=0
split_feature=17 75 27 60 76 78 4 48 43 4 13 44 66 41 79 51 3 55 55 51 72 74 51 18 17 59 55 55 64 76 68 5 6 4 5 53 72 45 50 53 18 67 47 27 3 79 53 31 67 64 60 5 3 6 41 49 76 4 63 68 50 31 76
split_gain=24.2524 23.526 21.2546 21.6411 31.872 35.2801 30.1931 23.6843 39.064 33.4924 32.4745 31.9993 47.8301 42.2977 29.9389 40.4459 33.3198 28.0512 33.9386 31.4601 31.7181 28.2518 27.9591 46.3301 33.2746 32.2865 31.1351 41.5565 39.2367 30.536 44.7557 30.1102 29.9405 28.2711 36.5209 51.7488 31.8353 38.9298 30.3248 29.029 43.911 45.4396 34.225 30.6777 28.336 27.0925 29.9285 26.1642 26.1062 25.6366 24.8409 26.1896 25.0394 24.7425 24.6473 28.0099 24.2763 30.5703 29.0004 24.139 27.3138 29.615 23.9156
threshold=-3.0606709718704219 6.693432331085206 -1.1155890226364134 1.0876919031143191 0.32365772128105169 1.3240313529968264 0.57897815108299266 0.10718190297484399 3.9267643690109257 -0.050001956522464745 -1.4007062315940855 -0.29841564595699305 -0.91615968942642201 0.81338500976562511 1.0089485049247744 0.87892776727676403 -1.6916201114654539 -0.35087388753890986 -0.3315389603376388 0.24168534576892856 1.664219915866852 -0.22732370346784589 0.62801358103752147 0.099407836794853224 0.87157329916954052 -0.71279168128967274 -0.089445125311613069 0.29916265606880194 0.45024637877941137 -0.37625961005687708 1.1694370508193972 -1.3837191462516782 0.68441948294639599 -1.0815855860710142 -0.22292228788137433 -0.12967340648174283 1.664219915866852 1.0000000180025095e-35 -1.7833913564682005 0.060547899454832084 -1.1157022118568418 0.058109574019908912 0.080782454460859313 1.0254380106925967 1.0000000180025095e-35 -0.2892365008592605 -0.22008194029331204 -0.6886799931526183 3.517598152160645 0.29586265981197363 -0.39043031632900232 0.59127920866012584 -1.2047794461250303 -1.3122348785400388 -0.22109667211771009 0.49063710868358618 -0.16431866586208341 -0.73709943890571583 -0.11034114658832549 0.89429631829261791 0.17009956389665606 -0.4289905577898025 0.010901656933128836
decision_type=2 2 2 2 2 2 2 2 2 2 2 2 2 2 2 2 2 2 2 2 2 2 2 2 2 2 2 2 2 2 2 2 2 2 2 2 2 2 2 2 2 2 2 2 2 2 2 2 2 2 2 2 2 2 2 2 2 2 2 2 2 2 2
left_child=-1 2 -2 7 5 -5 -6 9 14 -4 11 12 -11 -14 15 16 -9 21 19 -19 -21 -18 24 26 29 62 28 -28 54 59 33 -26 -32 34 35 44 37 -35 -39 40 -40 43 -43 -42 -31 -36 -47 -13 -12 -41 51 -23 -52 -16 -24 -56 -27 58 -58 60 61 -20 -25
right_child=1 -3 3 4 6 -7 -8 8 -10 10 48 47 13 -15 53 -17 17 18 22 20 -22 50 23 25 31 56 27 -29 -30 30 32 -33 -34 36 45 -37 -38 38 39 49 41 42 -44 -45 -46 46 -48 -49 -50 -51 52 -53 -54 -55 55 -57 57 -59 -60 -61 -62 -63 -64
leaf_value=0.02660633314570059 0.013390007039835547 -0.049849483482660696 0.023004547346780289 0.0065467292766636575 0.038960056317008829 -0.079107705160171155 -0.020343959221402363 0.056676964916368255 -0.087068083600500723 0.021206013351584427 0.0011742243720258864 -0.039735940850917723 -0.057395338922551442 0.044959489543962811 -0.058399030533160756 -0.088252869282838819 -0.093536073770273676 0.03710761073571469 0.038046710581722744 -0.058962575040567559 0.046340714727847912 -0.036939643478839185 0.02823662209763883 -0.074250811732224184 0.026911248222841039 0.053456653864695503 0.021372249279090202 -0.05289191523270579 -0.091868368783287371 0.018875990674038598 -0.08676030254650946 -0.049974396093586587 -0.0056975435510090416 -0.051726173983235382 0.034903865496512185 -0.077406770164360275 0.018648552458943968 0.044705142783581113 0.0098803966604245688 0.034346056004599126 -0.069254217958374054 0.020130117053168018 -0.062307570232711232 0.014421271203688911 -0.05235903921850435 -0.071149180530418285 0.014372860661936424 0.020032697600056742 0.029655967058332251 -0.028441485294086289 0.047027005608933796 0.046298610921923902 -0.050633691569774833 0.010798723804144431 -0.089205048545326376 0.00055154092555157873 -0.046603845591350918 0.03581176782813749 0.031541693132927921 0.020036814058810554 -0.078736482914425407 -0.034311787558284734 0.0079742304398136548
leaf_weight=106.22108881920576 446.92233168333769 21.224300822243094 205.30110735446215 285.82783695496619 143.85663987882435 12.445217575877903 25.040277998894453 21.883552832528949 13.541713159531353 65.317337550222874 6870.8174150083214 18.801925346255302 55.24797235429287 12.210800673812626 13.167036136612294 14.433494076132773 14.747936939820645 89.07701874896884 16.469092880375683 19.902667069807652 10.993242267519234 15.963859681040047 21.135316528379917 13.60690783523023 14.956579672172664 66.127777733840048 82.847900683060288 24.259271072223783 22.916500099003315 74.476652888581157 25.790508300065994 80.803737068548799 20.614604860544205 58.900862699374557 148.45862853899598 23.561655551195145 90.137900531291962 25.421276815235615 78.004284352064133 52.355204328894615 81.111997491680086 44.944545468315482 17.366434048861265 12.515156513079999 17.059701070189476 13.264766152016817 43.378387687727809 545.64806860685349 81.327109899371862 23.391747508198023 7.3190382774919263 22.762129697948694 54.98285030759871 467.76987855695188 15.718509124591945 19.047058433294296 29.099930889904499 75.617817624472082 19.848151890560985 23.273252841085196 28.192060010507703 94.807242976501584 24.626594560220838
leaf_count=138 1105 130 515 1102 335 72 81 49 76 161 19734 66 252 21 69 86 86 251 52 124 15 94 36 94 76 162 155 100 102 267 125 708 55 366 367 159 172 57 142 129 506 113 94 44 110 103 121 1043 142 79 21 41 339 1487 87 43 161 182 52 52 196 534 90
internal_value=0.00283465 0.00260608 0.00270765 0.00225719 0.0127797 0.00293079 0.0301314 0.00177204 -0.00270027 0.00307694 0.00254116 0.0128286 -0.00922654 -0.0387548 -0.00219254 -0.00516096 -0.00448013 -0.00524663 -0.0035671 0.0220183 -0.0213041 -0.02903 -0.0055857 0.00547936 -0.00972855 0.0205421 -0.0130415 0.00447148 -0.0368791 -0.00705854 -0.00325459 -0.0378981 -0.0509469 -0.00049088 0.011027 -0.0114788 -0.00811946 -0.014259 -0.00764523 -0.0119717 -0.0206893 -0.0360097 -0.00282865 -0.0580125 0.00550265 0.0236805 -0.00565678 0.0180263 0.00150855 0.0148785 -0.0194809 0.0118501 -0.0390237 0.00888209 -0.0141233 -0.040026 0.0289594 0.0158821 -0.0148147 -0.0268993 -0.0347762 -0.0235332 -0.0212757
internal_weight=11186.9 11080.6 11059.4 10612.5 467.17 298.273 168.897 10145.3 2290.65 7854.67 7649.37 697.226 132.776 67.4588 2277.11 1796.17 1781.74 1759.86 1644.08 119.973 30.8959 115.776 1524.11 414.852 1109.26 228.927 185.925 107.107 78.8174 1013.5 850.754 95.7603 46.4051 804.349 320.2 115.098 484.149 394.012 335.111 309.689 233.942 155.938 62.311 93.6272 91.5364 205.102 56.6432 564.45 6952.14 75.747 101.028 38.726 62.3019 480.937 55.9009 34.7656 190.694 124.566 48.9481 162.742 139.468 111.276 38.2335
internal_count=33526 33388 33258 32153 1590 1174 416 30563 8629 21934 21419 1543 434 273 8553 6997 6911 6862 6281 390 139 581 5891 1264 4627 741 523 255 268 3843 3009 784 180 2829 1127 536 1702 1530 1164 1107 899 757 207 550 377 591 224 1109 19876 208 495 135 360 1556 166 130 557 395 213 834 782 586 184
is_linear=0
shrinkage=0.05


Tree=101
num_leaves=64
num_cat=0
split_feature=9 67 67 3 78 2 17 2 4 1 67 6 23 60 68 67 7 4 13 3 44 25 19 79 64 68 6 60 0 76 62 54 63 49 79 2 64 54 54 55 67 1 0 3 52 0 72 47 59 74 72 60 60 67 6 3 59 78 66 40 74 62 33
split_gain=21.613 27.0833 32.9839 66.2349 37.5361 33.9158 33.0858 27.716 32.0642 27.7878 26.9804 28.0148 42.0351 26.641 26.9788 39.8277 44.1784 33.9523 32.3055 27.3284 44.7971 35.9775 26.5773 27.6244 29.3755 26.354 34.9152 25.9884 25.8303 31.7211 24.9289 24.8612 38.787 24.8006 30.5129 36.1021 33.3675 45.7519 40.1403 36.9672 32.5931 31.6066 30.1786 43.1848 41.1182 34.4093 35.3665 33.7213 30.4787 38.1538 27.2454 26.8366 38.0797 37.3531 26.8723 27.5313 30.3828 53.8086 48.5794 35.7219 28.4219 35.9292 39.0098
threshold=1.0000000180025095e-35 -0.015212455298751591 0.50413122773170482 0.70863372087478649 0.36822105944156652 -0.56401872634887684 0.58296775817871105 -0.46253122389316553 0.41071893274784094 -0.2339520528912544 0.90190422534942638 1.5000289082527163 -1.5349776148796079 3.1397603750228886 -0.31632314622402186 -0.47526708245277399 0.20277985930442813 -0.76522076129913319 0.44147975742816931 -0.71542394161224354 0.12311198562383653 -0.37603913247585291 -1.8466831445693968 0.39803789556026464 1.0763576626777651 1.6096622943878176 -0.35693904757499689 -0.27587331831455225 0.40939867496490484 0.36345979571342474 0.10768210887908937 3.1099760532379155 -0.16016633808612821 0.34307411313056951 -0.36560033261775965 -0.56401872634887684 0.90021073818206798 -0.47060203552246088 -0.43213319778442377 0.021802423521876339 -0.42106558382511133 0.38046419620513922 0.30827927589416509 1.3537919521331789 -0.78531637787818898 -0.66150423884391774 0.52561005949974071 -0.06713294610381125 -0.16840064525604245 -0.68939173221588124 0.90767666697502147 0.4749074131250382 0.18199359625577929 -0.50810766220092762 1.9230601191520693 0.24751247465610507 -0.5648343265056609 -0.12364320456981658 0.83923357725143444 -0.2333511412143707 -0.086906086653470979 0.32268124818801885 -0.077274721115827547
decision_type=2 2 2 2 2 2 2 2 2 2 2 2 2 2 2 2 2 2 2 2 2 2 2 2 2 2 2 2 2 2 2 2 2 2 2 2 2 2 2 2 2 2 2 2 2 2 2 2 2 2 2 2 2 2 2 2 2 2 2 2 2 2 2
left_child=10 13 7 5 30 -4 28 25 -9 -10 33 31 -13 14 17 16 -16 18 -2 -17 21 -21 -14 24 -24 26 -3 -22 29 -7 -5 -12 -33 34 36 42 51 -38 -39 41 -41 -40 43 44 -36 48 -47 -44 -46 -50 -49 52 54 -53 55 56 60 58 59 -58 -1 62 -62
right_child=1 2 3 4 -6 6 -8 8 9 -11 11 12 22 -15 15 19 -18 -19 -20 20 27 -23 23 -25 -26 -27 -28 -29 -30 -31 -32 32 -34 -35 35 -37 37 38 39 40 -42 -43 47 -45 45 46 -48 50 49 -51 -52 53 -54 -55 -56 -57 57 -59 -60 -61 61 -63 -64
leaf_value=0.034428317873094846 -0.043250000806751343 -0.06571772510961485 0.032420315219281043 -0.031886516527943706 -0.075137672948438219 0.0059503958495695421 -0.054403912023409877 0.046254011321303301 -0.019682667540608351 0.034698321915256881 0.0087320820651040649 0.035438482282484016 0.022687187696820627 0.054684383337589071 -0.057030170092871181 0.043733667783833328 0.016882299600495605 0.007520494868546908 0.010500780391248306 0.011761019831674492 0.033853834123944729 -0.059666192558588398 -0.094576352632911379 -0.00966653165742817 -0.012713624539894584 0.053884357508569569 0.0084129579090294806 -0.013384458679619033 0.02946747785066612 -0.05965430288974808 0.020289901659906556 -0.095046339044537381 0.0066053680007208907 0.0030025996751387347 -0.062110427142093166 -0.0036672460202457173 0.023768688079114419 -0.057968372224112524 -0.00079474854536826884 -0.085896769476860271 -0.016646838725319607 -0.045296911107055304 0.011578766101943996 -0.094100882608967124 0.021881571232413643 -0.058663093371139001 -2.5910546564960545e-05 -0.050864853007412551 0.025774586725160149 -0.069489106668894685 0.019366210949111506 0.033880979515535169 -0.028337327147359728 -0.010394490581740246 0.050340910753020364 0.010412779031120895 -0.065919117139495068 -0.071293107176373258 -0.07336130081282026 0.020798247368638181 0.01176341813725216 -0.047328095056371366 -0.069988161543439883
leaf_weight=60.421187277883291 67.558813628740609 20.393767043948174 162.56853813491762 57.825520310550928 30.32769376039505 103.05345893092453 22.761070013046265 168.32028779573739 43.179899331182241 51.133947994560003 1681.2174078021199 30.831735134124756 18.860634580254555 23.557814307510853 75.310686708427966 31.081908101215959 27.442291676998138 1067.3844885565341 47.368611650541425 26.299787610769272 65.436951100826263 52.562632711604238 32.657494554296136 36.937791343778372 16.74653884023428 20.892766542732716 70.242258064448833 52.129575319588184 88.925113394856453 22.313755240291357 37.651578474789858 14.803150884807108 25.08988811634481 2687.2083806637675 55.709937831386924 1408.2804308887571 99.5760259013623 45.310043714940548 480.26790557615459 27.097757048904896 46.082234594039619 43.44067844748497 125.83820876851678 23.467892944812775 80.611639713868499 63.652994111180305 43.385512774810195 50.652436110191047 17.748818222433329 25.327420512214303 18.78853041306138 163.14909401908517 93.217568198218942 66.996141063049436 31.545681264251471 622.20701396651566 13.660795539617537 42.55499642342329 21.828870015218854 86.027549868449569 174.83814107626677 39.634734289720654 15.811808062717317
leaf_count=116 389 104 285 175 120 244 142 315 122 83 4148 47 26 34 410 79 72 2794 205 69 104 306 179 105 41 19 168 164 155 87 69 77 61 6956 429 5513 294 226 1257 178 171 201 387 121 228 369 115 345 38 168 48 512 463 313 48 1648 124 257 170 366 591 247 130
internal_value=0.00191008 0.00606972 0.0129599 0.00486707 -0.0267451 0.0148356 0.0027465 0.0243068 0.0331742 0.00975353 0.000735636 0.00607478 -0.0157488 0.00203085 0.00120392 -0.011424 -0.0372445 0.00473627 -0.0210627 0.000226796 -0.00665082 -0.0357979 -0.0308172 -0.0425754 -0.06701 0.00336978 -0.00826593 0.0128721 0.0088626 -0.00572479 -0.0112586 0.0078034 -0.031133 -0.000727387 -0.00318102 -0.00778567 0.0008703 -0.00773338 -0.0126286 -0.00916938 -0.0424398 -0.00450361 -0.0192536 -0.0289544 -0.0235685 -0.0142179 -0.0349648 -0.00382593 0.00370969 -0.0301528 -0.0317901 0.00533105 0.00233009 0.0209716 0.00491578 0.00357606 -0.00576688 -0.022967 -0.00595744 0.00881067 0.00392807 -0.00406423 0.00492389
internal_weight=11067.2 2435.72 899.59 525.427 125.805 399.622 237.053 374.163 262.634 94.3138 8631.49 1857.14 136.034 1536.13 1512.58 330.264 102.753 1182.31 114.927 227.511 196.429 78.8624 105.202 86.3418 49.404 111.529 90.636 117.567 214.292 125.367 95.4771 1721.11 39.893 6774.34 4087.13 1913.46 2173.67 741.775 642.199 596.889 73.18 523.709 505.183 309.904 286.436 230.726 107.039 195.279 123.688 43.0762 69.441 1431.89 1201.75 230.145 1108.53 1076.99 454.778 164.072 121.517 99.6883 290.706 230.285 190.65
internal_count=33427 6714 2088 1277 364 913 628 811 520 205 26713 4684 398 4626 4592 1204 482 3388 594 722 643 375 351 325 220 291 272 268 486 331 244 4286 138 22029 15073 7761 7312 2327 2033 1807 349 1458 2248 1468 1347 918 484 780 434 206 393 4985 4160 825 3697 3649 2001 917 660 490 1084 968 721
is_linear=0
shrinkage=0.05


Tree=102
num_leaves=64
num_cat=0
split_feature=17 35 20 44 62 61 43 71 77 12 64 53 47 51 33 26 5 33 69 79 48 48 40 6 79 78 10 51 55 1 52 66 47 52 1 6 78 79 3 17 47 76 72 32 50 67 59 1 79 75 68 48 0 8 3 55 47 13 25 51 5 5 64
split_gain=20.1882 18.532 49.4573 20.9391 20.0861 43.887 25.9653 25.5698 29.5499 29.1385 37.6577 25.2275 23.283 33.6886 23.1545 32.0735 30.7759 30.3754 23.99 39.4935 29.2549 24.1783 24.7217 22.7893 22.3491 30.1703 45.548 34.2881 46.5009 32.2369 54.2135 31.47 31.3539 41.6934 50.1264 31.2245 38.1927 33.0215 33.2902 27.7654 35.4061 33.8374 35.0034 27.6967 27.5885 31.9825 31.8364 26.1771 25.0182 24.9558 30.2489 24.41 29.5005 24.2503 61.7653 53.0339 42.6578 38.196 36.4269 34.0905 28.2769 29.4656 31.6882
threshold=-3.0606709718704219 3.931998729705811 3.4396182298660283 0.81917920708656322 -0.33854214847087855 -0.37896911799907679 6.7303278446197519 4.3167829513549814 2.6000224351882939 1.0000000180025095e-35 0.44140404462814337 -0.29586814343929285 1.7549476027488711 0.7355482578277589 1.491655230522156 1.1469084024429324 0.80779501795768749 3.4246573448181157 2.3876935243606572 1.8489504456520083 -0.44680787622928614 2.7187143564224248 1.0000000180025095e-35 -1.0050572752952573 -0.87469249963760365 -0.38079242408275599 1.0000000180025095e-35 0.81122076511383068 -0.37294390797615046 1.1049345135688784 0.10547900199890138 1.0059602260589602 -1.402715742588043 1.273244380950928 -0.54702898859977711 1.0710395574569704 -0.050915667787194245 0.6780385971069337 -0.66855737566947926 -0.80329152941703785 0.85510951280593883 0.24671977758407596 0.52561005949974071 -0.060011522844433778 0.17946831881999972 0.56694054603576671 0.54125535488128673 -0.73100432753562916 1.5944045186042788 -0.23230998218059537 0.11014505103230478 -0.4350906610488891 -0.24760751426219937 1.0000000180025095e-35 -0.8489364981651305 -0.34542459249496454 0.165599599480629 -0.17258223891258237 -0.45771190524101252 0.27155607938766485 0.23759891092777255 0.41358886659145361 0.78283369541168224
decision_type=2 2 2 2 2 2 2 2 2 2 2 2 2 2 2 2 2 2 2 2 2 2 2 2 2 2 2 2 2 2 2 2 2 2 2 2 2 2 2 2 2 2 2 2 2 2 2 2 2 2 2 2 2 2 2 2 2 2 2 2 2 2 2
left_child=-1 2 4 -3 7 11 -7 8 12 10 -10 23 14 -14 15 18 -16 -18 21 20 -20 24 -23 -6 -2 27 32 28 -26 30 -28 -29 33 34 -27 36 43 39 -39 41 -41 42 -38 51 -32 46 47 -46 -40 -42 -51 52 -34 55 57 -30 -56 -55 -57 -60 -58 -62 -63
right_child=1 3 -4 -5 5 6 -8 -9 9 -11 -12 -13 13 -15 16 -17 17 -19 19 -21 -22 22 -24 -25 25 26 29 31 53 -31 44 -33 35 -35 -36 -37 37 38 48 40 49 -43 -44 -45 45 -47 -48 -49 -50 50 -52 -53 -54 54 56 58 60 -59 59 -61 61 62 -64
leaf_value=0.023614410847072685 0.020860393391691122 0.027068283386038755 -0.063300482944795983 -0.032433145079603515 0.033153771905226566 0.002083230441975652 0.047333927357760701 0.027100317712813439 -0.059478760564620564 0.016610129867362013 0.018697862723381992 0.037267365180957711 -0.058656687047464601 0.035509597852666948 0.033833468375855782 -0.062325522126470412 -0.075760510191995964 0.02536652839224128 -0.011521312127680284 0.023227975208513184 -0.087469266319058603 -0.055212860322520464 0.044453378013970965 -0.051819874141062733 -0.058992542111607829 -0.11251793540527417 -0.041373903627099418 0.030088659086165689 0.03753052452325107 0.025245036780553561 0.03399819753134501 -0.013491890106174157 -0.066198642682353176 0.011913024297221237 -0.011328419475614691 0.024516934003202803 -0.12150587885567839 0.0023314115096495897 -0.093109535109378333 0.01436215308568497 0.0010434127458286079 0.001669625107072893 -0.014019198679683082 0.049284413376122375 0.013088983710961566 -0.065469140436941672 0.043804064536329075 -0.043935871508810807 -0.01703184682287779 -0.089309702235444155 -0.0071323054383170079 0.022220013819476424 0.0088230758595074371 -0.011342780638079281 -0.0033932837278248065 0.010398615232069398 -0.047960545788855245 0.046046992222041512 -0.012161721699568749 -0.062285442266985791 0.036615489451313404 -0.076640995271746393 -0.0035256279320020944
leaf_weight=102.24856014549732 121.90530972927809 118.80475013051182 29.655782385729253 16.727197868749499 14.618659608066084 6331.5172534892336 31.772956244647503 76.846393812447786 66.552169838920236 28.603364035487175 19.867322519421577 138.2700270768255 37.732267585583031 12.536090017296372 96.881251439452171 21.476977467536926 14.509765321388842 14.925951912999151 23.086872778832912 24.421510439366102 28.585824903100729 35.565686475485563 7.4019462438300243 16.83944920450449 43.136145396158099 19.876657202839851 138.24241017363966 119.6532205119729 31.855095433071256 49.994793400168419 45.304469417780638 63.073623480275273 18.933029230684042 55.470580391585827 31.992159307003021 286.79134582355618 14.456780977547171 41.982596132904291 24.675192069262266 425.25543115288019 77.759734660387039 48.777713313698769 16.100026965141296 66.392102053388953 38.561226360499859 22.405773311853409 29.99161559715867 41.69038244895637 19.588856153190136 21.026043901219964 24.176873616874218 173.12995194457471 41.735632624477148 41.88934675231576 1017.5303269904107 39.360510172322392 97.610726264305413 92.930413154885173 54.36007415316999 91.629013575613499 25.199988335371017 21.504622568376362 47.718916725367308
leaf_count=139 287 363 209 104 28 19985 45 117 303 51 32 223 325 41 240 133 81 41 53 52 143 258 25 91 205 89 579 231 84 115 89 174 77 99 69 493 70 129 122 848 202 100 36 113 76 87 41 146 63 128 68 410 93 173 2985 142 506 209 299 466 42 147 131
internal_value=0.00150877 0.00130056 0.00106844 0.0196693 0.00124747 0.00298108 0.0023107 -0.00145266 -0.00198764 -0.0269649 -0.0414478 0.0280688 -0.00126763 -0.03505 -0.000835629 -0.00153277 0.020215 -0.0244005 -0.00118648 -0.0289613 -0.0537208 -0.000617242 -0.0378641 -0.012194 -0.000180408 -0.000902522 0.0037145 -0.00548835 -0.00782739 -0.0119872 -0.0178961 0.015019 0.00780194 -0.018143 -0.0503434 0.00994797 0.00582042 -0.000466343 -0.029463 0.00351486 0.00752364 -0.0240983 -0.065266 0.020781 0.000327491 -0.0111516 -1.74514e-05 -0.0164908 -0.0596687 -0.0160786 -0.0455801 0.0126479 -0.0145773 -0.00640715 -0.00389733 -0.0219097 -0.00747925 0.0281834 -0.0321671 -0.0436768 -0.0290905 -0.00950049 -0.0263892
internal_weight=10993.1 10890.9 10755.3 135.532 10725.7 6533.02 6363.29 4192.66 4115.82 115.023 86.4195 169.728 4000.79 50.2684 3950.52 3824.21 126.317 29.4357 3802.73 76.0942 51.6727 3726.64 42.9676 31.4581 3683.67 3561.76 1774.31 1787.45 1604.73 366.191 316.196 182.727 1408.12 107.339 51.8688 1300.78 1013.99 713.799 86.2466 627.553 548.218 79.3345 30.5568 300.191 177.953 132.649 110.243 80.2516 44.264 122.963 45.2029 233.799 60.6687 1561.59 1344.38 217.205 1209.56 134.82 185.35 145.989 192.034 94.4235 69.2235
internal_count=33505 33366 32899 467 32690 20372 20030 12318 12201 386 335 342 11815 366 11449 11087 362 122 10954 248 196 10706 283 119 10423 10136 4342 5794 5389 1133 1018 405 3209 257 158 2952 2459 1766 314 1452 1246 206 106 693 439 350 263 222 185 398 196 580 170 5184 4193 991 3811 382 907 765 826 320 278
is_linear=0
shrinkage=0.05


Tree=103
num_leaves=64
num_cat=0
split_feature=31 17 44 54 26 64 66 79 26 53 73 18 73 68 27 5 61 73 0 68 17 77 34 44 78 54 5 62 66 55 59 68 52 78 17 59 19 52 5 63 79 79 68 3 4 49 52 58 62 18 18 63 76 52 4 68 61 62 56 73 67 67 2
split_gain=23.8447 27.3982 31.4335 33.2558 30.6789 29.5348 39.0636 27.7664 36.5449 33.7035 31.4906 25.8796 23.5517 24.4056 27.2254 34.8858 22.9512 20.9356 20.256 19.3474 32.7828 31.2402 29.6472 34.9354 38.2 26.5838 24.8056 23.707 23.3182 21.9951 39.5529 28.3408 28.2595 32.0019 26.4624 24.6694 26.6184 24.1401 22.5362 22.175 24.2086 27.8136 35.3412 36.1258 25.0014 26.9966 27.5699 28.1445 27.3315 31.1429 29.9333 41.3178 29.6902 24.3536 23.851 32.0912 48.5856 24.2709 21.9636 23.0452 46.7693 27.1746 31.217
threshold=0.22333512455224994 1.7275384664535525 -0.36765791475772852 -0.44827637076377863 1.0003704130649569 0.50536790490150463 0.59867084026336681 0.041673393920063979 -0.19257201999425885 -0.1392315328121185 -0.47851778566837305 -0.73371747136116017 -0.38371889293193812 0.26147247850894934 0.83697643876075756 1.0642699003219607 -0.29013936221599573 1.0058079361915591 -1.3621590733528135 0.28898654878139501 2.0109279155731206 3.4013296365737919 -0.12933931499719617 -1.2204313874244688 -0.44895902276039118 3.0947487354278569 1.0359300971031191 -0.19897155463695523 1.1655414104461672 0.11732180044054986 2.6455838680267338 0.34401470422744757 -0.49337501823902125 -0.24114628881216046 0.92988848686218273 -0.036551695317029946 -0.97353404760360707 -0.7952972650527953 -0.2674157172441482 3.3205434083938603 0.6780385971069337 0.95803928375244152 1.1144089102745058 -0.46383050084114069 0.78332638740539562 -0.56329929828643788 -1.2219807505607603 1.0000000180025095e-35 -0.16897711902856824 -0.86484530568122853 -0.31747478246688837 -0.15442825853824613 -0.13134746998548505 0.040603147819638259 0.12106938287615777 1.0043525695800783 -0.27479881048202509 -0.18402955681085584 0.023409080691635612 -0.17808755487203595 0.90190422534942638 1.2634217739105227 0.63390856981277477
decision_type=2 2 2 2 2 2 2 2 2 2 2 2 2 2 2 2 2 2 2 2 2 2 2 2 2 2 2 2 2 2 2 2 2 2 2 2 2 2 2 2 2 2 2 2 2 2 2 2 2 2 2 2 2 2 2 2 2 2 2 2 2 2 2
left_child=18 2 12 -4 7 -6 -7 -5 9 10 -9 -8 -2 16 15 -15 -14 -3 -1 21 22 58 28 -24 25 -25 -26 -23 29 30 31 32 37 -34 35 36 -31 -21 -32 40 44 42 43 -42 45 48 47 -47 49 -33 51 -50 -51 -52 57 56 -56 -43 59 -20 -61 -62 -63
right_child=1 17 3 4 5 6 11 8 -10 -11 -12 -13 13 14 -16 -17 -18 -19 19 20 -22 27 23 24 26 -27 -28 -29 -30 34 38 39 33 -35 -36 -37 -38 -39 -40 -41 41 54 -44 -45 -46 46 -48 -49 50 52 53 -53 -54 -55 55 -57 -58 -59 -60 60 61 62 -64
leaf_value=-0.059479706342809635 0.00052384312377593163 -0.060951414051910263 0.026827981341260933 0.0083757294629508827 -0.064284126698462979 0.053617545781682166 0.011477974594529046 0.0197002193339097 -0.072678672698026178 0.022484111151276114 -0.090103665673826189 -0.079288614097369051 0.0018654623395695958 -0.066275957586493739 0.026758053564223224 0.037737721866240706 0.048710762286655572 0.023837334403507476 0.001188153178219252 -0.072468933280851314 -0.036064438048614804 -0.090420621016407451 -0.075630269893775914 -0.057584005336127932 0.0145772820785853 0.024688036166294672 -0.044198901376048039 -0.015535861052581527 0.026848207944627729 0.010488587148776714 -0.0016225035333133787 -0.0013456384843739616 -0.01087993968717366 0.050614745603201651 0.046003664958718209 0.014290531139807298 -0.078421465136602933 0.027902499395926889 -0.086986595292436159 0.043483918344974094 0.029085271974505209 -0.0086391703079470965 -0.078479944972909443 -0.054630966705695283 0.026531268399147219 0.0061969646537606326 0.01213324932869729 -0.087298936434490701 0.011229520990984074 -0.010710418200443486 0.033982544608038311 -0.10236179414014379 -0.092011058853780886 -0.028290551272699332 -0.0045205596225193932 -0.0013324103519861039 -0.085151657257515778 0.025652416764774449 0.024422836035871597 -0.0084068791513457666 0.022670330538714131 -0.020092591688705433 0.027808768835512455
leaf_weight=13.910024391487239 103.0423882547766 24.299749851226807 127.9446438010782 458.82083993963897 34.930773347616196 18.278186749666929 14.212376669049265 10.563169838860633 25.18180369772017 47.133111733943224 16.60706664994359 17.161151571199298 32.314454030245543 21.286216538399458 74.529377495869994 12.791378311812876 142.24041328392923 10.211578911170362 5036.5204019360244 12.270556861534716 48.729992996901274 15.996813043951986 19.394775952212512 46.283447615802288 138.76257262565196 12.298148315399883 20.491266194730997 31.562696356326342 140.16113678738475 18.160185590386391 13.292799400165675 41.041903957724571 27.663570273667574 87.735179215669632 60.797468133270741 381.39571965765208 15.426823709160088 11.447258051484821 18.805767480283976 31.335018094629049 27.908852569758892 93.52919009141624 28.8587228320539 23.726580368354917 130.11557671055198 17.834799252450466 462.34911312162876 14.416792858391998 18.498212210834026 18.440906077623367 64.581876922398806 13.899723090231417 29.34652990847826 20.563603980466723 42.955158187076449 189.27696815226227 33.17171330563724 114.46415767818689 88.273056983947754 1763.0937856202945 214.60486365482211 106.07009858451784 49.901645421050489
leaf_count=82 391 294 388 1258 213 22 25 25 148 94 97 111 128 121 191 23 365 44 14938 83 312 86 131 254 357 24 79 105 205 32 50 83 91 111 123 849 90 31 108 63 81 291 133 108 209 52 964 82 33 73 130 71 163 82 132 500 203 259 137 6701 477 349 118
internal_value=0.00140634 0.00808544 0.0093994 0.00355719 -0.00106973 -0.0291189 -0.0041997 0.00317518 -0.0207436 -0.0030013 -0.0473154 -0.0381062 0.0210431 0.0284896 0.00980651 -0.0270909 0.0400732 -0.0357224 0.000594444 0.000680869 0.00448781 -0.000615657 0.00530095 -0.0114824 -0.00571606 -0.0402146 0.00696016 -0.0409654 0.0071106 0.00576616 0.00293568 0.00407388 0.0256033 0.0358332 0.0151975 0.0106621 -0.0303118 -0.0239016 -0.0519054 0.00195398 0.00100769 -0.00708465 -0.034242 -0.0093171 0.00640717 0.00266132 0.00900514 -0.0355828 -0.0125153 -0.033435 0.0032665 -0.0375159 -0.0608299 0.0188687 -0.00245014 -0.0123919 -0.0397862 0.0102116 -0.000350025 -0.00065604 -0.00501145 0.0111274 -0.00472698
internal_weight=11000.9 1191.55 1157.04 770.833 642.888 84.5825 49.6517 558.306 99.4852 74.3033 27.1702 31.3735 386.204 283.162 108.607 34.0776 174.555 34.5113 9809.37 9795.46 2489.43 7306.02 2440.7 237.23 217.835 58.5816 159.254 47.5595 2203.47 2063.31 1587.53 1555.43 139.117 115.399 475.78 414.983 33.587 23.7178 32.0986 1416.32 1384.98 553.891 80.4942 51.6354 831.089 700.973 494.601 32.2516 206.373 88.8293 117.543 32.3979 47.7874 85.1455 473.397 265.404 76.1269 207.993 7258.46 7170.19 2133.67 370.577 155.972
internal_count=33573 3938 3600 2381 1993 371 158 1622 364 216 122 136 1219 828 335 144 493 338 29635 29553 6642 22911 6330 845 714 278 436 191 5485 5280 4186 4028 316 202 1094 971 122 114 158 3712 3649 1707 322 189 1942 1733 1098 134 635 319 316 104 236 212 1385 835 335 550 22720 22583 7645 944 467
is_linear=0
shrinkage=0.05


Tree=104
num_leaves=64
num_cat=0
split_feature=47 17 3 59 6 58 5 6 73 59 51 1 79 2 67 6 66 41 5 6 51 59 4 5 17 27 71 58 73 61 62 61 4 60 74 3 49 48 2 79 77 4 2 8 56 58 1 7 5 75 74 33 54 40 53 63 60 0 1 49 58 69 50
split_gain=21.4641 20.4506 31.4212 34.9585 39.7235 35.8799 33.2853 30.9485 28.9728 42.0483 62.4784 33.5713 29.8532 40.3459 27.9431 26.2433 25.1367 39.5508 32.1777 27.308 24.9283 23.4847 22.863 22.628 35.1535 22.207 42.0309 23.4085 41.1404 22.1728 21.7593 21.6458 21.4607 24.9969 21.2532 23.8562 21.0196 35.5905 20.052 19.7982 25.8863 21.1422 19.5322 19.9202 19.3934 20.1873 41.7828 50.9194 39.1394 29.181 30.441 39.7364 35.3775 36.3704 33.9425 37.8126 32.7551 28.8032 28.3121 39.2263 47.4248 29.9901 28.2653
threshold=1.9540731310844424 0.030660311691462997 -1.5654233694076536 0.60858339071273815 -0.95606777071952809 -0.56890663504600514 -1.1955431103706358 0.94591763615608226 -0.59489601850509632 -0.52510783076286305 0.77537590265274059 0.43417273461818701 1.1616761088371279 0.28646606206893926 0.93631359934806835 -0.31390771269798273 0.7487248182296754 -1.0194880962371824 1.2328914999961855 -0.37150350213050837 0.80723801255226146 -0.39365947246551508 0.55648109316825878 0.92653861641883861 0.85785490274429332 0.97159186005592357 0.39315669983625418 0.17490687966346743 0.506848305463791 -0.36491851508617396 -0.16345706582069394 -0.37896911799907679 0.36759959161281591 -0.21430701017379758 0.88397878408432018 -1.5100979804992674 -0.28926357626914972 -0.15481495857238767 1.0000000180025095e-35 -0.59469181299209584 -0.12442163750529288 -0.65507894754409779 -0.031110285315662619 1.0000000180025095e-35 0.0070719036739319572 1.0286601185798647 0.9370386302471162 -0.21709776669740674 -1.2363523244857786 -0.40220221877098078 -0.1755673065781593 0.17013347148895266 -0.30962829291820521 -0.24554769694805142 -0.20679224282503125 -0.15680646896362302 -0.18071307986974713 2.3724770545959477 -1.1725450754165647 -0.16814686357975003 -0.75590515136718739 1.0000000180025095e-35 0.41365358233451849
decision_type=2 2 2 2 2 2 2 2 2 2 2 2 2 2 2 2 2 2 2 2 2 2 2 2 2 2 2 2 2 2 2 2 2 2 2 2 2 2 2 2 2 2 2 2 2 2 2 2 2 2 2 2 2 2 2 2 2 2 2 2 2 2 2
left_child=1 44 -3 4 5 39 14 15 38 10 11 23 16 31 22 25 17 -11 20 -18 -19 -21 -6 -10 -25 26 42 -28 -29 -13 -9 -14 36 -34 35 -7 37 -17 -8 -4 41 -41 -5 -44 45 49 47 -47 -49 -1 51 52 53 56 -55 -56 -51 -48 59 -52 61 -61 -53
right_child=-2 2 3 7 6 34 8 30 9 12 -12 29 13 -15 -16 32 19 18 -20 21 -22 -23 -24 24 -26 -27 27 28 -30 -31 -32 -33 33 -35 -36 -37 -38 -39 -40 40 -42 -43 43 -45 -46 46 57 48 -50 50 58 62 -54 54 55 -57 -58 -59 -60 60 -62 -63 -64
leaf_value=0.012051624952911604 -0.042070674827231598 0.024523833824628253 -0.052807547464132402 -0.069907198122144798 0.033266247634247022 0.033446568356019252 -0.078780798816969227 -0.051728079434493063 0.026828092739996635 0.056877336046990537 -0.079546157531952599 0.0090650920104960436 0.026835911652163348 0.054554662018081818 -0.050879773980629456 0.049244134012702202 -0.061837281102056767 -0.058965859050610206 0.0051261388688539095 -0.055853514944677697 -0.0014380414002351533 0.012334627188301792 -0.037791985833370983 0.016771654855071289 -0.070331272455196131 0.039675633344665867 0.061809361691936848 -0.051748903971878958 0.033820208278508866 -0.060810417705898151 0.0011173648792909806 -0.055987991535197262 0.02183918279937469 -0.05609249836095849 0.027001060867834693 -0.069083703987096345 0.048595648199283553 -0.066515435157722513 -0.012303468518194931 0.075330946502207327 -0.045724608371360685 0.0006185405018417125 0.046506022017196225 -0.041216999015015958 0.022598090386700589 -0.048061833763844687 0.016021419215223306 -0.049414659573244465 -0.0018725235362537932 -0.071603956665390642 0.011040068283813579 -0.074877640241494139 0.0090802159422837102 0.0011222971794317789 -0.011636261559642482 -0.089165253850829462 -0.009824280802450255 -0.031822591686657978 0.0040628661075872629 -0.034569653003981314 -0.076464574916999484 0.0519537381156761 -0.0031218118191132156
leaf_weight=877.09793302044272 27.540481776930392 95.258185176178813 17.818012449890375 29.356948165223002 103.4695131322369 6.007226236164569 24.757235186174512 33.265776321291924 198.25298346765339 10.726201232522724 19.835145676508546 21.342612581327558 12.44431773945689 30.241962587460876 13.218484390527008 15.107253648340704 19.172631291672587 131.4021628908813 30.819536782801151 14.549806447699664 22.193304130807519 91.046953907236457 12.561571490019558 38.301533315330744 16.463812462054193 28.051958084106445 19.723790135234594 23.647567573934793 34.277243914082646 23.842672508209944 46.361970242112875 20.957785792648792 35.4139663875103 14.384700573980806 7.272843242622911 75.507142867892981 99.473849549889565 11.68310817144811 21.317832039669156 15.174369027838109 16.174341354519129 25.278781450353563 9.6102978177368659 19.181741486303508 123.42418619245291 84.192096270620823 275.12907024100423 47.52754969894886 478.87451705336571 44.156163275241852 66.765435574576259 34.686332670971751 330.7231029458344 326.28814880084246 48.987335093319416 23.222287453711033 42.126581307500601 35.364476282149553 6522.8137279879302 26.809375211596489 43.706607783213258 15.844217699021099 22.928244758397341
leaf_count=1788 263 358 139 244 379 16 164 221 613 24 125 92 27 79 73 44 120 1030 125 86 79 281 84 103 127 99 28 121 82 194 194 128 90 93 29 653 212 111 99 29 101 115 23 157 196 447 733 262 1397 219 231 203 725 872 125 113 130 181 18048 106 250 30 68
internal_value=0.00192697 0.0020377 -0.00327503 -0.00509414 -0.0100101 -0.0326566 -0.00578564 0.00708136 -0.00984038 -0.00730596 0.0061237 0.0118636 -0.0184534 0.0127534 0.0176206 0.0136632 -0.0246794 -0.0358886 -0.0413392 -0.00709338 -0.0506924 0.00284796 0.0255045 0.0189656 -0.00940296 -0.000710117 -0.00911252 0.0149074 -0.00105584 -0.0277482 -0.0209341 -0.0249938 0.0270606 -0.000639036 -0.0541122 -0.0614347 0.0380168 -0.00111157 -0.0482249 -0.00696237 0.00744247 0.0288838 -0.0412437 -0.0117039 0.00291053 0.0026498 -0.00437548 -0.0119726 -0.00618305 0.00341839 0.00241451 -0.0063625 -0.00351794 -0.012123 -0.00573116 -0.0367272 -0.0415449 0.0105475 0.00356325 -0.0176755 -0.0399206 -0.00226615 -0.0464633
internal_weight=11053.2 11025.6 1554.95 1459.69 1040.15 163.233 876.918 419.54 747.668 701.593 318.039 298.204 383.555 63.6441 129.25 339.912 319.911 195.141 184.415 124.769 153.595 105.597 116.031 253.018 54.7653 163.85 135.798 77.6486 57.9248 45.1853 79.6277 33.4021 176.063 49.7987 88.7872 81.5144 126.264 26.7904 46.0751 74.4455 56.6275 40.4532 58.149 28.792 9470.67 9347.24 921.088 610.594 526.402 8426.16 7549.06 873.118 815.504 484.781 398.498 72.2096 86.2827 310.494 6675.94 153.126 86.3602 42.6536 57.6146
internal_count=33578 33315 7191 6833 5114 1082 4032 1719 3496 3233 1254 1129 1979 234 536 1304 1745 1258 1234 487 1109 367 463 843 230 754 655 231 203 286 415 155 550 183 698 669 367 155 263 384 245 144 424 180 26124 25928 3020 2106 1659 22908 21120 2455 2184 1459 1110 238 349 914 18665 617 386 136 271
is_linear=0
shrinkage=0.05


Tree=105
num_leaves=64
num_cat=0
split_feature=59 79 3 66 47 1 17 17 66 11 64 76 6 67 18 17 24 38 40 27 17 73 62 58 75 66 54 63 48 24 45 44 73 27 64 79 18 2 61 12 66 3 63 73 5 48 75 75 1 41 40 41 32 52 3 2 2 76 78 76 21 58 64
split_gain=25.3706 50.5205 40.5153 29.9176 38.52 35.3622 38.1968 31.6004 36.0067 32.7214 30.8484 44.2925 30.3565 26.2063 25.6201 34.2343 37.1726 40.61 36.6478 31.9018 30.3766 33.494 43.5107 35.4523 40.1221 34.6965 33.276 34.2523 30.0335 38.3944 29.7735 37.0704 41.1031 54.3698 39.5915 34.9898 48.2379 36.2091 31.8253 58.0318 29.5983 29.5128 31.2582 29.7612 28.2545 27.9147 37.757 30.0644 29.5584 26.9842 26.6788 26.6467 26.4835 26.2702 36.8425 31.5235 28.3298 26.1467 25.5084 33.7868 52.0378 40.3942 26.615
threshold=0.60858339071273815 -0.7983286678791045 1.4953061342239382 1.2024594545364382 -1.18872994184494 0.53229293227195751 0.011670858133584263 -0.43513466417789454 1.2727228403091433 1.0000000180025095e-35 1.1154369711875918 -0.074835088104009614 1.23853075504303 -0.9695414900779723 0.84302046895027172 2.0758439302444462 0.16632647812366488 -0.69119533896446217 -0.29230117797851557 -0.26751154661178583 0.011979553382843735 -0.20429755747318265 0.28026421368122106 -0.71690982580184925 -0.10298417508602141 1.0166783332824709 -0.29783576726913447 0.15414341539144519 0.66210907697677623 0.043799098581075675 1.0000000180025095e-35 1.1678202152252199 -0.11448952928185462 -0.59058868885040272 1.0071344971656802 -0.49287338554859156 -0.17858052998781201 -0.43525895476341242 1.199638366699219 -1.0549764856696127 0.95951491594314586 1.2433698177337649 0.63158008456230175 -0.35020713508129114 0.38893325626850134 -0.77582716941833485 -0.22598469257354734 -0.10671322047710417 -0.2339520528912544 -0.50668981671333302 -0.23131838440895078 0.63187485933303844 0.013945354614406826 -0.80527818202972401 -1.5299876928329466 -0.74299991130828846 -0.81577405333518971 0.60081514716148388 1.0295673012733462 0.51129063963890087 3.5731861591339116 1.3301528096199038 0.23683230578899386
decision_type=2 2 2 2 2 2 2 2 2 2 2 2 2 2 2 2 2 2 2 2 2 2 2 2 2 2 2 2 2 2 2 2 2 2 2 2 2 2 2 2 2 2 2 2 2 2 2 2 2 2 2 2 2 2 2 2 2 2 2 2 2 2 2
left_child=3 -2 58 14 7 -6 -7 9 -9 13 -10 -12 -8 -5 20 16 17 18 -16 -19 30 22 25 -23 26 28 27 -25 29 53 31 32 33 -1 35 37 45 40 -32 -40 -35 42 43 57 -24 -37 -47 -48 -49 -34 -45 -51 -39 55 -55 -22 -56 -21 62 60 61 -60 -3
right_child=1 2 -4 4 5 6 12 8 10 -11 11 -13 -14 -15 15 -17 -18 19 -20 41 21 23 44 24 -26 -27 -28 -29 -30 -31 38 -33 49 34 -36 36 -38 52 39 -41 -42 -43 -44 50 -46 46 47 48 -50 51 -52 -53 -54 54 56 -57 -58 -59 59 -61 -62 -63 -64
leaf_value=0.014884422705280396 -0.042962543953383628 0.015766626146668232 -0.062451275104733986 -0.0099457185036993627 0.011861970963413234 0.02606910008508654 -0.017490040594511817 -0.055765720322207529 0.028554423994485791 0.0064896998112830024 -0.07024910444224218 0.0098387562144869427 -0.089608175188068587 -0.063468449913602995 0.038485170744266994 0.032812840565686591 0.011837978868531121 -0.051835391769975259 -0.042805110641949938 -0.051265671494842506 -0.036619934567053807 0.040501917142433057 -0.051289470560043397 -0.08381438562115906 -0.054474953877399757 -0.05300386264838694 0.015718637741024808 0.013914700462767521 0.032320294066556808 -0.069473956451336236 0.0034317910899030815 0.0090397069514008919 -0.046630706344518436 -0.068461474055262025 -0.091859307549408714 0.012337279913550601 -0.055383029886632441 -0.0055281267244903197 0.052572848327922611 -0.044888440682059487 0.0024988460252656202 0.014123509583885528 -0.056188202470362318 0.00055043000571978107 -0.0049866724386724414 0.0089011761308139137 -0.097301312915028221 -0.010308631164447708 -0.078332367535701122 0.015219578837687934 -0.062247440786266518 -0.045376156797420603 0.041233242539379183 0.054413961995978137 0.012079697428997515 0.035387955030574313 -0.032459960198847893 0.0044712343772622147 -0.012356251843326949 0.016176519267971815 0.066044771310135725 -0.067309003152029395 0.003833812650508776
leaf_weight=106.77368047460914 51.860177677124739 926.06331561505795 20.738398771733046 36.798922521993518 1294.6681440500543 44.543947443366051 97.198434106074274 23.06082047522068 104.55231040529907 48.668479800224304 23.479674495756626 64.129883509129286 17.162983363494277 61.584142971783876 52.543795144185424 43.033914250321686 123.79813576303422 81.72220960073173 18.682278138585389 84.135296089574695 17.998912593349814 17.771947834640741 67.019037438556552 22.646788224577904 102.74552018847317 24.724975150078535 54.899872254580259 14.627874181605874 95.641768397763371 18.462959396652877 3992.8138057235628 303.61641369760036 22.61055314168334 33.670696925371885 20.667392637580633 60.102286420762539 128.3124023694545 98.607803281396627 18.898052174597979 77.289355508983135 25.770129840821028 62.026297310367227 59.822212689556181 183.42157029081136 65.273694399744272 46.502986270934343 21.907201215624809 53.729886742308736 22.781419377774 224.87269796989858 18.514475400559604 19.604182574898005 43.500912562012672 21.048038218170404 56.432310622185469 93.416753612458706 96.294960707426071 27.813419226557016 126.64617403410375 108.4783994667232 16.36172041669488 45.535595728084445 946.0893512647599
leaf_count=263 267 2884 91 93 3035 82 393 90 180 85 91 122 99 225 174 291 657 660 149 645 100 36 466 136 768 123 135 53 305 156 9784 795 99 181 94 111 742 307 27 349 65 200 564 924 295 89 116 174 110 582 193 92 88 47 158 233 460 94 387 232 15 221 2853
internal_value=0.00101195 0.00575282 0.00691066 -0.00021443 0.00549045 0.00912768 -0.0131117 -0.0090881 0.00309859 -0.0269483 0.0102141 -0.0116237 -0.0284258 -0.0435302 -0.00172827 -0.0104127 -0.0130347 -0.018275 0.0170629 -0.0231512 -0.000650114 -0.00993884 -0.00347459 -0.0268135 -0.0329943 0.00432705 -0.00896294 -0.0453937 0.00790196 0.000186363 0.00069128 -0.00611748 -0.0110748 -0.017753 -0.0240362 -0.0213896 -0.0313341 -0.00491054 0.00274577 -0.0256535 -0.0376606 -0.0177493 -0.0230552 -0.0167086 -0.0285023 -0.0162392 -0.0281253 -0.0456625 -0.0307039 0.00546762 -0.0052104 0.0103235 0.00876977 0.0047364 -0.00739228 0.023688 -0.0159728 -0.0373817 0.00757895 -0.00602165 -0.0188217 -0.0269488 0.0097396
internal_weight=10904.2 2241.77 2189.91 8662.4 1815.85 1453.57 158.905 362.274 215.223 147.052 192.162 87.6096 114.361 98.3831 6846.55 755.514 712.48 588.682 71.2261 517.455 6091.04 769.005 556.313 212.692 194.92 424.021 92.1745 37.2747 399.296 303.654 5322.03 1233.03 929.414 662.327 555.553 534.886 333.336 201.55 4089 96.1874 59.4408 435.733 373.707 313.885 132.293 205.024 144.921 98.4185 76.5113 267.087 201.936 244.477 142.109 285.191 173.775 111.416 152.727 111.949 2169.17 297.022 188.543 172.182 1872.15
internal_count=33535 6950 6683 26585 4495 3609 574 886 483 403 393 213 492 318 22090 4551 4260 3603 323 3280 17539 3471 2343 1128 1092 1582 324 189 1459 1154 14068 3908 3113 2340 2077 1983 1342 641 10160 376 246 2620 2420 1856 761 600 489 400 284 773 1117 674 395 998 665 333 618 739 6592 855 623 608 5737
is_linear=0
shrinkage=0.05


Tree=106
num_leaves=64
num_cat=0
split_feature=67 66 54 38 48 73 60 73 3 58 17 3 1 23 39 7 68 68 6 63 54 78 44 63 4 0 66 58 66 79 48 10 19 65 64 64 18 76 67 73 0 47 12 52 18 19 47 67 13 60 58 35 2 44 44 52 50 17 75 54 53 79 47
split_gain=21.5991 30.9206 30.2377 28.1299 27.6019 27.2613 53.9334 31.8665 35.046 35.408 30.599 33.505 30.6286 30.1626 26.7102 26.2209 26.1343 25.8012 29.2846 25.4169 29.5727 27.3511 33.7362 27.3953 25.0672 29.8694 27.1306 33.4732 31.6739 28.2411 24.7969 24.6572 28.9053 27.1085 23.9057 37.1211 26.6061 23.7978 22.5262 27.1996 22.1458 27.544 26.5485 30.3285 21.7055 21.4447 21.2429 20.9707 20.6206 20.4519 45.3463 20.2837 25.2645 26.2888 28.9938 27.914 37.0975 26.7862 30.5524 40.5519 27.5798 34.2271 23.4479
threshold=-0.60271418094634999 -1.5652027130126951 -0.46235871315002436 3.3361092805862431 -0.22043134272098538 0.25007987022399908 0.50350883603096019 0.17824174463748935 -0.94358408451080311 -1.0791534185409544 0.011670858133584263 0.6096424162387849 0.9983637034893037 1.6452201604843142 0.83055564761161815 -0.63697540760040272 -0.3300801813602447 -0.082453489303588853 0.66786894202232372 0.71321925520896923 -0.49956814944744105 -0.014290424995124338 0.86898505687713634 -0.16612777113914487 0.83816292881965648 0.3420307338237763 -0.5731791853904723 -0.63467749953269947 1.419204115867615 -0.1874180734157562 1.5062171816825869 1.0000000180025095e-35 -0.97353404760360707 0.64109107851982128 0.89307826757431041 0.68788525462150585 -0.62560907006263722 0.39807580411434179 -0.67106902599334706 -0.65781632065772999 -0.3883716613054275 1.1278501152992251 1.0000000180025095e-35 -1.0847433805465696 -0.92914167046546925 -1.0748223662376402 -1.7589017152786253 -0.67106902599334706 0.44147975742816931 0.093468397855758681 -0.40755611658096308 4.531510829925538 1.4478982090950014 1.0354095101356509 0.77058812975883495 -1.3879132270812986 -0.26867209374904627 0.55693510174751293 -0.12339419871568678 -0.25684812664985651 -0.13608170300722119 -0.77287405729293812 -1.3677373528480528
decision_type=2 2 2 2 2 2 2 2 2 2 2 2 2 2 2 2 2 2 2 2 2 2 2 2 2 2 2 2 2 2 2 2 2 2 2 2 2 2 2 2 2 2 2 2 2 2 2 2 2 2 2 2 2 2 2 2 2 2 2 2 2 2 2
left_child=1 4 19 5 -1 7 13 8 9 -4 11 -10 17 -7 16 -13 -14 30 -19 21 -21 22 37 -23 25 26 27 -17 29 34 -12 32 -26 -34 35 36 -28 49 39 -32 -11 -42 43 -43 -25 -6 -2 -22 -9 50 -3 52 -48 54 55 -54 -57 58 62 60 61 -60 -58
right_child=46 2 3 -5 45 6 -8 48 10 40 12 15 14 -15 -16 24 -18 18 -20 20 47 23 -24 44 31 -27 28 -29 -30 -31 38 -33 33 -35 -36 -37 -38 -39 -40 -41 41 42 -44 -45 -46 -47 51 -49 -50 -51 -52 -53 53 -55 -56 56 57 -59 59 -61 -62 -63 -64
leaf_value=-0.076013479161417083 0.020065322086141552 0.01626364201863937 0.026837812198707286 -0.073241824628987942 0.040225480468156771 -0.05794730819177029 0.014727677461810527 0.0012646368953074705 0.0067707965112487611 -0.063829521005813003 0.0084527567149627614 -0.068345918786552801 -0.066799655503720926 0.015083855922229217 0.026829542717567635 -0.040012944207043197 0.0047527879078638367 -0.080587194755879471 0.0053133509180231546 0.0012851970739427322 0.031449127233907297 0.031684750057942621 -0.064093697873700659 0.017827006290266883 0.020615386246805117 -0.069178999503691815 -0.00858229754926732 0.037090452924959251 0.012030038769914023 -0.096493610708679151 0.033082514862272067 0.031866639364274765 -0.081131994897950199 0.0043734296836653195 -0.072259242334768145 0.024798046751912457 -0.088355849852440216 -0.069320469540690613 0.025813803909507167 -0.07078533693012759 -0.075500892199297037 0.02493355666442023 0.040834537368087641 -0.053656387311331655 -0.052510235470058945 -0.040547325098727272 0.0020894892509375059 0.091944991527324341 0.062593704648534185 0.046367952364803317 -0.070123294303027647 0.029609329352066623 0.043560041708956471 0.011856926549791643 -0.07652444072285898 -0.06477345470095365 0.0093089507256409812 0.021257792917230803 0.046908396129289251 -0.083902503898455327 0.031729714235385703 -0.055533014352979485 -0.082828460213060895
leaf_weight=26.97176568210125 160.80751156806946 58.220621410757303 26.818044798448682 14.764613124541937 13.571517311036585 85.193448374047875 57.104454658925533 25.367587333545089 179.3740994464606 46.706548920832574 998.93353674095124 25.466794170439243 39.620800798758864 16.780441274866462 17.150489268824458 21.53526047244668 18.59808262810111 18.285572052001953 21.308852046728134 49.511507788673043 41.20013683848083 102.36662306264043 26.468963729217649 22.92497119680047 30.361271798610687 32.824398551136255 22.108195915818214 40.06529513373971 35.688841603696346 19.537129782140255 7.9361347556114152 45.84887008368969 21.653020322322845 15.950170852243899 25.534498393535614 31.591802500188351 20.031687617301941 11.52960538305342 14.180171225219963 28.632260167971257 18.717373667284846 18.73439159616828 20.310252925381064 34.897670852020383 20.749828824773431 20.42528235539794 7733.3493895959109 22.354174958541989 30.165340198203921 24.084637477993965 20.42722126096487 64.577883396297693 18.832895020954311 88.983422871679068 20.521093670278788 37.736221344210207 8.9894649162888509 48.989056749269366 11.45053508505225 14.649191288277505 46.723883530125022 27.419926777482033 28.151908047497272
leaf_count=199 274 191 65 122 19 507 215 81 467 392 2689 120 280 60 50 80 77 120 56 224 122 185 158 41 45 141 46 70 65 92 12 66 93 34 95 56 105 91 42 222 127 72 44 221 115 137 22614 22 47 79 168 192 49 289 143 376 19 214 25 88 116 195 168
internal_value=0.000829321 -0.00315806 -0.00230647 -0.0046788 -0.0383196 -0.00419391 -0.0240951 -0.00256996 -0.00366522 -0.0255932 -0.00155726 -0.0110775 0.00307854 -0.0458776 -0.0277152 -0.0193372 -0.0438875 0.00521616 -0.0343345 0.0103036 0.0303728 0.0023657 -0.0133395 0.0175328 -0.0158647 -0.0247522 -0.0179518 0.0100333 -0.0291418 -0.0415518 0.00671591 0.0035337 -0.015525 -0.0448151 -0.0306018 -0.0160291 -0.0467414 -0.0014927 -0.0273231 -0.0480787 -0.0357303 -0.0214589 -0.00762803 -0.0261155 -0.0155195 -0.00813279 0.00207185 0.0529171 0.0347209 0.00613096 -0.00617072 0.00171598 0.00149222 -0.0115956 -0.0195369 -0.0146732 -0.0196063 -0.0104044 -0.0217383 -0.00730723 0.00582607 -0.0251844 -0.0604287
internal_weight=10899.8 2588.58 2527.62 2127.78 60.9686 2113.01 159.078 1953.93 1898.4 166.184 1732.22 567.571 1164.65 101.974 75.3694 388.197 58.2189 1089.28 39.5944 399.838 113.066 286.772 140.731 146.041 362.73 248.917 216.093 61.6006 154.492 118.803 1049.68 113.813 67.9645 37.6032 99.2662 73.7317 42.1399 114.262 50.7486 36.5684 139.366 92.6597 73.9423 53.6321 43.6748 33.9968 8311.18 63.5543 55.5329 102.732 78.6478 8150.37 8085.8 352.448 263.464 242.943 224.11 186.374 137.385 100.244 85.5943 38.8705 37.1414
internal_count=33589 8827 8472 7076 355 6954 782 6172 6044 921 5123 1575 3548 567 407 1108 357 3141 176 1396 368 1028 687 341 988 750 609 150 459 394 2965 238 172 127 302 207 151 529 276 234 856 464 337 293 156 156 24762 144 128 438 359 24488 24296 1682 1393 1250 1201 825 611 424 336 220 187
is_linear=0
shrinkage=0.05


Tree=107
num_leaves=64
num_cat=0
split_feature=37 44 1 52 52 26 26 44 76 44 75 30 75 41 67 66 34 27 69 19 73 18 72 0 53 32 5 79 79 6 3 44 54 13 65 5 18 54 59 79 44 3 79 68 72 76 67 6 59 55 5 65 79 17 6 59 44 79 44 65 6 19 75
split_gain=19.3007 18.6115 33.7971 24.3016 24.6939 23.0146 23.4848 42.067 34.9015 21.1191 20.8501 30.4298 30.5478 22.6885 21.4479 20.3551 19.0874 22.242 38.778 27.6703 28.915 20.5106 19.442 26.0785 45.3167 22.0873 19.243 31.6313 35.3234 33.3479 26.0192 32.2741 27.4959 23.4958 23.1458 41.6786 44.5531 41.2974 34.183 60.9937 30.5605 27.311 29.0267 28.9381 25.2329 33.0499 34.3844 41.1195 35.6447 31.0647 39.6549 31.8218 29.0061 25.6061 24.4515 23.5499 34.7529 26.9771 23.296 32.0368 25.5315 23.0926 23.0199
threshold=4.9997627735137948 -1.4986153244972227 -1.0621598958969114 1.8072225451469424 -1.4003893733024595 0.88272735476493847 -0.28544816374778742 -1.8241755962371824 -0.19354248791933057 -1.4621720314025877 -0.10983270406723021 -1.2021178901195524 -0.076177697628736482 -0.38483676314353937 -0.86148056387901295 -1.3043946027755735 -1.1483622789382932 -1.0886659026145933 1.0000000180025095e-35 -0.22975001484155652 -0.38371889293193812 -2.6413897275924678 1.141049385070801 -0.98385259509086598 -0.32768267393112177 -1.0337775349617002 0.43654407560825353 2.4853156805038457 2.3325879573822026 0.1845938637852669 -0.78949597477912892 -0.90094503760337818 3.1099760532379155 -1.4007062315940855 0.15754453092813495 -2.2961179018020625 -1.5251398086547849 3.0993283987045293 -0.12485151365399359 -0.51832798123359669 -0.088259216398000703 -1.4010474681854246 2.2816787958145146 -0.35759425163269037 1.0251219570636751 -1.108710706233978 0.036904830485582359 -1.3314334750175474 -0.5648343265056609 -0.004335494013503193 -1.971485912799835 0.70010659098625194 0.72894781827926647 0.042134126648306854 0.44874010980129247 0.43494491279125219 0.47418253123760229 -0.13650885596871373 1.1702497601509096 0.32507246732711798 -0.62571945786476124 -0.85059779882431019 -0.57644355297088612
decision_type=2 2 2 2 2 2 2 2 2 2 2 2 2 2 2 2 2 2 2 2 2 2 2 2 2 2 2 2 2 2 2 2 2 2 2 2 2 2 2 2 2 2 2 2 2 2 2 2 2 2 2 2 2 2 2 2 2 2 2 2 2 2 2
left_child=1 2 -1 4 -4 6 7 8 -6 -3 13 -12 -13 -8 -15 -10 22 18 -18 -20 -21 -19 23 -11 -25 -26 30 28 62 -29 31 33 34 -23 35 -33 40 44 39 -38 -37 -40 43 -43 45 -36 47 -47 49 50 -49 -52 -48 55 -45 56 -46 -57 61 60 -60 -50 -28
right_child=-2 9 3 -5 5 -7 10 -9 15 16 11 12 -14 14 -16 -17 17 21 19 20 -22 26 -24 24 25 -27 27 29 -30 -31 -32 32 -34 -35 37 36 38 -39 41 -41 -42 42 -44 54 53 46 52 48 58 -51 51 -53 -54 -55 -56 57 -58 -59 59 -61 -62 -63 -64
leaf_value=-0.063218406442223346 -0.038648571999785275 0.034631067705462634 -0.069322604560434084 -0.066032994431172345 0.049713784633919629 -0.047675587898788854 -0.033859401500445779 -0.068206510480770532 0.0052186574363228405 0.038113086666280022 0.046042275923346004 -0.060605362414319811 -0.0028396809935362179 0.053648598321202404 0.01354822867664072 -0.051787097907381174 -0.049979190466100026 0.02544231609633979 0.035381119431606212 0.028109411227979289 -0.082101423244150679 0.024867464195726691 0.032315308880189839 -0.049751946667634259 -0.018777665163270563 0.019635969172419637 -0.017735855878106371 -0.066385564728749319 0.049224565129354372 -2.8972890500043404e-05 0.0056890513783078812 0.047367045022328358 -0.050964316366670016 -0.037047210365897178 -0.062742675383060054 0.0041797514835162858 0.014285887544765861 0.055054553549921739 0.050808485867620795 -0.047923868806243254 -0.077832285839108895 0.030928687032013152 0.058087180735861714 -0.064546670320680954 0.026909541624898659 0.058341016624541192 0.018933454637448329 0.047094499378161417 -0.0033866414926734031 0.058499413904596009 -0.056190825176367323 0.017046685604357865 -0.02266729849528 -0.082888100255980271 0.027980253260916257 -0.013507567642245741 -0.043278460148792976 -0.094919322139640841 -0.02559383685826221 -0.07430411541361702 0.05914535489784243 -0.057898346872957973 0.00026678608586659886
leaf_weight=24.662102109752595 29.314011143520474 50.655287561938167 13.415286369621752 15.241174926981328 24.134357796981931 25.387954918667674 19.754696272313595 32.05247004982084 33.869474889710546 53.029232420027256 28.665278380736709 24.988881817087531 263.95386021770537 42.459913801401854 157.54547137580812 28.776909990236163 55.613136123865843 93.334480717778206 36.284938745200634 10.459564037621023 13.440918264910577 17.975824508816004 99.141935613006353 39.054222302511334 50.955357182770967 139.22176711447537 186.44781337305903 37.270664935931563 35.802022345364094 38.684570372104645 4283.8054392663762 64.470678074285388 25.704781841486692 98.316681951284409 21.513834258541465 19.904601596295834 134.08063398487866 28.308624751865864 69.884300688281655 55.660824842751026 25.990344680845737 25.576996322721243 21.469861149787903 25.474448066204786 45.075514797121286 19.102555342018604 250.97412735037506 23.199335724115372 25.535083632916212 21.403544671833515 40.010942332446575 23.337390054017305 50.106921542435884 17.202978752553463 9.7525027580559236 24.866365198045969 28.827930636703968 17.376482345163822 16.19076661020517 11.794604884460567 19.354044808074836 84.049148351885378 3681.8638777900487
leaf_count=195 192 135 113 81 61 199 91 218 124 90 66 165 1146 70 450 176 254 124 51 22 90 49 151 209 168 286 552 198 51 124 11836 155 143 606 147 47 486 46 147 370 110 96 31 167 85 58 709 52 71 32 237 75 204 110 20 78 107 96 85 86 35 718 10581
internal_value=0.00179186 0.00190041 -0.00578364 -0.00377365 -0.00239183 -0.00105716 0.000745839 -0.0193504 -0.00119008 0.00245094 0.00520198 -0.00297736 -0.00787202 0.0170419 0.0221088 -0.0209283 0.00229057 0.00186432 -0.0199059 0.00783663 -0.0337454 0.00212441 0.0132659 0.00654814 -0.000745564 0.00931282 0.00189754 -0.000764044 -0.000140624 -0.0326999 0.00377455 -0.00224111 0.000106589 -0.0274207 0.00119037 0.0101663 0.00395822 -0.00408799 0.0101826 -0.00395269 -0.0422233 0.0278331 0.00821885 -0.00937401 -0.00636462 -0.00202473 0.000209792 -0.0122603 -0.017391 0.00468184 -0.00862189 -0.0291471 0.0119883 -0.0260519 -0.0387826 -0.0175265 -0.000423006 -0.0472592 -0.0326006 -0.00316498 0.0204426 -0.0452564 -0.000600062
internal_weight=11031.8 11002.5 734.908 710.246 695.005 681.589 656.201 118.833 86.7807 10267.6 537.368 317.608 288.943 219.76 200.005 62.6464 10216.9 9835.5 115.799 60.1854 23.9005 9719.7 381.403 282.261 229.231 190.177 9626.37 3980.07 3904.11 75.9552 5646.3 1362.49 1246.2 116.293 1220.5 452.265 387.795 768.23 341.9 189.741 45.8949 152.158 82.2738 60.8039 739.922 606.572 585.058 283.977 264.875 107.951 86.5477 63.3483 301.081 133.349 35.227 116.146 73.9034 42.2428 156.924 47.3394 35.5448 109.584 3868.31
internal_count=33727 33535 3155 2960 2879 2766 2567 579 361 30380 1988 1377 1311 611 520 300 30245 29341 417 163 112 28924 904 753 663 454 28800 11506 11184 322 17294 5458 4803 655 4660 1629 1474 3031 1317 856 157 461 314 283 2985 2509 2362 1449 1391 396 364 312 913 476 187 366 192 174 995 206 120 789 11133
is_linear=0
shrinkage=0.05


Tree=108
num_leaves=64
num_cat=0
split_feature=14 3 0 18 6 52 5 49 62 17 17 76 73 54 13 18 54 18 4 55 55 60 64 54 78 17 52 5 1 76 17 55 53 9 55 34 58 68 74 55 55 20 13 68 64 19 65 2 78 68 55 59 67 19 19 64 64 17 3 66 25 34 67
split_gain=20.1071 33.9471 55.004 34.9879 34.1756 29.502 25.9315 30.5463 24.3816 23.2558 85.5459 39.8814 30.4592 21.9598 45.1457 31.9416 31.7496 36.0239 67.1543 42.9553 42.3087 45.3001 30.2131 28.7148 26.8164 26.6623 26.1809 25.6242 24.9238 24.9033 27.5954 25.1798 24.5218 23.399 39.3723 34.1454 31.819 30.1897 31.537 38.9039 37.7757 32.1913 32.2795 39.1681 28.5349 27.915 29.3765 26.3981 26.0466 31.7207 25.4568 22.8052 22.7472 30.4765 22.3575 24.6186 27.0537 21.7568 24.1592 27.5029 29.5832 27.1352 32.6204
threshold=1.0000000180025095e-35 0.89175626635551464 0.19559822976589206 0.93785163760185253 0.73605707287788402 1.1572164297103884 1.1456050276756289 1.070280194282532 4.281520128250123 -2.230229258537292 0.011670858133584263 0.16589646786451342 -0.42476065456867212 -0.5352891981601714 -0.17258223891258237 0.38870622217655187 -0.40923509001731867 -0.66998395323753346 -0.14748918265104291 -0.10741550102829932 -0.2907904833555221 -0.22493227571249005 -0.80181175470352162 -0.50597962737083424 -0.47740526497364039 -0.34398739039897913 0.75423753261566173 -1.8640781641006468 2.3536486625671391 -0.96128135919570912 0.68437969684600841 0.0016671926132403316 -0.65437489748001088 1.0000000180025095e-35 -0.34029555320739741 0.67850035429000866 -0.61001685261726368 -0.12372460216283797 -0.1193278059363365 -0.27993944287300104 -0.382449060678482 -1.2022125124931333 -1.0936752259731291 -0.16499572247266767 0.023347626440227035 0.42493425309658056 0.54971221089363109 -0.77974724769592274 -0.4902720153331756 0.13765912503004077 -0.30889375507831568 0.17188719660043719 1.5811998248100283 0.78382214903831493 0.91282114386558544 0.29586265981197363 -1.152245759963989 -1.632750868797302 0.5299692451953889 -1.4389667510986326 -1.0382168292999265 -0.40031549334526056 -0.87346583604812611
decision_type=2 2 2 2 2 2 2 2 2 2 2 2 2 2 2 2 2 2 2 2 2 2 2 2 2 2 2 2 2 2 2 2 2 2 2 2 2 2 2 2 2 2 2 2 2 2 2 2 2 2 2 2 2 2 2 2 2 2 2 2 2 2 2
left_child=8 3 9 6 -4 -5 -2 -8 13 -3 11 12 -11 14 15 51 17 18 19 -15 27 -22 23 32 -23 26 -25 -20 57 30 -24 33 -19 35 -35 37 -36 38 44 40 -40 -42 -43 -44 -31 -39 -47 -46 -37 -50 -38 54 53 -48 55 56 -1 58 -18 -60 -61 -62 -63
right_child=1 2 4 5 -6 -7 7 -9 -10 10 -12 -13 -14 16 -16 -17 28 22 20 -21 21 24 29 25 -26 -27 -28 -29 -30 31 -32 -33 -34 34 36 48 50 45 39 -41 41 42 43 -45 47 46 52 -49 49 -51 -52 -53 -54 -55 -56 -57 -58 -59 59 60 61 62 -64
leaf_value=0.0034816400756866248 0.022665845301577042 0.027399386478298083 -0.0769177434398675 -0.066233287062995694 -0.011688277429661626 0.02627571951276347 -0.035820041808446411 0.038604357725185647 0.02744009055369034 0.015407076482430129 0.015385060276790664 -0.089796801280036101 -0.049832106794180944 -0.061563038159356459 0.022193661368457181 -0.044232402958362733 0.023263050937034617 0.061137106963157099 0.057187751491178919 0.021563492890448951 -0.055108593275783616 -0.045808801134642904 -0.06939604023030789 -0.055248999646483811 0.018074089540678004 -0.065707777845795998 0.03672019693036703 0.012128515512867309 0.019903291952501102 0.052645020494257282 0.027849608261670041 -0.043593775036696328 -0.035251665779577182 -0.024358756416205274 -0.04081182344960993 0.046084717281796646 0.066107602417851824 -0.052099281490563393 0.031901098669490993 0.011952667967383175 0.036070090380460787 0.0063589025752008466 -0.06731192223857245 0.032942022043354391 0.029003522464579996 -0.050439668700347266 0.04427222047218439 -0.046891100449861944 -0.070845614248574412 0.026713195876268043 0.015022377822015735 -0.038324857696583003 0.064076073102406345 -0.063427084692574617 0.030436634352796529 0.01743638094800121 -0.086235151454397599 -0.00061199236971283696 0.040288665118758026 0.05074904968257065 -0.027332112886616324 -0.031795174528146779 0.0073641356696713461
leaf_weight=16.941011123359203 486.53588542342186 92.293584890663624 34.882468946278095 22.925673117861152 47.752438850700855 13.60923528857529 42.127754062414169 20.329689063131809 81.639285599812865 33.065354213118553 238.24209080263972 28.381784535944462 38.573515875265002 60.965011902153492 310.26792259886861 46.360032876953483 196.21682629734278 12.428901165723802 34.217622488737106 20.68365016952157 48.069935954175889 20.851210620254278 32.114875374361873 15.449518386274578 75.769869700074196 68.432631492614746 15.263812517747281 405.54998131096363 166.9900348354131 37.021850114688277 9.2868038248270732 45.858375761657953 13.795392836444078 53.422307772561908 14.66129110381007 43.586747644469142 44.060011813417077 87.224215203896165 21.696187876164913 85.489581695757806 13.009706534445284 24.016438193619251 98.608705515041947 10.679431317374108 24.482136627659202 26.50090105086565 12.472445826977493 21.323899397626519 13.693963322788475 20.87181611917913 55.365981723181903 28.5196996293962 15.714297991245983 13.616101080551742 71.364660285413265 40.216604981571436 16.360079903155565 6515.3958920650184 46.573224753141403 27.838567785918713 88.993314422667027 60.383035622537136 439.28603510558605
leaf_count=39 982 125 168 188 129 38 146 26 228 63 468 117 151 295 1026 384 302 27 51 53 182 84 248 89 148 633 32 834 571 79 48 344 97 239 88 134 87 446 46 387 27 93 706 34 45 229 41 105 116 62 203 142 29 137 177 83 89 20116 62 26 233 169 834
internal_value=0.00096859 0.00738139 -0.00199774 0.0156093 -0.0393436 -0.0316596 0.0187693 -0.0114922 0.000246807 0.00516574 -0.000892141 -0.0396899 -0.0196714 1.68556e-05 0.0099114 -0.00740861 -0.000555363 -0.00691491 0.00199375 -0.0404432 0.00793664 -0.0154916 -0.0131652 -0.0360397 0.00420311 -0.0483451 -0.00940934 0.0156581 0.00080696 -0.00967814 -0.0474479 -0.00766981 0.0103002 -0.0054237 0.0109861 -0.0102559 0.0275872 -0.0151401 -0.0066937 -0.0154559 -0.0294308 -0.0385752 -0.0459191 -0.0574484 0.0200495 -0.0333572 -0.00930921 -0.00624366 0.020399 -0.0118854 0.0377544 0.00242744 0.0167043 -0.0117747 0.0105048 -0.00879043 -0.0405707 0.000373607 0.00785173 0.00328086 0.000470932 -0.00190651 0.00261647
internal_weight=10868.3 1098.72 513.191 585.528 82.6349 36.5349 548.993 62.4574 9769.6 430.556 338.263 100.021 71.6389 9687.96 530.03 219.762 9157.93 1616.26 666.107 81.6487 584.459 144.691 950.148 125.37 96.6211 99.146 30.7133 439.768 7541.68 824.778 41.4017 783.376 26.2243 737.518 167.51 570.008 114.087 491.856 336.328 253.5 168.01 146.314 133.305 109.288 82.8279 155.528 68.3037 45.806 78.1525 34.5658 99.426 173.402 41.8028 26.0885 144.882 73.5177 33.3011 7374.69 859.291 663.074 616.501 588.662 499.669
internal_count=33580 2601 1221 1380 297 226 1154 172 30979 924 799 331 214 30751 1940 914 28811 6498 1647 348 1299 414 4851 878 232 754 121 885 22313 3973 296 3677 124 3333 617 2716 378 2404 1522 1293 906 860 833 740 229 882 436 150 312 178 290 530 207 178 388 211 128 21742 1626 1324 1262 1236 1003
is_linear=0
shrinkage=0.05


Tree=109
num_leaves=64
num_cat=0
split_feature=48 32 59 66 5 63 41 49 2 49 54 54 1 4 65 26 2 39 74 69 66 76 34 1 48 47 55 6 17 17 73 32 26 1 44 19 49 54 39 62 49 5 72 76 75 65 5 66 2 4 73 55 17 1 55 60 68 57 47 6 20 41 50
split_gain=39.7826 41.5278 34.7729 39.6719 42.1749 23.5912 21.9371 20.1103 33.3613 28.5333 17.6968 35.0861 32.0476 30.1926 27.6819 31.938 27.3912 27.2635 40.4333 33.5216 32.4056 31.3146 26.9912 26.3018 31.2729 26.2507 32.1519 33.6131 26.3053 32.0977 51.1769 33.2288 28.5647 28.7252 31.8037 27.8285 26.7664 34.3985 35.4916 34.1588 46.5961 34.7428 32.1034 36.0568 51.6718 45.8838 49.1372 28.4079 41.9248 28.2322 26.1545 25.8834 25.6119 26.3333 38.6246 36.857 53.2615 31.2133 25.2143 46.3233 39.6637 29.3236 38.7105
threshold=2.3233754634857182 -0.93640092015266407 -0.20693765580654142 0.85233348608016979 0.79560890793800365 -0.2008731812238693 -0.33787254989147181 2.3875997066497807 0.79502040147781383 2.3876254558563237 -0.46235871315002436 -0.41037999093532557 1.9182403683662417 -0.9672255516052245 0.83527117967605602 0.74238118529319774 0.95580807328224193 -0.25144079327583307 -0.16495331376790998 0.9099317491054536 -1.1257588863372801 -0.43126128613948816 -0.20185405015945432 -0.85365453362464894 -0.89440542459487904 0.195091187953949 -0.081014785915613161 -1.4605274796485899 -0.13185044378042218 -0.80329152941703785 0.38929758965969091 -1.0004969537258146 1.1159496307373049 -1.1602800488471983 0.42559145390987402 0.90375012159347545 -0.21021213382482526 -0.39377886056900019 -0.06740256771445273 -0.16367458552122113 -0.35251423716545099 -0.88833999633789051 0.77886500954628002 -0.68400490283966053 -0.17358139157295224 -0.0080796831753104908 0.11006996408104898 0.39383527636528021 -0.10925242677330969 -1.1612626314163206 2.8541845083236699 -0.10137512907385825 0.92988848686218273 0.83891844749450695 0.74920055270195018 -0.21430701017379758 1.0043525695800783 2.6936535835266118 -0.75229924917221058 -0.90045800805091847 -0.11826141923665999 -0.25282925367355341 1.1213583350181582
decision_type=2 2 2 2 2 2 2 2 2 2 2 2 2 2 2 2 2 2 2 2 2 2 2 2 2 2 2 2 2 2 2 2 2 2 2 2 2 2 2 2 2 2 2 2 2 2 2 2 2 2 2 2 2 2 2 2 2 2 2 2 2 2 2
left_child=7 -2 6 4 5 -4 -3 10 -9 -10 12 13 -1 16 15 17 -12 20 19 -19 -15 -22 -20 -16 -25 28 27 -27 29 31 -31 -13 33 34 -30 -34 37 38 -35 40 42 49 43 -39 -45 46 -46 48 -44 -41 52 -29 53 54 55 -28 57 -57 59 -33 61 62 -61
right_child=1 2 3 -5 -6 -7 -8 8 9 -11 11 25 -14 14 23 -17 -18 18 22 -21 21 -23 -24 24 -26 26 50 51 32 30 -32 58 35 36 -36 -37 -38 39 -40 41 -42 -43 47 44 45 -47 -48 -49 -50 -51 -52 -53 -54 -55 -56 56 -58 -59 -60 60 -62 -63 -64
leaf_value=0.0078674566216339527 0.036721437494792793 -0.0082397289677004649 -0.0073154985520818136 0.030433519785522251 0.023747356505660979 -0.073198272716326146 -0.065524549211598226 0.017062014300141093 -0.088521183705589992 0.0031947097433991283 -0.071144668883261222 0.037100834674160192 -0.048667271665851504 -0.048193302458051757 0.01430567291660146 -0.053696780727901683 0.026290138925743417 -0.022791650281773209 -0.059247075686076157 -0.095777366244347795 -0.035486870294421123 0.02442466324370663 -0.00016677597997492223 0.014278078894909008 -0.083500932274953948 0.040654204527065953 0.0085963088102019754 -0.006165504854000723 -0.083953829869600538 -0.023324305636486145 0.019947760283427277 -0.071450027886340015 -0.02700233433527573 -0.088462240596067609 -0.0042591391537538754 0.041244557795346845 0.011251239252201539 0.024760833667054505 0.027421334171576495 0.045216150167267183 -0.082407729525527301 0.013535051193866839 0.016179949555869624 0.01092420159081651 -0.079516900044291905 -0.053544065540123968 0.02361986023215297 0.028193726966962596 -0.067896112155438601 -0.054805028636844146 -0.053836224630088907 -0.037462413423131266 0.023608502077565405 0.016931208171079196 -0.062905887512525557 -0.062323295117398952 0.016635437779631765 0.034184967480505243 0.010465828072481415 -0.043004699433260914 0.015898128352898409 -0.0024986196213050834 0.0093680434283470396
leaf_weight=1201.2871254207566 29.471505792811513 22.823738360777497 20.528756988234818 41.354013433679938 26.510329643264413 41.286914326250553 64.869938322342932 360.90283383149654 14.153071526437996 20.674991983920336 32.825191740877926 64.780787546187639 25.480971597135067 20.372647678479552 16.400361217558384 31.752489944919944 9.0934813972562534 96.360299593769014 19.959061732515693 18.823891634121537 24.467251494526863 191.10491308383644 538.43278404325247 10.695078037679194 33.198994231410325 37.053186191245914 297.80191516131163 1705.8759662359953 17.326229235157371 312.27436656691134 87.254098527133465 24.69300752133131 106.70836724899709 20.281810456886891 45.026125321164727 17.223789658397436 1973.1150652561337 53.173548191785812 9.6359159741550666 8.835451524704693 19.306781020015478 634.14487704727799 42.511818941682577 89.45143062248826 15.061394993215798 120.00028151459992 48.346755089238286 116.39459265395999 22.602654185146093 32.928413607180119 18.122426329180598 68.711998112499714 176.30336986575276 206.08761820010841 26.659352708607912 66.038104180246592 49.156143685802817 9.4582932963967306 438.13260198757052 112.33205938525498 229.21874364838004 557.22813563607633 51.16684078797698
leaf_count=4339 75 125 109 116 85 348 544 663 75 53 264 88 223 134 46 215 36 351 121 107 128 463 1846 22 210 70 763 5880 117 1070 186 107 494 131 118 76 4495 141 33 22 122 1848 88 203 96 582 142 186 98 183 107 332 644 582 174 403 112 17 927 381 449 1214 95
internal_value=0.00101954 -0.0188177 -0.0263841 -0.00987705 -0.02882 -0.0514468 -0.0506985 0.0014823 0.012541 -0.0340794 0.00105267 0.000282053 0.00668524 -0.00833569 -0.00658727 -0.00447532 -0.0498767 -0.00274573 -0.00787355 -0.0348354 0.0118692 0.0175883 -0.00229771 -0.0394128 -0.0595845 0.0014167 -0.00262996 -0.00639475 0.00346149 -0.00128539 -0.0138589 0.00211179 0.00608971 0.00698446 -0.0265834 -0.0174516 0.00763973 0.00185436 -0.0510048 0.00317748 -0.00635997 0.0106189 -0.00344162 -0.0128308 -0.0201812 -0.0353768 -0.00088621 0.0133939 -0.0129874 -0.0334679 0.00539154 -0.00738218 0.00669472 0.00213298 -0.0046487 -0.000946482 -0.0237734 -0.0501372 0.00050136 -0.00397349 -0.00220689 -0.00797332 -0.0265884
internal_weight=10843.3 246.845 217.374 129.68 88.326 61.8157 87.6937 10596.4 395.731 34.8281 10200.7 8973.91 1226.77 1043.49 1001.57 941.273 41.9187 909.521 673.576 115.184 235.945 215.572 558.392 60.2944 43.8941 7930.42 2661.27 1811.64 5269.16 1877.08 399.528 1477.55 3392.08 3268.14 62.3524 123.932 3205.79 1232.68 29.9177 1202.76 526.849 675.909 507.542 326.033 272.86 183.408 63.4082 181.509 65.1145 41.7639 849.627 1774.59 831.505 655.201 449.114 422.454 124.653 75.4964 1412.77 974.639 949.946 720.727 163.499
internal_count=33474 1402 1327 658 542 457 669 32072 791 128 31281 26719 4562 3943 3643 3365 300 3150 2425 458 725 591 1967 278 232 22776 9084 6282 13692 4517 1256 3261 9175 8605 235 570 8370 3875 164 3711 1658 2053 1536 1164 1023 820 238 372 186 205 2802 6212 2695 2051 1469 1295 532 420 3173 2246 2139 1690 476
is_linear=0
shrinkage=0.05


end of trees

feature_importances:
Column_18=278
Column_19=249
Column_17=230
Column_55=202
Column_6=198
Column_66=196
Column_5=194
Column_64=181
Column_44=180
Column_67=179
Column_73=175
Column_0=173
Column_54=172
Column_76=171
Column_50=166
Column_3=163
Column_51=160
Column_59=160
Column_65=152
Column_4=151
Column_52=147
Column_2=146
Column_79=146
Column_49=142
Column_58=142
Column_53=139
Column_1=138
Column_78=134
Column_61=130
Column_47=123
Column_62=122
Column_75=115
Column_63=113
Column_68=109
Column_60=108
Column_13=78
Column_41=78
Column_48=78
Column_7=76
Column_74=73
Column_72=67
Column_26=58
Column_69=47
Column_27=46
Column_31=43
Column_32=43
Column_33=43
Column_77=41
Column_40=37
Column_20=36
Column_39=34
Column_38=28
Column_70=27
Column_25=25
Column_57=25
Column_22=20
Column_24=20
Column_45=19
Column_34=17
Column_43=17
Column_56=16
Column_12=15
Column_42=14
Column_10=12
Column_9=11
Column_23=10
Column_8=9
Column_11=9
Column_15=9
Column_28=9
Column_71=9
Column_14=8
Column_16=7
Column_30=7
Column_29=6
Column_35=6
Column_21=5
Column_36=3
Column_46=3
Column_37=2

parameters:
[boosting: gbdt]
[objective: binary]
[metric: auc]
[tree_learner: serial]
[device_type: cpu]
[data_sample_strategy: bagging]
[data: ]
[valid: ]
[num_iterations: 3000]
[learning_rate: 0.05]
[num_leaves: 64]
[num_threads: 0]
[seed: 0]
[deterministic: 0]
[force_col_wise: 0]
[force_row_wise: 0]
[histogram_pool_size: -1]
[max_depth: -1]
[min_data_in_leaf: 50]
[min_sum_hessian_in_leaf: 0.001]
[bagging_fraction: 0.8]
[pos_bagging_fraction: 1]
[neg_bagging_fraction: 1]
[bagging_freq: 1]
[bagging_seed: 3]
[bagging_by_query: 0]
[feature_fraction: 0.9]
[feature_fraction_bynode: 1]
[feature_fraction_seed: 2]
[extra_trees: 0]
[extra_seed: 6]
[early_stopping_round: 0]
[early_stopping_min_delta: 0]
[first_metric_only: 0]
[max_delta_step: 0]
[lambda_l1: 0.1]
[lambda_l2: 0.1]
[linear_lambda: 0]
[min_gain_to_split: 0]
[drop_rate: 0.1]
[max_drop: 50]
[skip_drop: 0.5]
[xgboost_dart_mode: 0]
[uniform_drop: 0]
[drop_seed: 4]
[top_rate: 0.2]
[other_rate: 0.1]
[min_data_per_group: 100]
[max_cat_threshold: 32]
[cat_l2: 10]
[cat_smooth: 10]
[max_cat_to_onehot: 4]
[top_k: 20]
[monotone_constraints: ]
[monotone_constraints_method: basic]
[monotone_penalty: 0]
[feature_contri: ]
[forcedsplits_filename: ]
[refit_decay_rate: 0.9]
[cegb_tradeoff: 1]
[cegb_penalty_split: 0]
[cegb_penalty_feature_lazy: ]
[cegb_penalty_feature_coupled: ]
[path_smooth: 0]
[interaction_constraints: ]
[verbosity: -1]
[saved_feature_importance_type: 0]
[use_quantized_grad: 0]
[num_grad_quant_bins: 4]
[quant_train_renew_leaf: 0]
[stochastic_rounding: 1]
[linear_tree: 0]
[max_bin: 255]
[max_bin_by_feature: ]
[min_data_in_bin: 3]
[bin_construct_sample_cnt: 200000]
[data_random_seed: 1]
[is_enable_sparse: 1]
[enable_bundle: 1]
[use_missing: 1]
[zero_as_missing: 0]
[feature_pre_filter: 1]
[pre_partition: 0]
[two_round: 0]
[header: 0]
[label_column: ]
[weight_column: ]
[group_column: ]
[ignore_column: ]
[categorical_feature: ]
[forcedbins_filename: ]
[precise_float_parser: 0]
[parser_config_file: ]
[objective_seed: 5]
[num_class: 1]
[is_unbalance: 0]
[scale_pos_weight: 11.4586]
[sigmoid: 1]
[boost_from_average: 1]
[reg_sqrt: 0]
[alpha: 0.9]
[fair_c: 1]
[poisson_max_delta_step: 0.7]
[tweedie_variance_power: 1.5]
[lambdarank_truncation_level: 30]
[lambdarank_norm: 1]
[label_gain: ]
[lambdarank_position_bias_regularization: 0]
[eval_at: ]
[multi_error_top_k: 1]
[auc_mu_weights: ]
[num_machines: 1]
[local_listen_port: 12400]
[time_out: 120]
[machine_list_filename: ]
[machines: ]
[gpu_platform_id: -1]
[gpu_device_id: -1]
[gpu_use_dp: 0]
[num_gpu: 1]

end of parameters

pandas_categorical:null
